DROP DATABASE IF EXISTS AIRLINE_12_3;
CREATE DATABASE AIRLINE_12_3;

DROP TABLE IF EXISTS Airport CASCADE;
DROP TABLE IF EXISTS Driving_distance CASCADE;
DROP TABLE IF EXISTS Route CASCADE;
DROP TABLE IF EXISTS Flight CASCADE;
DROP TABLE IF EXISTS Aircraft CASCADE;
DROP TABLE IF EXISTS Schedule CASCADE;
DROP TABLE IF EXISTS Time CASCADE;
DROP TABLE IF EXISTS Client CASCADE;
DROP TABLE IF EXISTS Bid CASCADE;
DROP TABLE IF EXISTS Contact CASCADE;
DROP TABLE IF EXISTS lucky CASCADE;

CREATE TABLE Airport(
airport_code varchar(10) PRIMARY KEY,
airport_name varchar(100),
city varchar(20),
state varchar(20)
);

CREATE TABLE Driving_distance(
start_airport varchar(10) REFERENCES Airport(airport_code),
end_airport varchar(10) REFERENCES Airport(airport_code),
miles real,
primary key(start_airport, end_airport)
);

CREATE TABLE Route(
route_code varchar(20) PRIMARY KEY,
departure_airport varchar(10) REFERENCES Airport(airport_code),
arrival_airport varchar(10) REFERENCES Airport(airport_code),
miles real
);

CREATE TABLE Flight(
flight_number varchar(20) PRIMARY KEY,
airline varchar(20),
standard_price int,
route_code varchar(20) REFERENCES Route(route_code)
);

CREATE TABLE Aircraft(
aircraft_id varchar(20) PRIMARY KEY,
model varchar(10),
number_of_seats int,
manufacturer varchar(20)
);

CREATE TABLE Schedule(
flight_number varchar(20),
date date,
time_id varchar(10),
aircraft_id varchar(20) REFERENCES Aircraft(aircraft_id),
seat_sold int,
primary key(flight_number, date)
);

CREATE TABLE Time(
time_id varchar(10) PRIMARY KEY,
departure_time time,
arrival_time time
);

CREATE TABLE Client(
first_name varchar(20),
last_name varchar(13),
client_id int PRIMARY KEY, --changed name varchar(20),
date_of_birth date
);

CREATE TABLE Bid(
client_id int REFERENCES Client(client_id),
bidding int,
willing int,
departure_airport varchar(10) REFERENCES Airport(airport_code),
arrival_airport varchar(10) REFERENCES Airport(airport_code),
date date,
primary key(client_id, bidding, willing, departure_airport, arrival_airport)
);

CREATE TABLE Contact(
client_id int REFERENCES Client(client_id),
phone varchar(20),
email varchar(50),
street_number int,
street_name varchar(50),
-- --delete apt_number varchar(10),
city varchar(50),
state varchar(50),
zip int --changed primary key(client_id, street_number, street_name, city, state)
);

CREATE TABLE lucky(
lucky_number int
);

INSERT INTO lucky
VALUES(0);
insert into Airport values ('ATL', 'Hartsfield–Jackson Atlanta International Airport', 'Atlanta', 'USA');
insert into Airport values ('PEK', 'Beijing Capital International Airport', 'Beijing', 'China');
insert into Airport values ('DXB', 'Dubai International Airport', 'Dubai', 'United Arab Emirates');
insert into Airport values ('ORD', 'OHare International Airport', 'Chicago', 'USA');
insert into Airport values ('HND', 'Tokyo Haneda Airport', 'Tokyo', 'Japan');
insert into Airport values ('LHR', 'London Heathrow Airport', 'London', 'UK');
insert into Airport values ('LAX', 'Los Angeles International Airport', 'Los Angeles', 'USA');
insert into Airport values ('HKG', 'Hong Kong International Airport', 'Hong Kong', 'China');
insert into Airport values ('CDG', 'Paris-Charles de Gaulle Airport', 'Paris', 'France');
insert into Airport values ('IST', 'Istanbul Atatürk Airport', 'Istanbul', 'Turkey');
insert into Airport values ('FRA', 'Frankfurt Airport', 'Frankfurt', 'Germany');
insert into Airport values ('PVG', 'Shanghai Pudong International Airport', 'Shanghai', 'China');
insert into Airport values ('AMS', 'Amsterdam Airport Schiphol', 'Amsterdam', 'The Netherlands');
insert into Airport values ('JFK', 'John F. Kennedy International Airport', 'New York', 'USA');
insert into Airport values ('DFW', 'Dallas/Fort Worth International Airport', 'Dallas', 'USA');
insert into Airport values ('SIN', 'Singapore Changi Airport', 'Changi', 'Singapore');
insert into Airport values ('CAN', 'Guangzhou Baiyun International Airport', 'Guangzhou', 'China');
insert into Airport values ('DEN', 'Denver International Airport', 'Denver', 'USA');
insert into Airport values ('BKK', 'Suvarnabhumi Airport', 'Bankok', 'Thailand');
insert into Airport values ('SFO', 'San Francisco International Airport', 'San Francisco', 'USA');
insert into Airport values ('ICN', 'Seoul Incheon International Airport', 'Incheon', 'Republic of Korea');
insert into Airport values ('KUL', 'Kuala Lumpur International Airport', 'Kuala Lumpur', 'Malaysia');
insert into Airport values ('MAD', 'Madrid Barajas Airport', 'Madrid', 'Spain');
insert into Airport values ('DEL', 'Indira Gandhi International Airport', 'Delhi', 'India');
insert into Airport values ('LAS', 'McCarran International Airport', 'Las Vegas', 'USA');
insert into Airport values ('CLT', 'Charlotte Douglas International Airport', 'Charlotte', 'USA');
insert into Airport values ('MIA', 'Miami International Airport', 'Miami', 'USA');
insert into Airport values ('PHX', 'Phoenix Sky Harbor International Airport', 'Phoenix', 'USA');
insert into Airport values ('IAH', 'George Bush Intercontinental Airport', 'Houston', 'USA');
insert into Airport values ('SEA', 'Seattle-Tacoma International Airport', 'Seattle', 'USA');
insert into Airport values ('CTU', 'Chengdu Shuangliu International Airport', 'Chengdu', 'USA');
insert into Airport values ('YYZ', 'Toronto Pearson International Airport', 'Toronto', 'Canada');
insert into Airport values ('MUC', 'Munich Airport', 'Munich', 'Germany');
insert into Airport values ('BOM', 'Chhatrapati Shivaji International Airport', 'Mumbai', 'India');
insert into Airport values ('FCO', 'Leonardo da Vinci–Fiumicino Airport', 'Rome', 'Italy');
insert into Airport values ('LGW', 'London Gatwick Airport', 'London', 'UK');
insert into Airport values ('SYD', 'Sydney Kingsford-Smith Airport', 'Sydney', 'Australia');
insert into Airport values ('SZX', 'Shenzhen Baoan International Airport', 'Shenzhen', 'China');
insert into Airport values ('BCN', 'Barcelona–El Prat Airport', 'Barcelona', 'Spain');
insert into Airport values ('GRU', 'São Paulo-Guarulhos International Airport', 'São Paulo', 'Brasil');
insert into Airport values ('SHA', 'Shanghai Hongqiao International Airport', 'Shanghai', 'China');
insert into Airport values ('MCO', 'Orlando International Airport', 'Orlando', 'USA');
insert into Airport values ('MEX', 'Benito Juárez International Airport', 'Mexico City', 'Mexico');
insert into Airport values ('KMG', 'Kunming Changshui International Airport', 'Kunming', 'China');
insert into Airport values ('EWR', 'Newark Liberty International Airport', 'Newark', 'USA');
insert into Airport values ('NRT', 'Narita International Airport', 'Tokyo', 'Japan');
insert into Airport values ('MNL', 'Ninoy Aquino International Airport', 'Manila', 'Philippines');
insert into Airport values ('DME', 'Domodedovo International Airport', 'Moscow', 'Russia');
insert into Airport values ('TPE', 'Taiwan Taoyuan International Airport', 'Taipei', 'Taiwan');
insert into Airport values ('TSN', 'Tianjin Binhai International Airport', 'Tianjin', 'China');
insert into route values ('101','LHR', 'ATL', '4206');
insert into route values ('102','LHR', 'PEK', '5560');
insert into route values ('103','LHR', 'DXB', '3312');
insert into route values ('104','LHR', 'ORD', '3723');
insert into route values ('105','LHR', 'HND', '5966');
insert into route values ('106','LHR', 'LAX', '5449');
insert into route values ('107','LHR', 'HKG', '6239');
insert into route values ('108','LHR', 'CDG', '406');
insert into route values ('109','LHR', 'IST', '856');
insert into route values ('110','LHR', 'FRA', '656');
insert into route values ('111','LHR', 'PVG', '5987');
insert into route values ('112','LHR', 'JFK', '3446');
insert into route values ('113','LHR', 'DFW', '4678');
insert into route values ('114','LHR', 'SIN', '6770');
insert into route values ('115','LHR', 'CAN', '6129');
insert into route values ('116','LHR', 'DEN', '5209');
insert into route values ('117','LHR', 'BKK', '6565');
insert into route values ('118','LHR', 'SFO', '5389');
insert into route values ('119','LHR', 'ICN', '5970');
insert into route values ('120','LHR', 'KUL', '6365');
insert into route values ('121','LHR', 'MAD', '890');
insert into route values ('122','LHR', 'DEL', '4186');
insert into route values ('123','LHR', 'LAS', '5509');
insert into route values ('124','LHR', 'CLT', '4178');
insert into route values ('125','LHR', 'MIA', '4986');
insert into route values ('126','LHR', 'PHX', '4786');
insert into route values ('127','LHR', 'IAH', '4008');
insert into route values ('128','LHR', 'SEA', '5069');
insert into route values ('129','LHR', 'CTU', '5164');
insert into route values ('130','LHR', 'YYZ', '3609');
insert into route values ('131','LHR', 'MUC', '609');
insert into route values ('132','LHR', 'BOM', '4398');
insert into route values ('133','LHR', 'SYD', '10587');
insert into route values ('134','LHR', 'SZX', '6209');
insert into route values ('135','LHR', 'BCN', '1120');
insert into route values ('136','LHR', 'GRU', '5886');
insert into route values ('137','LHR', 'MCO', '4333');
insert into route values ('138','LHR', 'MEX', '5008');
insert into route values ('139','LHR', 'KMG', '5908');
insert into route values ('140','LHR', 'EWR', '3450');
insert into route values ('141','LHR', 'MNL', '6329');
insert into route values ('142','LHR', 'DME', '1582');
insert into route values ('143','LHR', 'TPE', '6085');
insert into route values ('144','LHR', 'TSN', '5600');
insert into route values ('201','LGW', 'PEK', '5550');
insert into route values ('202','LGW', 'DXB', '3302');
insert into route values ('203','LGW', 'ORD', '3713');
insert into route values ('204','LGW', 'LAX', '5459');
insert into route values ('205','LGW', 'HKG', '6245');
insert into route values ('206','LGW', 'CDG', '416');
insert into route values ('207','LGW', 'IST', '866');
insert into route values ('208','LGW', 'FRA', '676');
insert into route values ('209','LGW', 'PVG', '5998');
insert into route values ('210','LGW', 'JFK', '3456');
insert into route values ('211','LGW', 'DEN', '5219');
insert into route values ('212','LGW', 'SFO', '5489');insert into aircraft values ('73701','B737-800', '120','Boeing');
insert into aircraft values ('73702','B737-800', '120','Boeing');
insert into aircraft values ('73703','B737-800', '120','Boeing');
insert into aircraft values ('73704','B737-800', '120','Boeing');
insert into aircraft values ('73705','B737-800', '120','Boeing');
insert into aircraft values ('73706','B737-800', '120','Boeing');
insert into aircraft values ('73707','B737-800', '120','Boeing');
insert into aircraft values ('73708','B737-800', '120','Boeing');
insert into aircraft values ('73709','B737-800', '120','Boeing');
insert into aircraft values ('73710','B737-800', '120','Boeing');

insert into aircraft values ('78701','B787-8', '215','Boeing');
insert into aircraft values ('78702','B787-8', '215','Boeing');
insert into aircraft values ('78703','B787-8', '215','Boeing');
insert into aircraft values ('78704','B787-8', '215','Boeing');
insert into aircraft values ('78705','B787-8', '215','Boeing');
insert into aircraft values ('78706','B787-8', '215','Boeing');
insert into aircraft values ('78707','B787-8', '215','Boeing');
insert into aircraft values ('78708','B787-8', '215','Boeing');
insert into aircraft values ('78709','B787-8', '215','Boeing');
insert into aircraft values ('78710','B787-8', '215','Boeing');
insert into aircraft values ('78711','B787-8', '215','Boeing');
insert into aircraft values ('78712','B787-8', '215','Boeing');
insert into aircraft values ('78713','B787-8', '215','Boeing');
insert into aircraft values ('78714','B787-8', '215','Boeing');
insert into aircraft values ('78715','B787-8', '215','Boeing');
insert into aircraft values ('78716','B787-8', '215','Boeing');
insert into aircraft values ('78717','B787-8', '215','Boeing');
insert into aircraft values ('78718','B787-8', '215','Boeing');
insert into aircraft values ('78719','B787-8', '215','Boeing');
insert into aircraft values ('78720','B787-8', '215','Boeing');

insert into aircraft values ('78721','B787-9', '260','Boeing');
insert into aircraft values ('78722','B787-9', '260','Boeing');
insert into aircraft values ('78723','B787-9', '260','Boeing');
insert into aircraft values ('78724','B787-9', '260','Boeing');
insert into aircraft values ('78725','B787-9', '260','Boeing');
insert into aircraft values ('78726','B787-9', '260','Boeing');
insert into aircraft values ('78727','B787-9', '260','Boeing');
insert into aircraft values ('78728','B787-9', '260','Boeing');
insert into aircraft values ('78729','B787-9', '260','Boeing');
insert into aircraft values ('78730','B787-9', '260','Boeing');

insert into aircraft values ('77701','B777-300ER', '310','Boeing');
insert into aircraft values ('77702','B777-300ER', '310','Boeing');
insert into aircraft values ('77703','B777-300ER', '310','Boeing');
insert into aircraft values ('77704','B777-300ER', '310','Boeing');
insert into aircraft values ('77705','B777-300ER', '310','Boeing');
insert into aircraft values ('77706','B777-300ER', '310','Boeing');
insert into aircraft values ('77707','B777-300ER', '310','Boeing');
insert into aircraft values ('77708','B777-300ER', '310','Boeing');
insert into aircraft values ('77709','B777-300ER', '310','Boeing');
insert into aircraft values ('77710','B777-300ER', '310','Boeing');
insert into aircraft values ('77711','B777-300ER', '310','Boeing');
insert into aircraft values ('77712','B777-300ER', '310','Boeing');
insert into aircraft values ('77713','B777-300ER', '310','Boeing');
insert into aircraft values ('77714','B777-300ER', '310','Boeing');
insert into aircraft values ('77715','B777-300ER', '310','Boeing');
insert into aircraft values ('77716','B777-300ER', '310','Boeing');
insert into aircraft values ('77717','B777-300ER', '310','Boeing');
insert into aircraft values ('77718','B777-300ER', '310','Boeing');
insert into aircraft values ('77719','B777-300ER', '310','Boeing');
insert into aircraft values ('77720','B777-300ER', '310','Boeing');

insert into aircraft values ('32001','A320-200', '115','Airbus');
insert into aircraft values ('32002','A320-200', '115','Airbus');
insert into aircraft values ('32003','A320-200', '115','Airbus');
insert into aircraft values ('32004','A320-200', '115','Airbus');
insert into aircraft values ('32005','A320-200', '115','Airbus');
insert into aircraft values ('32006','A320-200', '115','Airbus');
insert into aircraft values ('32007','A320-200', '115','Airbus');
insert into aircraft values ('32008','A320-200', '115','Airbus');
insert into aircraft values ('32009','A320-200', '115','Airbus');
insert into aircraft values ('32010','A320-200', '115','Airbus');

insert into aircraft values ('35001','A350-900', '275','Airbus');
insert into aircraft values ('35002','A350-900', '275','Airbus');
insert into aircraft values ('35003','A350-900', '275','Airbus');
insert into aircraft values ('35004','A350-900', '275','Airbus');
insert into aircraft values ('35005','A350-900', '275','Airbus');
insert into aircraft values ('35006','A350-900', '275','Airbus');
insert into aircraft values ('35007','A350-900', '275','Airbus');
insert into aircraft values ('35008','A350-900', '275','Airbus');
insert into aircraft values ('35009','A350-900', '275','Airbus');
insert into aircraft values ('35010','A350-900', '275','Airbus');
insert into aircraft values ('35011','A350-900', '275','Airbus');
insert into aircraft values ('35012','A350-900', '275','Airbus');
insert into aircraft values ('35013','A350-900', '275','Airbus');
insert into aircraft values ('35014','A350-900', '275','Airbus');
insert into aircraft values ('35015','A350-900', '275','Airbus');
insert into aircraft values ('35016','A350-900', '275','Airbus');
insert into aircraft values ('35017','A350-900', '275','Airbus');
insert into aircraft values ('35018','A350-900', '275','Airbus');
insert into aircraft values ('35019','A350-900', '275','Airbus');
insert into aircraft values ('35020','A350-900', '275','Airbus');

insert into aircraft values ('38001','A380-800', '385','Airbus');
insert into aircraft values ('38002','A380-800', '385','Airbus');
insert into aircraft values ('38003','A380-800', '385','Airbus');
insert into aircraft values ('38004','A380-800', '385','Airbus');
insert into aircraft values ('38005','A380-800', '385','Airbus');
insert into aircraft values ('38006','A380-800', '385','Airbus');
insert into aircraft values ('38007','A380-800', '385','Airbus');
insert into aircraft values ('38008','A380-800', '385','Airbus');
insert into aircraft values ('38009','A380-800', '385','Airbus');
insert into aircraft values ('38010','A380-800', '385','Airbus');

insert into client (client_id, first_name, last_name, date_of_birth) values (1, 'Joyce', 'Dean', '01/17/1980');
insert into client (client_id, first_name, last_name, date_of_birth) values (2, 'Carl', 'Elliott', '12/11/1989');
insert into client (client_id, first_name, last_name, date_of_birth) values (3, 'Helen', 'Harvey', '05/18/1997');
insert into client (client_id, first_name, last_name, date_of_birth) values (4, 'Paul', 'Jordan', '10/08/1973');
insert into client (client_id, first_name, last_name, date_of_birth) values (5, 'Frank', 'Jacobs', '04/03/1971');
insert into client (client_id, first_name, last_name, date_of_birth) values (6, 'Clarence', 'Williams', '05/30/1996');
insert into client (client_id, first_name, last_name, date_of_birth) values (7, 'Deborah', 'Vasquez', '02/21/1961');
insert into client (client_id, first_name, last_name, date_of_birth) values (8, 'Joyce', 'Thompson', '08/09/1970');
insert into client (client_id, first_name, last_name, date_of_birth) values (9, 'Judith', 'Sims', '11/16/1961');
insert into client (client_id, first_name, last_name, date_of_birth) values (10, 'Antonio', 'Willis', '05/05/1967');
insert into client (client_id, first_name, last_name, date_of_birth) values (11, 'Harold', 'Freeman', '10/19/1982');
insert into client (client_id, first_name, last_name, date_of_birth) values (12, 'Emily', 'Collins', '12/13/1972');
insert into client (client_id, first_name, last_name, date_of_birth) values (13, 'Elizabeth', 'Reynolds', '09/08/1981');
insert into client (client_id, first_name, last_name, date_of_birth) values (14, 'Kathryn', 'Adams', '04/08/1971');
insert into client (client_id, first_name, last_name, date_of_birth) values (15, 'Christine', 'Stewart', '03/10/1963');
insert into client (client_id, first_name, last_name, date_of_birth) values (16, 'Stephanie', 'Welch', '01/08/1968');
insert into client (client_id, first_name, last_name, date_of_birth) values (17, 'Debra', 'Black', '05/12/1962');
insert into client (client_id, first_name, last_name, date_of_birth) values (18, 'Marilyn', 'Cook', '12/05/1972');
insert into client (client_id, first_name, last_name, date_of_birth) values (19, 'Harry', 'Garza', '06/10/1998');
insert into client (client_id, first_name, last_name, date_of_birth) values (20, 'Jennifer', 'Bryant', '10/03/1990');
insert into client (client_id, first_name, last_name, date_of_birth) values (21, 'Peter', 'Boyd', '10/15/1969');
insert into client (client_id, first_name, last_name, date_of_birth) values (22, 'Irene', 'Wagner', '07/17/1991');
insert into client (client_id, first_name, last_name, date_of_birth) values (23, 'Virginia', 'Dunn', '04/02/1984');
insert into client (client_id, first_name, last_name, date_of_birth) values (24, 'Joshua', 'Bradley', '05/06/1964');
insert into client (client_id, first_name, last_name, date_of_birth) values (25, 'Daniel', 'George', '11/30/1975');
insert into client (client_id, first_name, last_name, date_of_birth) values (26, 'Sean', 'Hart', '01/31/1980');
insert into client (client_id, first_name, last_name, date_of_birth) values (27, 'Harold', 'Watkins', '07/03/1989');
insert into client (client_id, first_name, last_name, date_of_birth) values (28, 'Sean', 'Mills', '12/22/1968');
insert into client (client_id, first_name, last_name, date_of_birth) values (29, 'Kathleen', 'Ross', '09/04/1975');
insert into client (client_id, first_name, last_name, date_of_birth) values (30, 'Deborah', 'Price', '05/03/1973');
insert into client (client_id, first_name, last_name, date_of_birth) values (31, 'Richard', 'Warren', '12/03/1985');
insert into client (client_id, first_name, last_name, date_of_birth) values (32, 'Joan', 'Lopez', '10/24/1963');
insert into client (client_id, first_name, last_name, date_of_birth) values (33, 'Sean', 'Lawrence', '02/12/1973');
insert into client (client_id, first_name, last_name, date_of_birth) values (34, 'Anthony', 'Gonzalez', '05/03/2000');
insert into client (client_id, first_name, last_name, date_of_birth) values (35, 'Walter', 'Torres', '11/02/1986');
insert into client (client_id, first_name, last_name, date_of_birth) values (36, 'Steven', 'Ryan', '07/25/1992');
insert into client (client_id, first_name, last_name, date_of_birth) values (37, 'Rose', 'Bishop', '02/22/1977');
insert into client (client_id, first_name, last_name, date_of_birth) values (38, 'Jason', 'Morales', '12/07/1967');
insert into client (client_id, first_name, last_name, date_of_birth) values (39, 'Wayne', 'Wright', '02/28/1964');
insert into client (client_id, first_name, last_name, date_of_birth) values (40, 'Nicole', 'Fernandez', '01/10/1987');
insert into client (client_id, first_name, last_name, date_of_birth) values (41, 'Wanda', 'Spencer', '03/23/1965');
insert into client (client_id, first_name, last_name, date_of_birth) values (42, 'Linda', 'Stevens', '12/28/1963');
insert into client (client_id, first_name, last_name, date_of_birth) values (43, 'Denise', 'Ortiz', '09/29/1993');
insert into client (client_id, first_name, last_name, date_of_birth) values (44, 'Judy', 'Myers', '09/21/1980');
insert into client (client_id, first_name, last_name, date_of_birth) values (45, 'Gerald', 'Thomas', '04/01/1977');
insert into client (client_id, first_name, last_name, date_of_birth) values (46, 'Frances', 'Gibson', '09/24/1962');
insert into client (client_id, first_name, last_name, date_of_birth) values (47, 'Virginia', 'Patterson', '02/01/1971');
insert into client (client_id, first_name, last_name, date_of_birth) values (48, 'Lisa', 'Russell', '10/04/1971');
insert into client (client_id, first_name, last_name, date_of_birth) values (49, 'Joe', 'Bennett', '04/10/1981');
insert into client (client_id, first_name, last_name, date_of_birth) values (50, 'Jeffrey', 'Stone', '03/16/1977');
insert into client (client_id, first_name, last_name, date_of_birth) values (51, 'Phyllis', 'Rivera', '01/25/1971');
insert into client (client_id, first_name, last_name, date_of_birth) values (52, 'Christopher', 'Mitchell', '12/23/1967');
insert into client (client_id, first_name, last_name, date_of_birth) values (53, 'Russell', 'Carpenter', '12/16/1987');
insert into client (client_id, first_name, last_name, date_of_birth) values (54, 'Steven', 'Chapman', '05/15/1991');
insert into client (client_id, first_name, last_name, date_of_birth) values (55, 'Phyllis', 'Bradley', '08/26/1970');
insert into client (client_id, first_name, last_name, date_of_birth) values (56, 'Teresa', 'Schmidt', '05/17/1983');
insert into client (client_id, first_name, last_name, date_of_birth) values (57, 'Ernest', 'Jones', '06/01/1992');
insert into client (client_id, first_name, last_name, date_of_birth) values (58, 'Judy', 'Oliver', '08/15/1991');
insert into client (client_id, first_name, last_name, date_of_birth) values (59, 'Deborah', 'Wheeler', '07/22/1996');
insert into client (client_id, first_name, last_name, date_of_birth) values (60, 'Lois', 'West', '08/02/1997');
insert into client (client_id, first_name, last_name, date_of_birth) values (61, 'Tammy', 'Gray', '08/02/1974');
insert into client (client_id, first_name, last_name, date_of_birth) values (62, 'Tina', 'Porter', '11/13/1986');
insert into client (client_id, first_name, last_name, date_of_birth) values (63, 'Steve', 'Wood', '07/30/1976');
insert into client (client_id, first_name, last_name, date_of_birth) values (64, 'George', 'Greene', '10/13/2000');
insert into client (client_id, first_name, last_name, date_of_birth) values (65, 'Scott', 'King', '03/05/1996');
insert into client (client_id, first_name, last_name, date_of_birth) values (66, 'Frances', 'Woods', '01/06/1970');
insert into client (client_id, first_name, last_name, date_of_birth) values (67, 'Pamela', 'Watkins', '07/28/1991');
insert into client (client_id, first_name, last_name, date_of_birth) values (68, 'Helen', 'Pierce', '11/01/1971');
insert into client (client_id, first_name, last_name, date_of_birth) values (69, 'Kathryn', 'Carr', '07/28/1976');
insert into client (client_id, first_name, last_name, date_of_birth) values (70, 'Kathleen', 'Lane', '11/25/1995');
insert into client (client_id, first_name, last_name, date_of_birth) values (71, 'Aaron', 'Garrett', '10/11/1997');
insert into client (client_id, first_name, last_name, date_of_birth) values (72, 'Scott', 'Owens', '02/16/1978');
insert into client (client_id, first_name, last_name, date_of_birth) values (73, 'Amy', 'Morgan', '09/05/1978');
insert into client (client_id, first_name, last_name, date_of_birth) values (74, 'Matthew', 'Jackson', '06/17/1977');
insert into client (client_id, first_name, last_name, date_of_birth) values (75, 'Wayne', 'Pierce', '01/15/1964');
insert into client (client_id, first_name, last_name, date_of_birth) values (76, 'Justin', 'Hamilton', '08/06/1985');
insert into client (client_id, first_name, last_name, date_of_birth) values (77, 'Joyce', 'Robinson', '02/06/1997');
insert into client (client_id, first_name, last_name, date_of_birth) values (78, 'Brenda', 'Hall', '08/06/1991');
insert into client (client_id, first_name, last_name, date_of_birth) values (79, 'Albert', 'Kennedy', '12/10/1962');
insert into client (client_id, first_name, last_name, date_of_birth) values (80, 'Stephen', 'Nguyen', '08/08/1963');
insert into client (client_id, first_name, last_name, date_of_birth) values (81, 'Pamela', 'Grant', '04/22/1963');
insert into client (client_id, first_name, last_name, date_of_birth) values (82, 'Ryan', 'Rivera', '11/04/1998');
insert into client (client_id, first_name, last_name, date_of_birth) values (83, 'Henry', 'Griffin', '10/14/1970');
insert into client (client_id, first_name, last_name, date_of_birth) values (84, 'Janet', 'Burke', '07/21/1973');
insert into client (client_id, first_name, last_name, date_of_birth) values (85, 'Stephanie', 'Carroll', '04/29/1967');
insert into client (client_id, first_name, last_name, date_of_birth) values (86, 'John', 'Bennett', '01/29/1983');
insert into client (client_id, first_name, last_name, date_of_birth) values (87, 'Joseph', 'Lynch', '11/06/1984');
insert into client (client_id, first_name, last_name, date_of_birth) values (88, 'Aaron', 'Black', '05/20/1960');
insert into client (client_id, first_name, last_name, date_of_birth) values (89, 'Lois', 'Gilbert', '03/11/1987');
insert into client (client_id, first_name, last_name, date_of_birth) values (90, 'Keith', 'Sullivan', '05/13/1978');
insert into client (client_id, first_name, last_name, date_of_birth) values (91, 'Adam', 'Evans', '12/22/1995');
insert into client (client_id, first_name, last_name, date_of_birth) values (92, 'Teresa', 'Nichols', '09/13/1971');
insert into client (client_id, first_name, last_name, date_of_birth) values (93, 'Ryan', 'Shaw', '03/20/1977');
insert into client (client_id, first_name, last_name, date_of_birth) values (94, 'Jimmy', 'Greene', '08/03/1992');
insert into client (client_id, first_name, last_name, date_of_birth) values (95, 'Sarah', 'Adams', '01/19/1971');
insert into client (client_id, first_name, last_name, date_of_birth) values (96, 'Lori', 'Stewart', '08/10/1974');
insert into client (client_id, first_name, last_name, date_of_birth) values (97, 'Daniel', 'Nichols', '05/15/1977');
insert into client (client_id, first_name, last_name, date_of_birth) values (98, 'Larry', 'Coleman', '04/26/1960');
insert into client (client_id, first_name, last_name, date_of_birth) values (99, 'Eugene', 'Thomas', '12/25/1990');
insert into client (client_id, first_name, last_name, date_of_birth) values (100, 'Joyce', 'Kennedy', '12/13/1999');
insert into client (client_id, first_name, last_name, date_of_birth) values (101, 'Adam', 'Fuller', '08/21/1997');
insert into client (client_id, first_name, last_name, date_of_birth) values (102, 'Craig', 'Dunn', '04/07/1992');
insert into client (client_id, first_name, last_name, date_of_birth) values (103, 'Jennifer', 'Young', '10/16/1995');
insert into client (client_id, first_name, last_name, date_of_birth) values (104, 'Walter', 'Coleman', '02/27/1993');
insert into client (client_id, first_name, last_name, date_of_birth) values (105, 'Stephen', 'Morrison', '10/05/1970');
insert into client (client_id, first_name, last_name, date_of_birth) values (106, 'Andrea', 'Knight', '11/01/1966');
insert into client (client_id, first_name, last_name, date_of_birth) values (107, 'Todd', 'Burns', '03/11/1963');
insert into client (client_id, first_name, last_name, date_of_birth) values (108, 'Martin', 'Simmons', '07/21/1973');
insert into client (client_id, first_name, last_name, date_of_birth) values (109, 'Samuel', 'Hart', '07/19/1993');
insert into client (client_id, first_name, last_name, date_of_birth) values (110, 'James', 'Dean', '02/13/1978');
insert into client (client_id, first_name, last_name, date_of_birth) values (111, 'Joseph', 'Nelson', '01/15/1974');
insert into client (client_id, first_name, last_name, date_of_birth) values (112, 'Catherine', 'Diaz', '09/19/1992');
insert into client (client_id, first_name, last_name, date_of_birth) values (113, 'Roger', 'Wilson', '09/10/1972');
insert into client (client_id, first_name, last_name, date_of_birth) values (114, 'Judith', 'Lawson', '02/12/1974');
insert into client (client_id, first_name, last_name, date_of_birth) values (115, 'Sara', 'Austin', '08/07/1996');
insert into client (client_id, first_name, last_name, date_of_birth) values (116, 'Helen', 'Schmidt', '02/18/1996');
insert into client (client_id, first_name, last_name, date_of_birth) values (117, 'Joan', 'Sims', '08/13/1995');
insert into client (client_id, first_name, last_name, date_of_birth) values (118, 'Bonnie', 'Bell', '04/03/1982');
insert into client (client_id, first_name, last_name, date_of_birth) values (119, 'Emily', 'Stewart', '07/23/1976');
insert into client (client_id, first_name, last_name, date_of_birth) values (120, 'Martha', 'Thompson', '07/17/1974');
insert into client (client_id, first_name, last_name, date_of_birth) values (121, 'Terry', 'Price', '12/13/1962');
insert into client (client_id, first_name, last_name, date_of_birth) values (122, 'Jose', 'Kelly', '08/05/1993');
insert into client (client_id, first_name, last_name, date_of_birth) values (123, 'Maria', 'Hudson', '11/05/1974');
insert into client (client_id, first_name, last_name, date_of_birth) values (124, 'Jack', 'Griffin', '12/08/1990');
insert into client (client_id, first_name, last_name, date_of_birth) values (125, 'Melissa', 'Kennedy', '03/04/1988');
insert into client (client_id, first_name, last_name, date_of_birth) values (126, 'Deborah', 'Graham', '02/15/1998');
insert into client (client_id, first_name, last_name, date_of_birth) values (127, 'Cheryl', 'Chavez', '10/01/1977');
insert into client (client_id, first_name, last_name, date_of_birth) values (128, 'Pamela', 'Holmes', '11/02/1976');
insert into client (client_id, first_name, last_name, date_of_birth) values (129, 'Steven', 'Walker', '01/24/1969');
insert into client (client_id, first_name, last_name, date_of_birth) values (130, 'Ernest', 'Dean', '04/20/1990');
insert into client (client_id, first_name, last_name, date_of_birth) values (131, 'Michael', 'Hunt', '12/30/1997');
insert into client (client_id, first_name, last_name, date_of_birth) values (132, 'Peter', 'Gonzalez', '12/10/1983');
insert into client (client_id, first_name, last_name, date_of_birth) values (133, 'Andrew', 'Mendoza', '07/10/1987');
insert into client (client_id, first_name, last_name, date_of_birth) values (134, 'Nancy', 'Harvey', '05/02/2000');
insert into client (client_id, first_name, last_name, date_of_birth) values (135, 'Michael', 'Smith', '11/23/1969');
insert into client (client_id, first_name, last_name, date_of_birth) values (136, 'Andrew', 'Dean', '11/21/1978');
insert into client (client_id, first_name, last_name, date_of_birth) values (137, 'Betty', 'Wood', '03/24/1993');
insert into client (client_id, first_name, last_name, date_of_birth) values (138, 'Deborah', 'Hamilton', '03/12/1990');
insert into client (client_id, first_name, last_name, date_of_birth) values (139, 'Helen', 'Richards', '05/18/1979');
insert into client (client_id, first_name, last_name, date_of_birth) values (140, 'Edward', 'Snyder', '10/13/1982');
insert into client (client_id, first_name, last_name, date_of_birth) values (141, 'Kevin', 'Adams', '08/13/1978');
insert into client (client_id, first_name, last_name, date_of_birth) values (142, 'Russell', 'Peters', '05/25/1964');
insert into client (client_id, first_name, last_name, date_of_birth) values (143, 'Louise', 'Gomez', '01/03/1999');
insert into client (client_id, first_name, last_name, date_of_birth) values (144, 'Ann', 'Peters', '12/22/1995');
insert into client (client_id, first_name, last_name, date_of_birth) values (145, 'Helen', 'Hayes', '11/26/1998');
insert into client (client_id, first_name, last_name, date_of_birth) values (146, 'Wanda', 'Kennedy', '06/19/1979');
insert into client (client_id, first_name, last_name, date_of_birth) values (147, 'Janice', 'Jacobs', '09/07/1989');
insert into client (client_id, first_name, last_name, date_of_birth) values (148, 'Julia', 'Garcia', '04/17/1994');
insert into client (client_id, first_name, last_name, date_of_birth) values (149, 'Dorothy', 'Weaver', '08/19/1998');
insert into client (client_id, first_name, last_name, date_of_birth) values (150, 'Matthew', 'Dunn', '07/04/1993');
insert into client (client_id, first_name, last_name, date_of_birth) values (151, 'Harold', 'Morris', '12/07/1977');
insert into client (client_id, first_name, last_name, date_of_birth) values (152, 'William', 'Knight', '07/12/1966');
insert into client (client_id, first_name, last_name, date_of_birth) values (153, 'Eric', 'Lane', '08/06/1977');
insert into client (client_id, first_name, last_name, date_of_birth) values (154, 'Alan', 'Ramos', '03/08/1976');
insert into client (client_id, first_name, last_name, date_of_birth) values (155, 'Sara', 'Bradley', '06/28/1972');
insert into client (client_id, first_name, last_name, date_of_birth) values (156, 'Tammy', 'Adams', '10/03/1998');
insert into client (client_id, first_name, last_name, date_of_birth) values (157, 'David', 'Schmidt', '06/07/1980');
insert into client (client_id, first_name, last_name, date_of_birth) values (158, 'Paul', 'Austin', '04/25/1984');
insert into client (client_id, first_name, last_name, date_of_birth) values (159, 'Lisa', 'Smith', '09/06/1997');
insert into client (client_id, first_name, last_name, date_of_birth) values (160, 'Douglas', 'Woods', '10/31/1979');
insert into client (client_id, first_name, last_name, date_of_birth) values (161, 'Jesse', 'White', '08/19/1993');
insert into client (client_id, first_name, last_name, date_of_birth) values (162, 'Donna', 'Snyder', '12/19/1980');
insert into client (client_id, first_name, last_name, date_of_birth) values (163, 'Sean', 'Stone', '11/26/1968');
insert into client (client_id, first_name, last_name, date_of_birth) values (164, 'Dorothy', 'Crawford', '12/14/1972');
insert into client (client_id, first_name, last_name, date_of_birth) values (165, 'Samuel', 'Little', '11/26/1976');
insert into client (client_id, first_name, last_name, date_of_birth) values (166, 'Pamela', 'Davis', '05/27/1978');
insert into client (client_id, first_name, last_name, date_of_birth) values (167, 'Phyllis', 'Nguyen', '05/27/1999');
insert into client (client_id, first_name, last_name, date_of_birth) values (168, 'Kevin', 'Palmer', '11/26/1967');
insert into client (client_id, first_name, last_name, date_of_birth) values (169, 'Bonnie', 'Fox', '01/20/1977');
insert into client (client_id, first_name, last_name, date_of_birth) values (170, 'Antonio', 'Frazier', '01/25/1996');
insert into client (client_id, first_name, last_name, date_of_birth) values (171, 'Arthur', 'Simmons', '09/14/1964');
insert into client (client_id, first_name, last_name, date_of_birth) values (172, 'Jessica', 'Murphy', '05/23/1960');
insert into client (client_id, first_name, last_name, date_of_birth) values (173, 'Diana', 'Graham', '12/19/1967');
insert into client (client_id, first_name, last_name, date_of_birth) values (174, 'Billy', 'Gibson', '11/24/1978');
insert into client (client_id, first_name, last_name, date_of_birth) values (175, 'Ann', 'Hawkins', '10/02/1975');
insert into client (client_id, first_name, last_name, date_of_birth) values (176, 'Judy', 'Bennett', '09/04/1996');
insert into client (client_id, first_name, last_name, date_of_birth) values (177, 'Theresa', 'Peters', '02/01/1973');
insert into client (client_id, first_name, last_name, date_of_birth) values (178, 'Roger', 'Anderson', '05/06/1980');
insert into client (client_id, first_name, last_name, date_of_birth) values (179, 'Jonathan', 'Nichols', '01/15/1960');
insert into client (client_id, first_name, last_name, date_of_birth) values (180, 'Laura', 'Wells', '01/24/1961');
insert into client (client_id, first_name, last_name, date_of_birth) values (181, 'Harry', 'Alvarez', '10/18/1961');
insert into client (client_id, first_name, last_name, date_of_birth) values (182, 'Martha', 'Fisher', '12/20/1989');
insert into client (client_id, first_name, last_name, date_of_birth) values (183, 'Norma', 'Armstrong', '07/01/1994');
insert into client (client_id, first_name, last_name, date_of_birth) values (184, 'Tina', 'Robinson', '08/19/1963');
insert into client (client_id, first_name, last_name, date_of_birth) values (185, 'Barbara', 'Sims', '11/15/1977');
insert into client (client_id, first_name, last_name, date_of_birth) values (186, 'Maria', 'Hughes', '05/12/1991');
insert into client (client_id, first_name, last_name, date_of_birth) values (187, 'Daniel', 'Brooks', '01/16/1983');
insert into client (client_id, first_name, last_name, date_of_birth) values (188, 'Wayne', 'Brown', '10/05/1962');
insert into client (client_id, first_name, last_name, date_of_birth) values (189, 'Christina', 'Parker', '01/21/2000');
insert into client (client_id, first_name, last_name, date_of_birth) values (190, 'Ruby', 'Castillo', '08/23/1971');
insert into client (client_id, first_name, last_name, date_of_birth) values (191, 'Justin', 'Richardson', '03/11/1994');
insert into client (client_id, first_name, last_name, date_of_birth) values (192, 'Nicholas', 'Hudson', '01/29/1989');
insert into client (client_id, first_name, last_name, date_of_birth) values (193, 'Irene', 'Mendoza', '05/05/1995');
insert into client (client_id, first_name, last_name, date_of_birth) values (194, 'Jonathan', 'Grant', '10/20/1992');
insert into client (client_id, first_name, last_name, date_of_birth) values (195, 'Karen', 'Kim', '04/01/1962');
insert into client (client_id, first_name, last_name, date_of_birth) values (196, 'Jerry', 'Shaw', '07/04/1961');
insert into client (client_id, first_name, last_name, date_of_birth) values (197, 'Kevin', 'Garcia', '07/31/1989');
insert into client (client_id, first_name, last_name, date_of_birth) values (198, 'Elizabeth', 'Harper', '04/17/1969');
insert into client (client_id, first_name, last_name, date_of_birth) values (199, 'Terry', 'Spencer', '12/31/1975');
insert into client (client_id, first_name, last_name, date_of_birth) values (200, 'Matthew', 'Kelley', '01/11/1979');
insert into client (client_id, first_name, last_name, date_of_birth) values (201, 'Kimberly', 'Kelly', '12/30/1977');
insert into client (client_id, first_name, last_name, date_of_birth) values (202, 'David', 'Alvarez', '07/12/1988');
insert into client (client_id, first_name, last_name, date_of_birth) values (203, 'Timothy', 'Mason', '05/06/1981');
insert into client (client_id, first_name, last_name, date_of_birth) values (204, 'Justin', 'Larson', '10/17/1995');
insert into client (client_id, first_name, last_name, date_of_birth) values (205, 'James', 'Gray', '05/13/1978');
insert into client (client_id, first_name, last_name, date_of_birth) values (206, 'William', 'Rice', '07/19/1979');
insert into client (client_id, first_name, last_name, date_of_birth) values (207, 'Sarah', 'Bowman', '07/15/1996');
insert into client (client_id, first_name, last_name, date_of_birth) values (208, 'Jimmy', 'Kim', '12/25/1973');
insert into client (client_id, first_name, last_name, date_of_birth) values (209, 'Melissa', 'Jenkins', '07/25/1976');
insert into client (client_id, first_name, last_name, date_of_birth) values (210, 'Shirley', 'Medina', '11/29/1982');
insert into client (client_id, first_name, last_name, date_of_birth) values (211, 'Victor', 'Cook', '10/12/1987');
insert into client (client_id, first_name, last_name, date_of_birth) values (212, 'Christina', 'Henry', '10/25/1982');
insert into client (client_id, first_name, last_name, date_of_birth) values (213, 'Doris', 'Mills', '10/24/1971');
insert into client (client_id, first_name, last_name, date_of_birth) values (214, 'Joyce', 'Warren', '01/19/1972');
insert into client (client_id, first_name, last_name, date_of_birth) values (215, 'Brian', 'Sanders', '12/01/1987');
insert into client (client_id, first_name, last_name, date_of_birth) values (216, 'David', 'Hill', '09/19/1995');
insert into client (client_id, first_name, last_name, date_of_birth) values (217, 'Joan', 'Carpenter', '08/05/1999');
insert into client (client_id, first_name, last_name, date_of_birth) values (218, 'Robert', 'Andrews', '07/22/1986');
insert into client (client_id, first_name, last_name, date_of_birth) values (219, 'Randy', 'Little', '01/27/1978');
insert into client (client_id, first_name, last_name, date_of_birth) values (220, 'Nicholas', 'Martinez', '10/25/2000');
insert into client (client_id, first_name, last_name, date_of_birth) values (221, 'Tammy', 'Peters', '04/18/1987');
insert into client (client_id, first_name, last_name, date_of_birth) values (222, 'Theresa', 'Diaz', '11/18/1991');
insert into client (client_id, first_name, last_name, date_of_birth) values (223, 'Katherine', 'Stone', '05/09/1985');
insert into client (client_id, first_name, last_name, date_of_birth) values (224, 'Janice', 'Castillo', '05/31/1968');
insert into client (client_id, first_name, last_name, date_of_birth) values (225, 'Joseph', 'Johnston', '12/27/1976');
insert into client (client_id, first_name, last_name, date_of_birth) values (226, 'Lawrence', 'Carr', '10/25/1977');
insert into client (client_id, first_name, last_name, date_of_birth) values (227, 'Terry', 'Duncan', '07/17/1994');
insert into client (client_id, first_name, last_name, date_of_birth) values (228, 'Jerry', 'Washington', '03/01/1997');
insert into client (client_id, first_name, last_name, date_of_birth) values (229, 'Robert', 'Lopez', '01/29/1980');
insert into client (client_id, first_name, last_name, date_of_birth) values (230, 'Fred', 'Thompson', '09/18/1988');
insert into client (client_id, first_name, last_name, date_of_birth) values (231, 'Lori', 'Burke', '04/03/1968');
insert into client (client_id, first_name, last_name, date_of_birth) values (232, 'Paul', 'Simpson', '06/26/1978');
insert into client (client_id, first_name, last_name, date_of_birth) values (233, 'Kimberly', 'Clark', '03/13/1967');
insert into client (client_id, first_name, last_name, date_of_birth) values (234, 'Joyce', 'Wells', '04/08/1972');
insert into client (client_id, first_name, last_name, date_of_birth) values (235, 'Lois', 'Lopez', '11/14/1994');
insert into client (client_id, first_name, last_name, date_of_birth) values (236, 'Robin', 'Peters', '05/06/1986');
insert into client (client_id, first_name, last_name, date_of_birth) values (237, 'Melissa', 'Wright', '05/01/1975');
insert into client (client_id, first_name, last_name, date_of_birth) values (238, 'Teresa', 'Myers', '11/27/1970');
insert into client (client_id, first_name, last_name, date_of_birth) values (239, 'Diana', 'Brooks', '01/12/1998');
insert into client (client_id, first_name, last_name, date_of_birth) values (240, 'Jesse', 'Hunt', '03/20/1971');
insert into client (client_id, first_name, last_name, date_of_birth) values (241, 'Lori', 'Hunter', '02/07/1962');
insert into client (client_id, first_name, last_name, date_of_birth) values (242, 'Christine', 'Sullivan', '01/13/1999');
insert into client (client_id, first_name, last_name, date_of_birth) values (243, 'Sara', 'Brooks', '02/17/1962');
insert into client (client_id, first_name, last_name, date_of_birth) values (244, 'Thomas', 'Williamson', '09/24/1971');
insert into client (client_id, first_name, last_name, date_of_birth) values (245, 'Justin', 'Alvarez', '05/26/1994');
insert into client (client_id, first_name, last_name, date_of_birth) values (246, 'Jane', 'Cruz', '07/20/1974');
insert into client (client_id, first_name, last_name, date_of_birth) values (247, 'Jerry', 'Moreno', '03/09/1969');
insert into client (client_id, first_name, last_name, date_of_birth) values (248, 'Gerald', 'Stone', '10/17/1991');
insert into client (client_id, first_name, last_name, date_of_birth) values (249, 'Evelyn', 'Simpson', '12/29/1980');
insert into client (client_id, first_name, last_name, date_of_birth) values (250, 'Betty', 'Graham', '10/21/1971');
insert into client (client_id, first_name, last_name, date_of_birth) values (251, 'Mark', 'Harrison', '07/03/1973');
insert into client (client_id, first_name, last_name, date_of_birth) values (252, 'Louis', 'Foster', '03/01/1963');
insert into client (client_id, first_name, last_name, date_of_birth) values (253, 'Nicole', 'Tucker', '08/14/1997');
insert into client (client_id, first_name, last_name, date_of_birth) values (254, 'Victor', 'Howard', '10/03/1979');
insert into client (client_id, first_name, last_name, date_of_birth) values (255, 'Roger', 'Kennedy', '07/29/1968');
insert into client (client_id, first_name, last_name, date_of_birth) values (256, 'Richard', 'Hayes', '01/10/1986');
insert into client (client_id, first_name, last_name, date_of_birth) values (257, 'Amy', 'Bradley', '03/12/1987');
insert into client (client_id, first_name, last_name, date_of_birth) values (258, 'Kathleen', 'Roberts', '01/19/1968');
insert into client (client_id, first_name, last_name, date_of_birth) values (259, 'Debra', 'Banks', '03/02/1960');
insert into client (client_id, first_name, last_name, date_of_birth) values (260, 'Rebecca', 'Wells', '02/11/1969');
insert into client (client_id, first_name, last_name, date_of_birth) values (261, 'Kathryn', 'Cruz', '07/18/1960');
insert into client (client_id, first_name, last_name, date_of_birth) values (262, 'Debra', 'Griffin', '03/21/1963');
insert into client (client_id, first_name, last_name, date_of_birth) values (263, 'Dorothy', 'Watkins', '04/15/2000');
insert into client (client_id, first_name, last_name, date_of_birth) values (264, 'Catherine', 'Hayes', '06/29/1985');
insert into client (client_id, first_name, last_name, date_of_birth) values (265, 'Deborah', 'Bishop', '05/22/1963');
insert into client (client_id, first_name, last_name, date_of_birth) values (266, 'Phillip', 'Torres', '08/04/1971');
insert into client (client_id, first_name, last_name, date_of_birth) values (267, 'Billy', 'Tucker', '07/08/1986');
insert into client (client_id, first_name, last_name, date_of_birth) values (268, 'Rachel', 'Reid', '08/17/1985');
insert into client (client_id, first_name, last_name, date_of_birth) values (269, 'Christine', 'Montgomery', '05/05/1999');
insert into client (client_id, first_name, last_name, date_of_birth) values (270, 'Patricia', 'Ford', '11/12/1998');
insert into client (client_id, first_name, last_name, date_of_birth) values (271, 'Judith', 'Henry', '08/31/1981');
insert into client (client_id, first_name, last_name, date_of_birth) values (272, 'Sharon', 'Washington', '11/01/1998');
insert into client (client_id, first_name, last_name, date_of_birth) values (273, 'Howard', 'Lopez', '03/01/1991');
insert into client (client_id, first_name, last_name, date_of_birth) values (274, 'Sarah', 'Adams', '02/16/1989');
insert into client (client_id, first_name, last_name, date_of_birth) values (275, 'Mildred', 'Burns', '02/28/1974');
insert into client (client_id, first_name, last_name, date_of_birth) values (276, 'Arthur', 'Martinez', '11/14/1977');
insert into client (client_id, first_name, last_name, date_of_birth) values (277, 'Sara', 'Hunt', '12/18/1970');
insert into client (client_id, first_name, last_name, date_of_birth) values (278, 'Rose', 'Ford', '08/19/1962');
insert into client (client_id, first_name, last_name, date_of_birth) values (279, 'Ruth', 'Foster', '08/01/1969');
insert into client (client_id, first_name, last_name, date_of_birth) values (280, 'Charles', 'Taylor', '06/20/1999');
insert into client (client_id, first_name, last_name, date_of_birth) values (281, 'Diana', 'Allen', '02/18/1965');
insert into client (client_id, first_name, last_name, date_of_birth) values (282, 'Joan', 'Morgan', '11/17/1993');
insert into client (client_id, first_name, last_name, date_of_birth) values (283, 'Mildred', 'Daniels', '06/20/1987');
insert into client (client_id, first_name, last_name, date_of_birth) values (284, 'Harry', 'Foster', '09/27/1971');
insert into client (client_id, first_name, last_name, date_of_birth) values (285, 'Nicole', 'Sims', '11/20/1988');
insert into client (client_id, first_name, last_name, date_of_birth) values (286, 'Sarah', 'Williamson', '12/13/1982');
insert into client (client_id, first_name, last_name, date_of_birth) values (287, 'Brenda', 'Hayes', '03/15/1995');
insert into client (client_id, first_name, last_name, date_of_birth) values (288, 'Jeremy', 'Young', '02/27/1976');
insert into client (client_id, first_name, last_name, date_of_birth) values (289, 'Albert', 'Harris', '12/05/1989');
insert into client (client_id, first_name, last_name, date_of_birth) values (290, 'James', 'Hart', '12/10/1971');
insert into client (client_id, first_name, last_name, date_of_birth) values (291, 'Edward', 'Russell', '02/06/1977');
insert into client (client_id, first_name, last_name, date_of_birth) values (292, 'Ruby', 'Rose', '09/11/1992');
insert into client (client_id, first_name, last_name, date_of_birth) values (293, 'Jose', 'Butler', '11/26/1969');
insert into client (client_id, first_name, last_name, date_of_birth) values (294, 'John', 'Clark', '01/07/1973');
insert into client (client_id, first_name, last_name, date_of_birth) values (295, 'Jane', 'Payne', '04/11/1970');
insert into client (client_id, first_name, last_name, date_of_birth) values (296, 'Cheryl', 'Hawkins', '11/28/1965');
insert into client (client_id, first_name, last_name, date_of_birth) values (297, 'Karen', 'Palmer', '12/17/1979');
insert into client (client_id, first_name, last_name, date_of_birth) values (298, 'Carlos', 'Williamson', '03/02/1962');
insert into client (client_id, first_name, last_name, date_of_birth) values (299, 'Jessica', 'Lee', '02/16/1996');
insert into client (client_id, first_name, last_name, date_of_birth) values (300, 'Joshua', 'Fernandez', '12/24/1998');
insert into client (client_id, first_name, last_name, date_of_birth) values (301, 'Walter', 'Murphy', '05/13/2000');
insert into client (client_id, first_name, last_name, date_of_birth) values (302, 'Antonio', 'Hawkins', '04/21/1981');
insert into client (client_id, first_name, last_name, date_of_birth) values (303, 'Alice', 'Chapman', '01/24/1979');
insert into client (client_id, first_name, last_name, date_of_birth) values (304, 'Maria', 'Wheeler', '12/24/1984');
insert into client (client_id, first_name, last_name, date_of_birth) values (305, 'Jane', 'Greene', '10/27/1964');
insert into client (client_id, first_name, last_name, date_of_birth) values (306, 'Benjamin', 'Collins', '03/06/1965');
insert into client (client_id, first_name, last_name, date_of_birth) values (307, 'Adam', 'Ross', '03/03/1986');
insert into client (client_id, first_name, last_name, date_of_birth) values (308, 'Philip', 'Reynolds', '06/10/2000');
insert into client (client_id, first_name, last_name, date_of_birth) values (309, 'Alice', 'Ellis', '09/21/1978');
insert into client (client_id, first_name, last_name, date_of_birth) values (310, 'Mark', 'Butler', '05/18/1988');
insert into client (client_id, first_name, last_name, date_of_birth) values (311, 'Roy', 'Hill', '10/10/1976');
insert into client (client_id, first_name, last_name, date_of_birth) values (312, 'Marie', 'Moreno', '02/02/1996');
insert into client (client_id, first_name, last_name, date_of_birth) values (313, 'Jesse', 'Olson', '02/21/1998');
insert into client (client_id, first_name, last_name, date_of_birth) values (314, 'Todd', 'Frazier', '04/21/1973');
insert into client (client_id, first_name, last_name, date_of_birth) values (315, 'Jean', 'Ferguson', '03/27/1967');
insert into client (client_id, first_name, last_name, date_of_birth) values (316, 'Clarence', 'Palmer', '10/24/1994');
insert into client (client_id, first_name, last_name, date_of_birth) values (317, 'Jacqueline', 'Murphy', '07/28/1984');
insert into client (client_id, first_name, last_name, date_of_birth) values (318, 'Willie', 'Fuller', '06/13/1997');
insert into client (client_id, first_name, last_name, date_of_birth) values (319, 'Christina', 'Grant', '10/01/1975');
insert into client (client_id, first_name, last_name, date_of_birth) values (320, 'Deborah', 'Ryan', '11/18/1989');
insert into client (client_id, first_name, last_name, date_of_birth) values (321, 'Virginia', 'Hudson', '09/14/1972');
insert into client (client_id, first_name, last_name, date_of_birth) values (322, 'Gary', 'Ellis', '02/20/1982');
insert into client (client_id, first_name, last_name, date_of_birth) values (323, 'Dorothy', 'Hansen', '02/02/1969');
insert into client (client_id, first_name, last_name, date_of_birth) values (324, 'Jesse', 'Fisher', '05/25/1962');
insert into client (client_id, first_name, last_name, date_of_birth) values (325, 'Albert', 'Tucker', '10/31/1994');
insert into client (client_id, first_name, last_name, date_of_birth) values (326, 'Billy', 'Wheeler', '12/06/1984');
insert into client (client_id, first_name, last_name, date_of_birth) values (327, 'Janet', 'Wilson', '10/08/1997');
insert into client (client_id, first_name, last_name, date_of_birth) values (328, 'Jennifer', 'Elliott', '11/10/1997');
insert into client (client_id, first_name, last_name, date_of_birth) values (329, 'James', 'Porter', '01/15/1989');
insert into client (client_id, first_name, last_name, date_of_birth) values (330, 'Jesse', 'Sanchez', '12/04/1994');
insert into client (client_id, first_name, last_name, date_of_birth) values (331, 'Ann', 'Brown', '10/16/1967');
insert into client (client_id, first_name, last_name, date_of_birth) values (332, 'Gary', 'George', '04/23/1964');
insert into client (client_id, first_name, last_name, date_of_birth) values (333, 'Ruby', 'Washington', '03/08/1983');
insert into client (client_id, first_name, last_name, date_of_birth) values (334, 'Betty', 'Marshall', '11/11/1997');
insert into client (client_id, first_name, last_name, date_of_birth) values (335, 'Amy', 'Grant', '08/21/1977');
insert into client (client_id, first_name, last_name, date_of_birth) values (336, 'Lisa', 'Banks', '08/19/1978');
insert into client (client_id, first_name, last_name, date_of_birth) values (337, 'Carl', 'Hanson', '09/18/1960');
insert into client (client_id, first_name, last_name, date_of_birth) values (338, 'Helen', 'Jenkins', '03/15/1983');
insert into client (client_id, first_name, last_name, date_of_birth) values (339, 'Andrew', 'Pierce', '08/12/1986');
insert into client (client_id, first_name, last_name, date_of_birth) values (340, 'Norma', 'Thomas', '12/28/1991');
insert into client (client_id, first_name, last_name, date_of_birth) values (341, 'Terry', 'Woods', '04/06/1989');
insert into client (client_id, first_name, last_name, date_of_birth) values (342, 'Ashley', 'Warren', '05/03/1973');
insert into client (client_id, first_name, last_name, date_of_birth) values (343, 'Ernest', 'Cox', '12/09/1992');
insert into client (client_id, first_name, last_name, date_of_birth) values (344, 'Earl', 'Gardner', '03/01/1989');
insert into client (client_id, first_name, last_name, date_of_birth) values (345, 'Irene', 'Burke', '12/26/1968');
insert into client (client_id, first_name, last_name, date_of_birth) values (346, 'Ryan', 'Stone', '06/03/1962');
insert into client (client_id, first_name, last_name, date_of_birth) values (347, 'Andrew', 'Elliott', '07/28/1961');
insert into client (client_id, first_name, last_name, date_of_birth) values (348, 'Patricia', 'Owens', '02/23/1992');
insert into client (client_id, first_name, last_name, date_of_birth) values (349, 'Mildred', 'Dunn', '07/14/1960');
insert into client (client_id, first_name, last_name, date_of_birth) values (350, 'Charles', 'Willis', '03/04/1992');
insert into client (client_id, first_name, last_name, date_of_birth) values (351, 'Jessica', 'Garrett', '02/15/1993');
insert into client (client_id, first_name, last_name, date_of_birth) values (352, 'Michael', 'Harvey', '10/16/1977');
insert into client (client_id, first_name, last_name, date_of_birth) values (353, 'Carolyn', 'Elliott', '04/09/1974');
insert into client (client_id, first_name, last_name, date_of_birth) values (354, 'Anna', 'Gardner', '02/23/1963');
insert into client (client_id, first_name, last_name, date_of_birth) values (355, 'Thomas', 'Day', '11/06/1970');
insert into client (client_id, first_name, last_name, date_of_birth) values (356, 'Jose', 'Woods', '10/18/1971');
insert into client (client_id, first_name, last_name, date_of_birth) values (357, 'Marie', 'Woods', '04/25/1975');
insert into client (client_id, first_name, last_name, date_of_birth) values (358, 'Ryan', 'Murray', '11/01/1970');
insert into client (client_id, first_name, last_name, date_of_birth) values (359, 'Steven', 'Kelley', '04/18/1988');
insert into client (client_id, first_name, last_name, date_of_birth) values (360, 'Dorothy', 'Tucker', '01/14/1963');
insert into client (client_id, first_name, last_name, date_of_birth) values (361, 'Russell', 'Collins', '10/13/1976');
insert into client (client_id, first_name, last_name, date_of_birth) values (362, 'Tina', 'Simpson', '11/08/1974');
insert into client (client_id, first_name, last_name, date_of_birth) values (363, 'Brenda', 'Morales', '10/09/1989');
insert into client (client_id, first_name, last_name, date_of_birth) values (364, 'Christopher', 'Berry', '08/20/1969');
insert into client (client_id, first_name, last_name, date_of_birth) values (365, 'Margaret', 'Gilbert', '11/06/1997');
insert into client (client_id, first_name, last_name, date_of_birth) values (366, 'Julia', 'Day', '07/07/1987');
insert into client (client_id, first_name, last_name, date_of_birth) values (367, 'Julia', 'Carter', '04/07/1975');
insert into client (client_id, first_name, last_name, date_of_birth) values (368, 'Jose', 'Martin', '09/07/1973');
insert into client (client_id, first_name, last_name, date_of_birth) values (369, 'Angela', 'Gilbert', '09/09/1966');
insert into client (client_id, first_name, last_name, date_of_birth) values (370, 'Roy', 'Martin', '05/03/1985');
insert into client (client_id, first_name, last_name, date_of_birth) values (371, 'Diane', 'Owens', '08/19/1989');
insert into client (client_id, first_name, last_name, date_of_birth) values (372, 'Louise', 'Romero', '10/11/1989');
insert into client (client_id, first_name, last_name, date_of_birth) values (373, 'Ashley', 'Jackson', '03/18/1979');
insert into client (client_id, first_name, last_name, date_of_birth) values (374, 'Patrick', 'Reyes', '05/27/1980');
insert into client (client_id, first_name, last_name, date_of_birth) values (375, 'Victor', 'Watson', '04/17/1986');
insert into client (client_id, first_name, last_name, date_of_birth) values (376, 'Christina', 'Cooper', '07/23/1963');
insert into client (client_id, first_name, last_name, date_of_birth) values (377, 'Virginia', 'Myers', '08/09/1970');
insert into client (client_id, first_name, last_name, date_of_birth) values (378, 'Ernest', 'Gray', '02/26/1979');
insert into client (client_id, first_name, last_name, date_of_birth) values (379, 'Diana', 'Washington', '11/11/1969');
insert into client (client_id, first_name, last_name, date_of_birth) values (380, 'Sean', 'Kennedy', '02/11/1960');
insert into client (client_id, first_name, last_name, date_of_birth) values (381, 'Fred', 'Hawkins', '06/11/1962');
insert into client (client_id, first_name, last_name, date_of_birth) values (382, 'Marie', 'Henderson', '12/08/1990');
insert into client (client_id, first_name, last_name, date_of_birth) values (383, 'Rebecca', 'Collins', '12/30/1991');
insert into client (client_id, first_name, last_name, date_of_birth) values (384, 'Michael', 'Lawrence', '09/30/1984');
insert into client (client_id, first_name, last_name, date_of_birth) values (385, 'Teresa', 'Mendoza', '08/12/1976');
insert into client (client_id, first_name, last_name, date_of_birth) values (386, 'Sara', 'Alexander', '11/07/1993');
insert into client (client_id, first_name, last_name, date_of_birth) values (387, 'Barbara', 'Weaver', '10/19/1981');
insert into client (client_id, first_name, last_name, date_of_birth) values (388, 'Jimmy', 'Richardson', '10/24/1991');
insert into client (client_id, first_name, last_name, date_of_birth) values (389, 'Christine', 'Edwards', '04/29/1994');
insert into client (client_id, first_name, last_name, date_of_birth) values (390, 'Richard', 'Wood', '11/25/1997');
insert into client (client_id, first_name, last_name, date_of_birth) values (391, 'Dennis', 'Harris', '03/15/1979');
insert into client (client_id, first_name, last_name, date_of_birth) values (392, 'Sharon', 'Fuller', '04/05/1992');
insert into client (client_id, first_name, last_name, date_of_birth) values (393, 'Eric', 'Fisher', '10/08/1978');
insert into client (client_id, first_name, last_name, date_of_birth) values (394, 'Jose', 'Stephens', '02/25/1968');
insert into client (client_id, first_name, last_name, date_of_birth) values (395, 'Janet', 'Burke', '08/19/1997');
insert into client (client_id, first_name, last_name, date_of_birth) values (396, 'Thomas', 'Hernandez', '02/07/1972');
insert into client (client_id, first_name, last_name, date_of_birth) values (397, 'Keith', 'Burke', '01/08/1968');
insert into client (client_id, first_name, last_name, date_of_birth) values (398, 'Kelly', 'Larson', '12/09/1975');
insert into client (client_id, first_name, last_name, date_of_birth) values (399, 'Catherine', 'Hart', '05/23/1977');
insert into client (client_id, first_name, last_name, date_of_birth) values (400, 'Stephanie', 'James', '06/21/1997');
insert into client (client_id, first_name, last_name, date_of_birth) values (401, 'Roger', 'Wright', '10/15/1994');
insert into client (client_id, first_name, last_name, date_of_birth) values (402, 'Amanda', 'Hunt', '11/08/1984');
insert into client (client_id, first_name, last_name, date_of_birth) values (403, 'Marie', 'Robertson', '12/02/1975');
insert into client (client_id, first_name, last_name, date_of_birth) values (404, 'Eugene', 'Robertson', '07/08/1978');
insert into client (client_id, first_name, last_name, date_of_birth) values (405, 'Ernest', 'Hansen', '10/25/1973');
insert into client (client_id, first_name, last_name, date_of_birth) values (406, 'Deborah', 'Garrett', '02/09/1996');
insert into client (client_id, first_name, last_name, date_of_birth) values (407, 'Denise', 'Spencer', '02/27/1965');
insert into client (client_id, first_name, last_name, date_of_birth) values (408, 'John', 'Coleman', '09/10/1985');
insert into client (client_id, first_name, last_name, date_of_birth) values (409, 'Kenneth', 'Ramos', '12/30/1969');
insert into client (client_id, first_name, last_name, date_of_birth) values (410, 'Kathryn', 'Frazier', '06/07/1962');
insert into client (client_id, first_name, last_name, date_of_birth) values (411, 'Helen', 'Henderson', '11/05/1980');
insert into client (client_id, first_name, last_name, date_of_birth) values (412, 'Harold', 'Rogers', '06/16/1963');
insert into client (client_id, first_name, last_name, date_of_birth) values (413, 'Carolyn', 'Coleman', '12/19/1992');
insert into client (client_id, first_name, last_name, date_of_birth) values (414, 'Eric', 'Gordon', '09/23/1983');
insert into client (client_id, first_name, last_name, date_of_birth) values (415, 'Nancy', 'Snyder', '08/17/1972');
insert into client (client_id, first_name, last_name, date_of_birth) values (416, 'Carol', 'Alexander', '07/25/1962');
insert into client (client_id, first_name, last_name, date_of_birth) values (417, 'Kelly', 'Brooks', '09/22/2000');
insert into client (client_id, first_name, last_name, date_of_birth) values (418, 'Rachel', 'Anderson', '02/06/1976');
insert into client (client_id, first_name, last_name, date_of_birth) values (419, 'Antonio', 'Griffin', '07/10/1975');
insert into client (client_id, first_name, last_name, date_of_birth) values (420, 'Joan', 'Davis', '05/06/1990');
insert into client (client_id, first_name, last_name, date_of_birth) values (421, 'Dorothy', 'Fuller', '02/11/1968');
insert into client (client_id, first_name, last_name, date_of_birth) values (422, 'Marilyn', 'Weaver', '09/27/1990');
insert into client (client_id, first_name, last_name, date_of_birth) values (423, 'Cheryl', 'Hart', '12/20/1974');
insert into client (client_id, first_name, last_name, date_of_birth) values (424, 'Benjamin', 'Parker', '12/06/1971');
insert into client (client_id, first_name, last_name, date_of_birth) values (425, 'Julie', 'Nguyen', '10/14/1991');
insert into client (client_id, first_name, last_name, date_of_birth) values (426, 'Louise', 'Taylor', '01/09/1973');
insert into client (client_id, first_name, last_name, date_of_birth) values (427, 'Martha', 'Watson', '10/11/1961');
insert into client (client_id, first_name, last_name, date_of_birth) values (428, 'Walter', 'Reyes', '08/13/1967');
insert into client (client_id, first_name, last_name, date_of_birth) values (429, 'Rachel', 'Gray', '07/31/1962');
insert into client (client_id, first_name, last_name, date_of_birth) values (430, 'Mark', 'Andrews', '04/01/1971');
insert into client (client_id, first_name, last_name, date_of_birth) values (431, 'Paula', 'Adams', '08/29/1967');
insert into client (client_id, first_name, last_name, date_of_birth) values (432, 'Stephen', 'Henderson', '06/04/1989');
insert into client (client_id, first_name, last_name, date_of_birth) values (433, 'John', 'Morris', '02/25/1980');
insert into client (client_id, first_name, last_name, date_of_birth) values (434, 'Jennifer', 'Jordan', '04/26/1979');
insert into client (client_id, first_name, last_name, date_of_birth) values (435, 'Wanda', 'Morgan', '05/05/1969');
insert into client (client_id, first_name, last_name, date_of_birth) values (436, 'Justin', 'Vasquez', '06/24/1992');
insert into client (client_id, first_name, last_name, date_of_birth) values (437, 'Adam', 'Gordon', '07/07/2000');
insert into client (client_id, first_name, last_name, date_of_birth) values (438, 'Mildred', 'Jenkins', '10/07/1985');
insert into client (client_id, first_name, last_name, date_of_birth) values (439, 'Gregory', 'Duncan', '05/22/1993');
insert into client (client_id, first_name, last_name, date_of_birth) values (440, 'Aaron', 'Armstrong', '06/15/1974');
insert into client (client_id, first_name, last_name, date_of_birth) values (441, 'Thomas', 'Hughes', '03/17/1975');
insert into client (client_id, first_name, last_name, date_of_birth) values (442, 'Clarence', 'Harrison', '10/01/1981');
insert into client (client_id, first_name, last_name, date_of_birth) values (443, 'Deborah', 'Butler', '09/18/1989');
insert into client (client_id, first_name, last_name, date_of_birth) values (444, 'Ryan', 'Spencer', '07/29/1974');
insert into client (client_id, first_name, last_name, date_of_birth) values (445, 'Sara', 'Martinez', '10/29/1998');
insert into client (client_id, first_name, last_name, date_of_birth) values (446, 'Teresa', 'Fuller', '03/08/1991');
insert into client (client_id, first_name, last_name, date_of_birth) values (447, 'Sharon', 'Spencer', '06/01/1984');
insert into client (client_id, first_name, last_name, date_of_birth) values (448, 'Robert', 'King', '12/11/1967');
insert into client (client_id, first_name, last_name, date_of_birth) values (449, 'Carlos', 'Stone', '02/04/1960');
insert into client (client_id, first_name, last_name, date_of_birth) values (450, 'Earl', 'Crawford', '05/10/1971');
insert into client (client_id, first_name, last_name, date_of_birth) values (451, 'Eric', 'Shaw', '12/14/1988');
insert into client (client_id, first_name, last_name, date_of_birth) values (452, 'Roger', 'Johnston', '10/02/1993');
insert into client (client_id, first_name, last_name, date_of_birth) values (453, 'Tammy', 'Edwards', '01/01/1978');
insert into client (client_id, first_name, last_name, date_of_birth) values (454, 'Kimberly', 'Cooper', '03/20/1981');
insert into client (client_id, first_name, last_name, date_of_birth) values (455, 'Louise', 'Carr', '10/20/1971');
insert into client (client_id, first_name, last_name, date_of_birth) values (456, 'Amy', 'Sanchez', '06/26/1991');
insert into client (client_id, first_name, last_name, date_of_birth) values (457, 'Scott', 'Nguyen', '04/23/1969');
insert into client (client_id, first_name, last_name, date_of_birth) values (458, 'Eugene', 'Stewart', '10/03/1967');
insert into client (client_id, first_name, last_name, date_of_birth) values (459, 'Bonnie', 'Moore', '07/19/1979');
insert into client (client_id, first_name, last_name, date_of_birth) values (460, 'Catherine', 'Knight', '12/22/1966');
insert into client (client_id, first_name, last_name, date_of_birth) values (461, 'Dennis', 'Holmes', '12/11/1979');
insert into client (client_id, first_name, last_name, date_of_birth) values (462, 'Billy', 'Jones', '04/09/1968');
insert into client (client_id, first_name, last_name, date_of_birth) values (463, 'Patrick', 'Flores', '11/01/1997');
insert into client (client_id, first_name, last_name, date_of_birth) values (464, 'Kevin', 'Harris', '03/19/1982');
insert into client (client_id, first_name, last_name, date_of_birth) values (465, 'Christine', 'Hall', '03/27/1975');
insert into client (client_id, first_name, last_name, date_of_birth) values (466, 'Stephen', 'Mccoy', '07/28/1969');
insert into client (client_id, first_name, last_name, date_of_birth) values (467, 'Theresa', 'Woods', '12/27/1960');
insert into client (client_id, first_name, last_name, date_of_birth) values (468, 'Katherine', 'Sims', '11/13/1972');
insert into client (client_id, first_name, last_name, date_of_birth) values (469, 'Jessica', 'Burke', '11/25/1960');
insert into client (client_id, first_name, last_name, date_of_birth) values (470, 'Terry', 'Rogers', '04/21/1974');
insert into client (client_id, first_name, last_name, date_of_birth) values (471, 'Michael', 'Williams', '08/21/1962');
insert into client (client_id, first_name, last_name, date_of_birth) values (472, 'Christine', 'Jordan', '03/09/1965');
insert into client (client_id, first_name, last_name, date_of_birth) values (473, 'Gary', 'Coleman', '05/03/1998');
insert into client (client_id, first_name, last_name, date_of_birth) values (474, 'Cheryl', 'Howell', '11/17/1992');
insert into client (client_id, first_name, last_name, date_of_birth) values (475, 'Joe', 'Pierce', '02/15/1971');
insert into client (client_id, first_name, last_name, date_of_birth) values (476, 'Donald', 'Webb', '09/17/1967');
insert into client (client_id, first_name, last_name, date_of_birth) values (477, 'Phyllis', 'Wilson', '09/24/1979');
insert into client (client_id, first_name, last_name, date_of_birth) values (478, 'Carol', 'Howell', '02/08/1978');
insert into client (client_id, first_name, last_name, date_of_birth) values (479, 'Frances', 'Ramirez', '09/07/1998');
insert into client (client_id, first_name, last_name, date_of_birth) values (480, 'Howard', 'Ford', '09/28/1984');
insert into client (client_id, first_name, last_name, date_of_birth) values (481, 'Philip', 'Taylor', '05/26/1964');
insert into client (client_id, first_name, last_name, date_of_birth) values (482, 'Andrew', 'Carpenter', '11/09/1986');
insert into client (client_id, first_name, last_name, date_of_birth) values (483, 'Robert', 'Gray', '10/12/1990');
insert into client (client_id, first_name, last_name, date_of_birth) values (484, 'Joshua', 'Richards', '06/13/1995');
insert into client (client_id, first_name, last_name, date_of_birth) values (485, 'Charles', 'Russell', '08/06/1970');
insert into client (client_id, first_name, last_name, date_of_birth) values (486, 'Mildred', 'Taylor', '05/31/1978');
insert into client (client_id, first_name, last_name, date_of_birth) values (487, 'Gary', 'Boyd', '04/24/1973');
insert into client (client_id, first_name, last_name, date_of_birth) values (488, 'Phillip', 'Mccoy', '04/30/1977');
insert into client (client_id, first_name, last_name, date_of_birth) values (489, 'Elizabeth', 'Ryan', '01/26/1968');
insert into client (client_id, first_name, last_name, date_of_birth) values (490, 'Diane', 'Mason', '12/30/1969');
insert into client (client_id, first_name, last_name, date_of_birth) values (491, 'Anna', 'Boyd', '09/01/1982');
insert into client (client_id, first_name, last_name, date_of_birth) values (492, 'Gloria', 'Kelley', '12/17/1967');
insert into client (client_id, first_name, last_name, date_of_birth) values (493, 'Adam', 'Ortiz', '08/14/1992');
insert into client (client_id, first_name, last_name, date_of_birth) values (494, 'Carolyn', 'Gilbert', '07/10/1990');
insert into client (client_id, first_name, last_name, date_of_birth) values (495, 'Russell', 'Kelley', '04/30/1997');
insert into client (client_id, first_name, last_name, date_of_birth) values (496, 'Fred', 'Hunter', '11/06/1969');
insert into client (client_id, first_name, last_name, date_of_birth) values (497, 'Alice', 'Chavez', '10/03/1998');
insert into client (client_id, first_name, last_name, date_of_birth) values (498, 'Norma', 'Robertson', '08/01/1964');
insert into client (client_id, first_name, last_name, date_of_birth) values (499, 'George', 'Riley', '01/11/1969');
insert into client (client_id, first_name, last_name, date_of_birth) values (500, 'Jane', 'Flores', '10/24/1983');
insert into client (client_id, first_name, last_name, date_of_birth) values (501, 'Jessica', 'Austin', '10/30/1995');
insert into client (client_id, first_name, last_name, date_of_birth) values (502, 'Wayne', 'West', '12/28/1973');
insert into client (client_id, first_name, last_name, date_of_birth) values (503, 'Louise', 'Wright', '02/03/1979');
insert into client (client_id, first_name, last_name, date_of_birth) values (504, 'Joe', 'Ramos', '07/03/1974');
insert into client (client_id, first_name, last_name, date_of_birth) values (505, 'Mildred', 'White', '08/04/1981');
insert into client (client_id, first_name, last_name, date_of_birth) values (506, 'Charles', 'Mitchell', '03/24/1973');
insert into client (client_id, first_name, last_name, date_of_birth) values (507, 'Teresa', 'Stewart', '10/31/1969');
insert into client (client_id, first_name, last_name, date_of_birth) values (508, 'Janet', 'Frazier', '06/13/1961');
insert into client (client_id, first_name, last_name, date_of_birth) values (509, 'Emily', 'Smith', '05/24/1975');
insert into client (client_id, first_name, last_name, date_of_birth) values (510, 'Karen', 'Myers', '05/23/1962');
insert into client (client_id, first_name, last_name, date_of_birth) values (511, 'Joan', 'Hall', '08/12/1995');
insert into client (client_id, first_name, last_name, date_of_birth) values (512, 'Charles', 'Garza', '09/05/1970');
insert into client (client_id, first_name, last_name, date_of_birth) values (513, 'Ruby', 'Cunningham', '09/22/1963');
insert into client (client_id, first_name, last_name, date_of_birth) values (514, 'Kelly', 'Vasquez', '05/11/1999');
insert into client (client_id, first_name, last_name, date_of_birth) values (515, 'Roy', 'Powell', '04/07/1978');
insert into client (client_id, first_name, last_name, date_of_birth) values (516, 'Joe', 'Watson', '09/22/1970');
insert into client (client_id, first_name, last_name, date_of_birth) values (517, 'Maria', 'Brown', '05/12/1991');
insert into client (client_id, first_name, last_name, date_of_birth) values (518, 'Steven', 'Pierce', '07/28/1988');
insert into client (client_id, first_name, last_name, date_of_birth) values (519, 'Bonnie', 'Jackson', '06/26/1966');
insert into client (client_id, first_name, last_name, date_of_birth) values (520, 'Mark', 'Hunter', '08/27/1998');
insert into client (client_id, first_name, last_name, date_of_birth) values (521, 'Katherine', 'Garza', '09/24/1982');
insert into client (client_id, first_name, last_name, date_of_birth) values (522, 'Rebecca', 'Harris', '11/29/1988');
insert into client (client_id, first_name, last_name, date_of_birth) values (523, 'Michelle', 'Flores', '12/30/1993');
insert into client (client_id, first_name, last_name, date_of_birth) values (524, 'Charles', 'George', '11/20/1984');
insert into client (client_id, first_name, last_name, date_of_birth) values (525, 'Lillian', 'Rivera', '03/27/1999');
insert into client (client_id, first_name, last_name, date_of_birth) values (526, 'Albert', 'Cruz', '10/18/1993');
insert into client (client_id, first_name, last_name, date_of_birth) values (527, 'Virginia', 'Vasquez', '10/27/1991');
insert into client (client_id, first_name, last_name, date_of_birth) values (528, 'Ruby', 'Nichols', '08/09/1968');
insert into client (client_id, first_name, last_name, date_of_birth) values (529, 'Ralph', 'Knight', '09/07/1988');
insert into client (client_id, first_name, last_name, date_of_birth) values (530, 'Mark', 'Wright', '04/08/1963');
insert into client (client_id, first_name, last_name, date_of_birth) values (531, 'Ruby', 'Evans', '04/26/1995');
insert into client (client_id, first_name, last_name, date_of_birth) values (532, 'Robin', 'Bishop', '09/21/1977');
insert into client (client_id, first_name, last_name, date_of_birth) values (533, 'Gregory', 'Price', '05/06/1996');
insert into client (client_id, first_name, last_name, date_of_birth) values (534, 'Martin', 'Perkins', '12/08/1965');
insert into client (client_id, first_name, last_name, date_of_birth) values (535, 'Shirley', 'Gomez', '12/10/1975');
insert into client (client_id, first_name, last_name, date_of_birth) values (536, 'Judy', 'Wells', '10/10/1995');
insert into client (client_id, first_name, last_name, date_of_birth) values (537, 'Martha', 'Castillo', '03/04/1972');
insert into client (client_id, first_name, last_name, date_of_birth) values (538, 'Philip', 'Griffin', '11/16/1971');
insert into client (client_id, first_name, last_name, date_of_birth) values (539, 'Jeffrey', 'Hart', '09/12/1968');
insert into client (client_id, first_name, last_name, date_of_birth) values (540, 'Antonio', 'Cruz', '06/06/1985');
insert into client (client_id, first_name, last_name, date_of_birth) values (541, 'John', 'Price', '12/14/1976');
insert into client (client_id, first_name, last_name, date_of_birth) values (542, 'Phyllis', 'Wallace', '05/07/1975');
insert into client (client_id, first_name, last_name, date_of_birth) values (543, 'Aaron', 'Thomas', '12/30/1996');
insert into client (client_id, first_name, last_name, date_of_birth) values (544, 'Dorothy', 'Scott', '10/12/2000');
insert into client (client_id, first_name, last_name, date_of_birth) values (545, 'Thomas', 'West', '06/05/1994');
insert into client (client_id, first_name, last_name, date_of_birth) values (546, 'Howard', 'Wilson', '02/21/1979');
insert into client (client_id, first_name, last_name, date_of_birth) values (547, 'Fred', 'Reynolds', '06/14/1960');
insert into client (client_id, first_name, last_name, date_of_birth) values (548, 'Frank', 'Stewart', '02/20/1989');
insert into client (client_id, first_name, last_name, date_of_birth) values (549, 'Carl', 'Phillips', '04/24/1966');
insert into client (client_id, first_name, last_name, date_of_birth) values (550, 'Ronald', 'Cox', '08/24/1963');
insert into client (client_id, first_name, last_name, date_of_birth) values (551, 'Kathryn', 'Gibson', '02/15/1991');
insert into client (client_id, first_name, last_name, date_of_birth) values (552, 'Louis', 'Spencer', '03/12/1981');
insert into client (client_id, first_name, last_name, date_of_birth) values (553, 'Tina', 'Marshall', '09/04/1975');
insert into client (client_id, first_name, last_name, date_of_birth) values (554, 'Jeffrey', 'Willis', '07/07/1995');
insert into client (client_id, first_name, last_name, date_of_birth) values (555, 'Arthur', 'Dean', '06/21/1973');
insert into client (client_id, first_name, last_name, date_of_birth) values (556, 'Sarah', 'Fuller', '06/14/1981');
insert into client (client_id, first_name, last_name, date_of_birth) values (557, 'Virginia', 'Sullivan', '10/05/1960');
insert into client (client_id, first_name, last_name, date_of_birth) values (558, 'Theresa', 'Alvarez', '05/02/1974');
insert into client (client_id, first_name, last_name, date_of_birth) values (559, 'Brenda', 'Barnes', '03/05/1992');
insert into client (client_id, first_name, last_name, date_of_birth) values (560, 'Henry', 'Foster', '05/25/1969');
insert into client (client_id, first_name, last_name, date_of_birth) values (561, 'Phyllis', 'Dean', '09/20/1989');
insert into client (client_id, first_name, last_name, date_of_birth) values (562, 'Sarah', 'Johnston', '04/07/1994');
insert into client (client_id, first_name, last_name, date_of_birth) values (563, 'Carol', 'Carpenter', '04/19/1966');
insert into client (client_id, first_name, last_name, date_of_birth) values (564, 'Nicole', 'Hicks', '01/03/1994');
insert into client (client_id, first_name, last_name, date_of_birth) values (565, 'Jane', 'Jordan', '08/11/1967');
insert into client (client_id, first_name, last_name, date_of_birth) values (566, 'Walter', 'Mills', '10/18/1960');
insert into client (client_id, first_name, last_name, date_of_birth) values (567, 'Jose', 'Berry', '09/28/1994');
insert into client (client_id, first_name, last_name, date_of_birth) values (568, 'Jerry', 'Nichols', '10/25/1983');
insert into client (client_id, first_name, last_name, date_of_birth) values (569, 'James', 'Perez', '08/05/1993');
insert into client (client_id, first_name, last_name, date_of_birth) values (570, 'Beverly', 'Chapman', '12/01/1992');
insert into client (client_id, first_name, last_name, date_of_birth) values (571, 'Randy', 'Rose', '04/12/1988');
insert into client (client_id, first_name, last_name, date_of_birth) values (572, 'Jane', 'Bailey', '05/09/2000');
insert into client (client_id, first_name, last_name, date_of_birth) values (573, 'Roger', 'Andrews', '11/11/1972');
insert into client (client_id, first_name, last_name, date_of_birth) values (574, 'Donald', 'Lewis', '06/04/2000');
insert into client (client_id, first_name, last_name, date_of_birth) values (575, 'Kathy', 'Mitchell', '05/02/1967');
insert into client (client_id, first_name, last_name, date_of_birth) values (576, 'Thomas', 'Dunn', '03/20/1973');
insert into client (client_id, first_name, last_name, date_of_birth) values (577, 'Steve', 'Nguyen', '04/04/1969');
insert into client (client_id, first_name, last_name, date_of_birth) values (578, 'Phillip', 'Fisher', '02/08/1995');
insert into client (client_id, first_name, last_name, date_of_birth) values (579, 'Craig', 'Jacobs', '10/17/1985');
insert into client (client_id, first_name, last_name, date_of_birth) values (580, 'Jerry', 'Pierce', '09/05/2000');
insert into client (client_id, first_name, last_name, date_of_birth) values (581, 'Jeremy', 'Gordon', '01/13/1986');
insert into client (client_id, first_name, last_name, date_of_birth) values (582, 'Richard', 'Marshall', '03/02/1982');
insert into client (client_id, first_name, last_name, date_of_birth) values (583, 'Terry', 'Brooks', '11/04/1983');
insert into client (client_id, first_name, last_name, date_of_birth) values (584, 'Margaret', 'Holmes', '06/23/1984');
insert into client (client_id, first_name, last_name, date_of_birth) values (585, 'Joshua', 'Carroll', '03/06/1974');
insert into client (client_id, first_name, last_name, date_of_birth) values (586, 'Roy', 'Lewis', '08/19/1960');
insert into client (client_id, first_name, last_name, date_of_birth) values (587, 'Norma', 'Brooks', '02/01/1992');
insert into client (client_id, first_name, last_name, date_of_birth) values (588, 'Marie', 'Evans', '05/15/1975');
insert into client (client_id, first_name, last_name, date_of_birth) values (589, 'Kimberly', 'Peterson', '01/05/1989');
insert into client (client_id, first_name, last_name, date_of_birth) values (590, 'Nicholas', 'Kelley', '09/11/1970');
insert into client (client_id, first_name, last_name, date_of_birth) values (591, 'Marilyn', 'Johnson', '07/17/1970');
insert into client (client_id, first_name, last_name, date_of_birth) values (592, 'Rachel', 'Lane', '07/09/1994');
insert into client (client_id, first_name, last_name, date_of_birth) values (593, 'Brandon', 'Peterson', '05/06/1964');
insert into client (client_id, first_name, last_name, date_of_birth) values (594, 'Roy', 'Webb', '07/15/1989');
insert into client (client_id, first_name, last_name, date_of_birth) values (595, 'William', 'Henry', '04/01/1970');
insert into client (client_id, first_name, last_name, date_of_birth) values (596, 'Ashley', 'Fox', '06/02/1978');
insert into client (client_id, first_name, last_name, date_of_birth) values (597, 'Antonio', 'Martinez', '02/21/1975');
insert into client (client_id, first_name, last_name, date_of_birth) values (598, 'Richard', 'Brown', '04/09/1961');
insert into client (client_id, first_name, last_name, date_of_birth) values (599, 'Nicholas', 'Wallace', '01/02/1968');
insert into client (client_id, first_name, last_name, date_of_birth) values (600, 'Deborah', 'Ruiz', '12/31/1983');
insert into client (client_id, first_name, last_name, date_of_birth) values (601, 'Kevin', 'Griffin', '09/26/1961');
insert into client (client_id, first_name, last_name, date_of_birth) values (602, 'Marie', 'Coleman', '10/16/1983');
insert into client (client_id, first_name, last_name, date_of_birth) values (603, 'Phyllis', 'Hicks', '10/05/1977');
insert into client (client_id, first_name, last_name, date_of_birth) values (604, 'Julia', 'Mendoza', '11/24/1969');
insert into client (client_id, first_name, last_name, date_of_birth) values (605, 'Jeremy', 'Alexander', '07/12/1997');
insert into client (client_id, first_name, last_name, date_of_birth) values (606, 'Mark', 'Morgan', '03/21/1975');
insert into client (client_id, first_name, last_name, date_of_birth) values (607, 'Teresa', 'Snyder', '10/06/1965');
insert into client (client_id, first_name, last_name, date_of_birth) values (608, 'Juan', 'Morris', '08/29/1971');
insert into client (client_id, first_name, last_name, date_of_birth) values (609, 'Terry', 'Williams', '10/16/1985');
insert into client (client_id, first_name, last_name, date_of_birth) values (610, 'Brian', 'Foster', '09/02/1988');
insert into client (client_id, first_name, last_name, date_of_birth) values (611, 'Christine', 'Palmer', '08/23/1993');
insert into client (client_id, first_name, last_name, date_of_birth) values (612, 'Richard', 'Dean', '08/21/1980');
insert into client (client_id, first_name, last_name, date_of_birth) values (613, 'Brandon', 'Gonzalez', '07/04/1988');
insert into client (client_id, first_name, last_name, date_of_birth) values (614, 'Joan', 'Austin', '04/11/1993');
insert into client (client_id, first_name, last_name, date_of_birth) values (615, 'Richard', 'Kelley', '11/13/1980');
insert into client (client_id, first_name, last_name, date_of_birth) values (616, 'Heather', 'Gray', '07/09/1998');
insert into client (client_id, first_name, last_name, date_of_birth) values (617, 'Richard', 'Powell', '05/31/1989');
insert into client (client_id, first_name, last_name, date_of_birth) values (618, 'Joe', 'Hall', '06/06/1962');
insert into client (client_id, first_name, last_name, date_of_birth) values (619, 'Bruce', 'Ray', '11/19/1985');
insert into client (client_id, first_name, last_name, date_of_birth) values (620, 'Helen', 'Hernandez', '10/10/1963');
insert into client (client_id, first_name, last_name, date_of_birth) values (621, 'Cynthia', 'Diaz', '06/27/1961');
insert into client (client_id, first_name, last_name, date_of_birth) values (622, 'Thomas', 'Phillips', '05/05/1964');
insert into client (client_id, first_name, last_name, date_of_birth) values (623, 'Janice', 'Alvarez', '02/05/1990');
insert into client (client_id, first_name, last_name, date_of_birth) values (624, 'Raymond', 'Schmidt', '02/14/1980');
insert into client (client_id, first_name, last_name, date_of_birth) values (625, 'Benjamin', 'Gonzales', '03/08/1990');
insert into client (client_id, first_name, last_name, date_of_birth) values (626, 'Doris', 'Armstrong', '04/28/1967');
insert into client (client_id, first_name, last_name, date_of_birth) values (627, 'Matthew', 'Gray', '06/29/1985');
insert into client (client_id, first_name, last_name, date_of_birth) values (628, 'Jerry', 'Washington', '01/04/1971');
insert into client (client_id, first_name, last_name, date_of_birth) values (629, 'Joshua', 'Nelson', '07/15/1973');
insert into client (client_id, first_name, last_name, date_of_birth) values (630, 'Joshua', 'Rivera', '07/09/1986');
insert into client (client_id, first_name, last_name, date_of_birth) values (631, 'Betty', 'Snyder', '02/04/1998');
insert into client (client_id, first_name, last_name, date_of_birth) values (632, 'Ralph', 'Jordan', '06/06/1976');
insert into client (client_id, first_name, last_name, date_of_birth) values (633, 'Jason', 'Parker', '08/27/1990');
insert into client (client_id, first_name, last_name, date_of_birth) values (634, 'Charles', 'Willis', '04/20/1965');
insert into client (client_id, first_name, last_name, date_of_birth) values (635, 'Carolyn', 'Martinez', '08/29/1993');
insert into client (client_id, first_name, last_name, date_of_birth) values (636, 'Peter', 'Mason', '02/11/1987');
insert into client (client_id, first_name, last_name, date_of_birth) values (637, 'Laura', 'Mitchell', '12/24/1988');
insert into client (client_id, first_name, last_name, date_of_birth) values (638, 'Carl', 'Mendoza', '08/06/1974');
insert into client (client_id, first_name, last_name, date_of_birth) values (639, 'Linda', 'Gilbert', '01/03/1988');
insert into client (client_id, first_name, last_name, date_of_birth) values (640, 'Theresa', 'Vasquez', '06/15/1986');
insert into client (client_id, first_name, last_name, date_of_birth) values (641, 'Fred', 'Thomas', '01/30/1973');
insert into client (client_id, first_name, last_name, date_of_birth) values (642, 'Ruth', 'Burns', '03/07/1997');
insert into client (client_id, first_name, last_name, date_of_birth) values (643, 'Jane', 'Burton', '05/27/1981');
insert into client (client_id, first_name, last_name, date_of_birth) values (644, 'Wayne', 'Oliver', '09/07/1998');
insert into client (client_id, first_name, last_name, date_of_birth) values (645, 'Brenda', 'Henry', '07/30/2000');
insert into client (client_id, first_name, last_name, date_of_birth) values (646, 'Steve', 'Williamson', '08/22/1960');
insert into client (client_id, first_name, last_name, date_of_birth) values (647, 'Julie', 'Gilbert', '03/10/1997');
insert into client (client_id, first_name, last_name, date_of_birth) values (648, 'Brian', 'Mcdonald', '09/28/1985');
insert into client (client_id, first_name, last_name, date_of_birth) values (649, 'Bonnie', 'Alexander', '05/01/1983');
insert into client (client_id, first_name, last_name, date_of_birth) values (650, 'Jason', 'Smith', '05/14/1997');
insert into client (client_id, first_name, last_name, date_of_birth) values (651, 'Mark', 'Hughes', '07/02/2000');
insert into client (client_id, first_name, last_name, date_of_birth) values (652, 'Joseph', 'Reynolds', '06/23/1961');
insert into client (client_id, first_name, last_name, date_of_birth) values (653, 'Lisa', 'Mccoy', '10/20/1993');
insert into client (client_id, first_name, last_name, date_of_birth) values (654, 'Thomas', 'Richards', '11/20/1968');
insert into client (client_id, first_name, last_name, date_of_birth) values (655, 'Ashley', 'Brown', '01/01/1982');
insert into client (client_id, first_name, last_name, date_of_birth) values (656, 'Kevin', 'Harvey', '07/21/1989');
insert into client (client_id, first_name, last_name, date_of_birth) values (657, 'Jerry', 'Hansen', '09/18/1998');
insert into client (client_id, first_name, last_name, date_of_birth) values (658, 'Jeremy', 'Wright', '01/19/1996');
insert into client (client_id, first_name, last_name, date_of_birth) values (659, 'Andrew', 'West', '09/05/1960');
insert into client (client_id, first_name, last_name, date_of_birth) values (660, 'Roger', 'Riley', '08/08/1988');
insert into client (client_id, first_name, last_name, date_of_birth) values (661, 'Jose', 'Warren', '12/24/1978');
insert into client (client_id, first_name, last_name, date_of_birth) values (662, 'Sharon', 'Perkins', '11/26/1970');
insert into client (client_id, first_name, last_name, date_of_birth) values (663, 'Brenda', 'Alvarez', '07/25/1977');
insert into client (client_id, first_name, last_name, date_of_birth) values (664, 'Roy', 'Price', '02/13/1983');
insert into client (client_id, first_name, last_name, date_of_birth) values (665, 'Ruth', 'Nelson', '02/14/1965');
insert into client (client_id, first_name, last_name, date_of_birth) values (666, 'Beverly', 'Rice', '04/02/1999');
insert into client (client_id, first_name, last_name, date_of_birth) values (667, 'Victor', 'Spencer', '08/25/1968');
insert into client (client_id, first_name, last_name, date_of_birth) values (668, 'Evelyn', 'Austin', '11/18/1970');
insert into client (client_id, first_name, last_name, date_of_birth) values (669, 'Ernest', 'Day', '11/12/1988');
insert into client (client_id, first_name, last_name, date_of_birth) values (670, 'Frank', 'Lee', '06/26/1998');
insert into client (client_id, first_name, last_name, date_of_birth) values (671, 'Lillian', 'Meyer', '12/18/1981');
insert into client (client_id, first_name, last_name, date_of_birth) values (672, 'Denise', 'Foster', '10/11/1972');
insert into client (client_id, first_name, last_name, date_of_birth) values (673, 'Diana', 'Stevens', '11/02/1967');
insert into client (client_id, first_name, last_name, date_of_birth) values (674, 'Eugene', 'Sanders', '12/17/1998');
insert into client (client_id, first_name, last_name, date_of_birth) values (675, 'Benjamin', 'Montgomery', '04/05/1992');
insert into client (client_id, first_name, last_name, date_of_birth) values (676, 'Anthony', 'Evans', '02/28/1977');
insert into client (client_id, first_name, last_name, date_of_birth) values (677, 'Sara', 'Ortiz', '02/27/1960');
insert into client (client_id, first_name, last_name, date_of_birth) values (678, 'Roger', 'Price', '04/26/1990');
insert into client (client_id, first_name, last_name, date_of_birth) values (679, 'Kelly', 'Stephens', '03/23/1977');
insert into client (client_id, first_name, last_name, date_of_birth) values (680, 'Andrea', 'Fisher', '10/17/1967');
insert into client (client_id, first_name, last_name, date_of_birth) values (681, 'Susan', 'Garcia', '08/30/1963');
insert into client (client_id, first_name, last_name, date_of_birth) values (682, 'Ernest', 'Alexander', '05/17/1969');
insert into client (client_id, first_name, last_name, date_of_birth) values (683, 'Ralph', 'Frazier', '12/27/1993');
insert into client (client_id, first_name, last_name, date_of_birth) values (684, 'Joseph', 'Palmer', '03/22/1969');
insert into client (client_id, first_name, last_name, date_of_birth) values (685, 'Peter', 'Rose', '02/18/1992');
insert into client (client_id, first_name, last_name, date_of_birth) values (686, 'William', 'Morris', '05/02/1998');
insert into client (client_id, first_name, last_name, date_of_birth) values (687, 'Donna', 'Martin', '08/27/1983');
insert into client (client_id, first_name, last_name, date_of_birth) values (688, 'Anthony', 'Berry', '02/04/1970');
insert into client (client_id, first_name, last_name, date_of_birth) values (689, 'Johnny', 'Anderson', '06/13/1993');
insert into client (client_id, first_name, last_name, date_of_birth) values (690, 'Heather', 'Davis', '04/04/1998');
insert into client (client_id, first_name, last_name, date_of_birth) values (691, 'Donna', 'Oliver', '02/19/1988');
insert into client (client_id, first_name, last_name, date_of_birth) values (692, 'Sandra', 'Turner', '01/16/1968');
insert into client (client_id, first_name, last_name, date_of_birth) values (693, 'Walter', 'Smith', '09/18/1962');
insert into client (client_id, first_name, last_name, date_of_birth) values (694, 'Lori', 'Nichols', '12/09/1970');
insert into client (client_id, first_name, last_name, date_of_birth) values (695, 'Jacqueline', 'Lewis', '12/15/1973');
insert into client (client_id, first_name, last_name, date_of_birth) values (696, 'Christine', 'Spencer', '04/11/1970');
insert into client (client_id, first_name, last_name, date_of_birth) values (697, 'Kelly', 'Romero', '11/30/1965');
insert into client (client_id, first_name, last_name, date_of_birth) values (698, 'Helen', 'Morgan', '10/23/1981');
insert into client (client_id, first_name, last_name, date_of_birth) values (699, 'Harold', 'Moreno', '12/31/1972');
insert into client (client_id, first_name, last_name, date_of_birth) values (700, 'Kimberly', 'Ward', '10/31/1999');
insert into client (client_id, first_name, last_name, date_of_birth) values (701, 'Phyllis', 'Fowler', '02/12/2000');
insert into client (client_id, first_name, last_name, date_of_birth) values (702, 'Kathy', 'Carroll', '09/18/1965');
insert into client (client_id, first_name, last_name, date_of_birth) values (703, 'Jane', 'Diaz', '11/18/1970');
insert into client (client_id, first_name, last_name, date_of_birth) values (704, 'Jeffrey', 'Ramirez', '03/11/1995');
insert into client (client_id, first_name, last_name, date_of_birth) values (705, 'Bruce', 'Medina', '08/09/1999');
insert into client (client_id, first_name, last_name, date_of_birth) values (706, 'Peter', 'Gilbert', '10/23/1968');
insert into client (client_id, first_name, last_name, date_of_birth) values (707, 'James', 'Boyd', '09/11/1979');
insert into client (client_id, first_name, last_name, date_of_birth) values (708, 'Carolyn', 'Stewart', '03/18/1995');
insert into client (client_id, first_name, last_name, date_of_birth) values (709, 'Beverly', 'Larson', '11/24/1981');
insert into client (client_id, first_name, last_name, date_of_birth) values (710, 'Peter', 'Edwards', '07/06/1992');
insert into client (client_id, first_name, last_name, date_of_birth) values (711, 'Joe', 'Coleman', '09/03/1967');
insert into client (client_id, first_name, last_name, date_of_birth) values (712, 'Lawrence', 'Martin', '05/12/1979');
insert into client (client_id, first_name, last_name, date_of_birth) values (713, 'Kenneth', 'Ferguson', '03/24/1993');
insert into client (client_id, first_name, last_name, date_of_birth) values (714, 'Philip', 'Wood', '09/29/1987');
insert into client (client_id, first_name, last_name, date_of_birth) values (715, 'Catherine', 'Gibson', '05/09/1987');
insert into client (client_id, first_name, last_name, date_of_birth) values (716, 'Ashley', 'Murphy', '09/06/1975');
insert into client (client_id, first_name, last_name, date_of_birth) values (717, 'Mildred', 'Stewart', '06/09/1990');
insert into client (client_id, first_name, last_name, date_of_birth) values (718, 'Gerald', 'Woods', '10/29/1980');
insert into client (client_id, first_name, last_name, date_of_birth) values (719, 'Eric', 'Gibson', '09/14/1970');
insert into client (client_id, first_name, last_name, date_of_birth) values (720, 'Janet', 'Porter', '07/12/1991');
insert into client (client_id, first_name, last_name, date_of_birth) values (721, 'Todd', 'Schmidt', '08/15/1960');
insert into client (client_id, first_name, last_name, date_of_birth) values (722, 'Barbara', 'Ford', '05/03/1975');
insert into client (client_id, first_name, last_name, date_of_birth) values (723, 'Chris', 'Williams', '07/09/1995');
insert into client (client_id, first_name, last_name, date_of_birth) values (724, 'Nicholas', 'Simmons', '10/09/1996');
insert into client (client_id, first_name, last_name, date_of_birth) values (725, 'Charles', 'Griffin', '03/03/1986');
insert into client (client_id, first_name, last_name, date_of_birth) values (726, 'Larry', 'Morris', '08/29/1965');
insert into client (client_id, first_name, last_name, date_of_birth) values (727, 'Andrea', 'Walker', '03/04/1967');
insert into client (client_id, first_name, last_name, date_of_birth) values (728, 'Julie', 'Chavez', '03/24/1998');
insert into client (client_id, first_name, last_name, date_of_birth) values (729, 'Ryan', 'Wagner', '12/21/1991');
insert into client (client_id, first_name, last_name, date_of_birth) values (730, 'Judith', 'Carter', '03/20/1981');
insert into client (client_id, first_name, last_name, date_of_birth) values (731, 'Jessica', 'Hawkins', '07/15/1974');
insert into client (client_id, first_name, last_name, date_of_birth) values (732, 'John', 'Williamson', '04/08/1972');
insert into client (client_id, first_name, last_name, date_of_birth) values (733, 'Rachel', 'Lewis', '11/03/1988');
insert into client (client_id, first_name, last_name, date_of_birth) values (734, 'Joan', 'Fields', '01/03/1975');
insert into client (client_id, first_name, last_name, date_of_birth) values (735, 'Chris', 'Sanchez', '08/26/1999');
insert into client (client_id, first_name, last_name, date_of_birth) values (736, 'Michael', 'Howard', '05/26/1963');
insert into client (client_id, first_name, last_name, date_of_birth) values (737, 'Russell', 'Hughes', '01/20/1978');
insert into client (client_id, first_name, last_name, date_of_birth) values (738, 'Tina', 'Boyd', '06/30/1969');
insert into client (client_id, first_name, last_name, date_of_birth) values (739, 'Kenneth', 'Sanders', '06/10/1962');
insert into client (client_id, first_name, last_name, date_of_birth) values (740, 'Douglas', 'Washington', '07/14/1963');
insert into client (client_id, first_name, last_name, date_of_birth) values (741, 'Brandon', 'Hunt', '04/24/1999');
insert into client (client_id, first_name, last_name, date_of_birth) values (742, 'Anna', 'Cooper', '08/10/1997');
insert into client (client_id, first_name, last_name, date_of_birth) values (743, 'Rebecca', 'Gomez', '04/10/1984');
insert into client (client_id, first_name, last_name, date_of_birth) values (744, 'Linda', 'Cunningham', '09/06/1977');
insert into client (client_id, first_name, last_name, date_of_birth) values (745, 'Jeffrey', 'Reed', '12/09/1963');
insert into client (client_id, first_name, last_name, date_of_birth) values (746, 'Lisa', 'Frazier', '10/19/1962');
insert into client (client_id, first_name, last_name, date_of_birth) values (747, 'Chris', 'Cruz', '06/12/1987');
insert into client (client_id, first_name, last_name, date_of_birth) values (748, 'Frank', 'Davis', '08/28/1960');
insert into client (client_id, first_name, last_name, date_of_birth) values (749, 'Margaret', 'Harris', '05/15/1989');
insert into client (client_id, first_name, last_name, date_of_birth) values (750, 'Joseph', 'Butler', '03/20/1994');
insert into client (client_id, first_name, last_name, date_of_birth) values (751, 'Shawn', 'Matthews', '01/06/1986');
insert into client (client_id, first_name, last_name, date_of_birth) values (752, 'David', 'Russell', '10/29/1989');
insert into client (client_id, first_name, last_name, date_of_birth) values (753, 'Debra', 'Tucker', '05/04/1971');
insert into client (client_id, first_name, last_name, date_of_birth) values (754, 'Judy', 'Hanson', '12/21/1995');
insert into client (client_id, first_name, last_name, date_of_birth) values (755, 'Jimmy', 'Fox', '01/20/1999');
insert into client (client_id, first_name, last_name, date_of_birth) values (756, 'Annie', 'Wilson', '11/27/1991');
insert into client (client_id, first_name, last_name, date_of_birth) values (757, 'Margaret', 'Carr', '01/21/1983');
insert into client (client_id, first_name, last_name, date_of_birth) values (758, 'Ruth', 'Dixon', '09/23/1985');
insert into client (client_id, first_name, last_name, date_of_birth) values (759, 'Jonathan', 'Welch', '09/23/1970');
insert into client (client_id, first_name, last_name, date_of_birth) values (760, 'Diane', 'Cruz', '03/18/1981');
insert into client (client_id, first_name, last_name, date_of_birth) values (761, 'Joshua', 'Ramos', '04/16/1992');
insert into client (client_id, first_name, last_name, date_of_birth) values (762, 'Mary', 'Wallace', '02/14/1975');
insert into client (client_id, first_name, last_name, date_of_birth) values (763, 'Steven', 'Hunter', '02/16/1981');
insert into client (client_id, first_name, last_name, date_of_birth) values (764, 'Donna', 'Reid', '02/04/1990');
insert into client (client_id, first_name, last_name, date_of_birth) values (765, 'Tammy', 'Welch', '07/23/1972');
insert into client (client_id, first_name, last_name, date_of_birth) values (766, 'Carol', 'Edwards', '11/22/1972');
insert into client (client_id, first_name, last_name, date_of_birth) values (767, 'George', 'Long', '04/26/1967');
insert into client (client_id, first_name, last_name, date_of_birth) values (768, 'Jeffrey', 'Torres', '01/13/1968');
insert into client (client_id, first_name, last_name, date_of_birth) values (769, 'Jonathan', 'Phillips', '07/13/1989');
insert into client (client_id, first_name, last_name, date_of_birth) values (770, 'Justin', 'Wagner', '09/15/1991');
insert into client (client_id, first_name, last_name, date_of_birth) values (771, 'Alan', 'Wallace', '03/10/1989');
insert into client (client_id, first_name, last_name, date_of_birth) values (772, 'James', 'Olson', '03/17/2000');
insert into client (client_id, first_name, last_name, date_of_birth) values (773, 'Judy', 'Perry', '05/10/1967');
insert into client (client_id, first_name, last_name, date_of_birth) values (774, 'Daniel', 'Weaver', '08/16/1984');
insert into client (client_id, first_name, last_name, date_of_birth) values (775, 'Amanda', 'Johnson', '07/31/1990');
insert into client (client_id, first_name, last_name, date_of_birth) values (776, 'Howard', 'Schmidt', '05/07/1973');
insert into client (client_id, first_name, last_name, date_of_birth) values (777, 'Rebecca', 'Grant', '03/31/1970');
insert into client (client_id, first_name, last_name, date_of_birth) values (778, 'Douglas', 'Collins', '02/27/1993');
insert into client (client_id, first_name, last_name, date_of_birth) values (779, 'Nancy', 'Schmidt', '10/23/1966');
insert into client (client_id, first_name, last_name, date_of_birth) values (780, 'Jane', 'James', '12/02/1971');
insert into client (client_id, first_name, last_name, date_of_birth) values (781, 'Lisa', 'Price', '07/16/1992');
insert into client (client_id, first_name, last_name, date_of_birth) values (782, 'Harry', 'Olson', '09/03/1996');
insert into client (client_id, first_name, last_name, date_of_birth) values (783, 'Roger', 'Harris', '02/10/1984');
insert into client (client_id, first_name, last_name, date_of_birth) values (784, 'Ernest', 'Barnes', '03/21/1996');
insert into client (client_id, first_name, last_name, date_of_birth) values (785, 'Philip', 'Berry', '07/29/1971');
insert into client (client_id, first_name, last_name, date_of_birth) values (786, 'Mark', 'Peters', '05/24/1964');
insert into client (client_id, first_name, last_name, date_of_birth) values (787, 'Diane', 'Fox', '02/12/1978');
insert into client (client_id, first_name, last_name, date_of_birth) values (788, 'Helen', 'Collins', '06/30/1988');
insert into client (client_id, first_name, last_name, date_of_birth) values (789, 'Gloria', 'Myers', '10/12/1982');
insert into client (client_id, first_name, last_name, date_of_birth) values (790, 'Timothy', 'Cole', '02/19/1995');
insert into client (client_id, first_name, last_name, date_of_birth) values (791, 'Shirley', 'Rogers', '04/23/1982');
insert into client (client_id, first_name, last_name, date_of_birth) values (792, 'Elizabeth', 'Stewart', '02/23/1968');
insert into client (client_id, first_name, last_name, date_of_birth) values (793, 'Maria', 'Butler', '08/08/1995');
insert into client (client_id, first_name, last_name, date_of_birth) values (794, 'Maria', 'Robertson', '04/10/1997');
insert into client (client_id, first_name, last_name, date_of_birth) values (795, 'Douglas', 'Ellis', '06/20/1983');
insert into client (client_id, first_name, last_name, date_of_birth) values (796, 'Lois', 'Kim', '08/06/1978');
insert into client (client_id, first_name, last_name, date_of_birth) values (797, 'Donna', 'Myers', '04/06/1979');
insert into client (client_id, first_name, last_name, date_of_birth) values (798, 'Andrea', 'Clark', '03/09/1961');
insert into client (client_id, first_name, last_name, date_of_birth) values (799, 'Arthur', 'Perkins', '07/21/1966');
insert into client (client_id, first_name, last_name, date_of_birth) values (800, 'Christine', 'Wallace', '12/31/1998');
insert into client (client_id, first_name, last_name, date_of_birth) values (801, 'Helen', 'Porter', '06/06/2000');
insert into client (client_id, first_name, last_name, date_of_birth) values (802, 'Justin', 'Romero', '12/07/1997');
insert into client (client_id, first_name, last_name, date_of_birth) values (803, 'Harold', 'Sanders', '11/23/1971');
insert into client (client_id, first_name, last_name, date_of_birth) values (804, 'Carlos', 'Boyd', '03/13/1993');
insert into client (client_id, first_name, last_name, date_of_birth) values (805, 'Frank', 'Perez', '06/11/1965');
insert into client (client_id, first_name, last_name, date_of_birth) values (806, 'Diane', 'Williams', '11/02/1968');
insert into client (client_id, first_name, last_name, date_of_birth) values (807, 'Nicole', 'Wells', '06/16/1968');
insert into client (client_id, first_name, last_name, date_of_birth) values (808, 'Ruby', 'Morrison', '03/18/1999');
insert into client (client_id, first_name, last_name, date_of_birth) values (809, 'Ann', 'Hill', '12/22/1977');
insert into client (client_id, first_name, last_name, date_of_birth) values (810, 'Maria', 'Owens', '04/12/1997');
insert into client (client_id, first_name, last_name, date_of_birth) values (811, 'Daniel', 'Walker', '01/02/1999');
insert into client (client_id, first_name, last_name, date_of_birth) values (812, 'Anna', 'Rivera', '02/18/1977');
insert into client (client_id, first_name, last_name, date_of_birth) values (813, 'Adam', 'Austin', '10/19/1966');
insert into client (client_id, first_name, last_name, date_of_birth) values (814, 'Christina', 'Lynch', '09/04/1987');
insert into client (client_id, first_name, last_name, date_of_birth) values (815, 'Diana', 'Ellis', '05/03/1995');
insert into client (client_id, first_name, last_name, date_of_birth) values (816, 'Bobby', 'West', '07/12/1970');
insert into client (client_id, first_name, last_name, date_of_birth) values (817, 'Brandon', 'West', '05/10/1984');
insert into client (client_id, first_name, last_name, date_of_birth) values (818, 'Keith', 'Matthews', '01/02/1971');
insert into client (client_id, first_name, last_name, date_of_birth) values (819, 'Karen', 'Vasquez', '03/29/1999');
insert into client (client_id, first_name, last_name, date_of_birth) values (820, 'Wanda', 'Andrews', '06/07/1974');
insert into client (client_id, first_name, last_name, date_of_birth) values (821, 'Andrea', 'Perez', '11/01/1979');
insert into client (client_id, first_name, last_name, date_of_birth) values (822, 'Raymond', 'Stephens', '12/04/1994');
insert into client (client_id, first_name, last_name, date_of_birth) values (823, 'Katherine', 'Barnes', '12/10/1978');
insert into client (client_id, first_name, last_name, date_of_birth) values (824, 'Julia', 'Lawrence', '03/01/1997');
insert into client (client_id, first_name, last_name, date_of_birth) values (825, 'Cynthia', 'Alvarez', '12/31/1994');
insert into client (client_id, first_name, last_name, date_of_birth) values (826, 'Peter', 'Peterson', '09/09/2000');
insert into client (client_id, first_name, last_name, date_of_birth) values (827, 'Paul', 'Kelley', '12/29/1979');
insert into client (client_id, first_name, last_name, date_of_birth) values (828, 'Teresa', 'Green', '02/15/1986');
insert into client (client_id, first_name, last_name, date_of_birth) values (829, 'Rebecca', 'Shaw', '12/04/1988');
insert into client (client_id, first_name, last_name, date_of_birth) values (830, 'Timothy', 'Morrison', '05/09/1996');
insert into client (client_id, first_name, last_name, date_of_birth) values (831, 'Doris', 'Barnes', '01/03/1981');
insert into client (client_id, first_name, last_name, date_of_birth) values (832, 'Scott', 'Sims', '03/07/1987');
insert into client (client_id, first_name, last_name, date_of_birth) values (833, 'Randy', 'Perez', '10/31/1989');
insert into client (client_id, first_name, last_name, date_of_birth) values (834, 'Louise', 'Phillips', '01/19/1988');
insert into client (client_id, first_name, last_name, date_of_birth) values (835, 'Earl', 'Mason', '03/28/1994');
insert into client (client_id, first_name, last_name, date_of_birth) values (836, 'Tammy', 'Hughes', '04/19/1971');
insert into client (client_id, first_name, last_name, date_of_birth) values (837, 'Virginia', 'Pierce', '12/04/1990');
insert into client (client_id, first_name, last_name, date_of_birth) values (838, 'Edward', 'Lewis', '09/21/1965');
insert into client (client_id, first_name, last_name, date_of_birth) values (839, 'Louise', 'Hill', '01/31/1983');
insert into client (client_id, first_name, last_name, date_of_birth) values (840, 'Timothy', 'Thomas', '07/07/1989');
insert into client (client_id, first_name, last_name, date_of_birth) values (841, 'Charles', 'Wilson', '01/21/1980');
insert into client (client_id, first_name, last_name, date_of_birth) values (842, 'Annie', 'James', '07/26/1990');
insert into client (client_id, first_name, last_name, date_of_birth) values (843, 'Ann', 'Dean', '05/30/1991');
insert into client (client_id, first_name, last_name, date_of_birth) values (844, 'Jack', 'Hunt', '04/17/1984');
insert into client (client_id, first_name, last_name, date_of_birth) values (845, 'Louis', 'Mills', '10/05/1981');
insert into client (client_id, first_name, last_name, date_of_birth) values (846, 'Harold', 'Jacobs', '04/24/1962');
insert into client (client_id, first_name, last_name, date_of_birth) values (847, 'Anthony', 'Boyd', '03/03/1978');
insert into client (client_id, first_name, last_name, date_of_birth) values (848, 'Phillip', 'Peterson', '06/24/1970');
insert into client (client_id, first_name, last_name, date_of_birth) values (849, 'Harold', 'Burns', '10/07/1992');
insert into client (client_id, first_name, last_name, date_of_birth) values (850, 'Phyllis', 'Stanley', '07/02/1973');
insert into client (client_id, first_name, last_name, date_of_birth) values (851, 'Tina', 'Walker', '08/13/1978');
insert into client (client_id, first_name, last_name, date_of_birth) values (852, 'Phyllis', 'Hicks', '06/11/1982');
insert into client (client_id, first_name, last_name, date_of_birth) values (853, 'Larry', 'Jacobs', '04/24/1968');
insert into client (client_id, first_name, last_name, date_of_birth) values (854, 'Adam', 'Hill', '02/06/1991');
insert into client (client_id, first_name, last_name, date_of_birth) values (855, 'Rose', 'Lee', '04/08/1971');
insert into client (client_id, first_name, last_name, date_of_birth) values (856, 'Julia', 'Jenkins', '12/19/1980');
insert into client (client_id, first_name, last_name, date_of_birth) values (857, 'Andrew', 'Harris', '06/04/1965');
insert into client (client_id, first_name, last_name, date_of_birth) values (858, 'Harold', 'Reynolds', '07/31/1980');
insert into client (client_id, first_name, last_name, date_of_birth) values (859, 'Ruby', 'Watkins', '09/13/1978');
insert into client (client_id, first_name, last_name, date_of_birth) values (860, 'Dorothy', 'Allen', '03/29/1975');
insert into client (client_id, first_name, last_name, date_of_birth) values (861, 'Katherine', 'Ferguson', '01/28/1972');
insert into client (client_id, first_name, last_name, date_of_birth) values (862, 'Matthew', 'Sullivan', '07/14/1973');
insert into client (client_id, first_name, last_name, date_of_birth) values (863, 'Shawn', 'Rivera', '08/23/1975');
insert into client (client_id, first_name, last_name, date_of_birth) values (864, 'Marilyn', 'Dixon', '10/07/1984');
insert into client (client_id, first_name, last_name, date_of_birth) values (865, 'Martin', 'Myers', '01/26/1967');
insert into client (client_id, first_name, last_name, date_of_birth) values (866, 'Jeremy', 'Morgan', '11/28/1990');
insert into client (client_id, first_name, last_name, date_of_birth) values (867, 'Billy', 'Ortiz', '05/18/1969');
insert into client (client_id, first_name, last_name, date_of_birth) values (868, 'Brandon', 'Wood', '08/18/1971');
insert into client (client_id, first_name, last_name, date_of_birth) values (869, 'Jesse', 'Sullivan', '04/08/1966');
insert into client (client_id, first_name, last_name, date_of_birth) values (870, 'Eugene', 'Martinez', '12/22/1960');
insert into client (client_id, first_name, last_name, date_of_birth) values (871, 'Lisa', 'James', '02/15/1970');
insert into client (client_id, first_name, last_name, date_of_birth) values (872, 'Stephen', 'Henderson', '12/22/1971');
insert into client (client_id, first_name, last_name, date_of_birth) values (873, 'Emily', 'Burns', '08/31/1995');
insert into client (client_id, first_name, last_name, date_of_birth) values (874, 'Nicole', 'Rice', '08/05/1964');
insert into client (client_id, first_name, last_name, date_of_birth) values (875, 'Louise', 'Myers', '01/10/1986');
insert into client (client_id, first_name, last_name, date_of_birth) values (876, 'Joseph', 'Price', '10/30/1981');
insert into client (client_id, first_name, last_name, date_of_birth) values (877, 'Keith', 'Rivera', '03/31/1980');
insert into client (client_id, first_name, last_name, date_of_birth) values (878, 'Laura', 'Ramos', '06/28/1998');
insert into client (client_id, first_name, last_name, date_of_birth) values (879, 'Elizabeth', 'Cox', '04/11/1990');
insert into client (client_id, first_name, last_name, date_of_birth) values (880, 'Catherine', 'Andrews', '04/05/1986');
insert into client (client_id, first_name, last_name, date_of_birth) values (881, 'Frank', 'Carroll', '09/11/1987');
insert into client (client_id, first_name, last_name, date_of_birth) values (882, 'Walter', 'Ford', '07/24/1985');
insert into client (client_id, first_name, last_name, date_of_birth) values (883, 'Sean', 'Wells', '10/10/1969');
insert into client (client_id, first_name, last_name, date_of_birth) values (884, 'Lois', 'Clark', '11/21/1981');
insert into client (client_id, first_name, last_name, date_of_birth) values (885, 'Earl', 'Wallace', '07/01/1984');
insert into client (client_id, first_name, last_name, date_of_birth) values (886, 'Albert', 'Burton', '11/11/1977');
insert into client (client_id, first_name, last_name, date_of_birth) values (887, 'Virginia', 'Ellis', '09/07/1997');
insert into client (client_id, first_name, last_name, date_of_birth) values (888, 'Gary', 'Kim', '10/17/1965');
insert into client (client_id, first_name, last_name, date_of_birth) values (889, 'Jeffrey', 'Frazier', '05/05/1967');
insert into client (client_id, first_name, last_name, date_of_birth) values (890, 'Betty', 'Ellis', '06/28/1973');
insert into client (client_id, first_name, last_name, date_of_birth) values (891, 'Fred', 'Burke', '06/28/1999');
insert into client (client_id, first_name, last_name, date_of_birth) values (892, 'William', 'Webb', '08/20/1999');
insert into client (client_id, first_name, last_name, date_of_birth) values (893, 'Susan', 'Perry', '11/18/1965');
insert into client (client_id, first_name, last_name, date_of_birth) values (894, 'Janet', 'Stevens', '01/28/1967');
insert into client (client_id, first_name, last_name, date_of_birth) values (895, 'Victor', 'Morris', '03/04/1990');
insert into client (client_id, first_name, last_name, date_of_birth) values (896, 'Gary', 'Kelly', '02/27/1970');
insert into client (client_id, first_name, last_name, date_of_birth) values (897, 'Catherine', 'Elliott', '05/22/1992');
insert into client (client_id, first_name, last_name, date_of_birth) values (898, 'Carlos', 'Spencer', '06/23/1974');
insert into client (client_id, first_name, last_name, date_of_birth) values (899, 'Virginia', 'Stevens', '06/27/1973');
insert into client (client_id, first_name, last_name, date_of_birth) values (900, 'Lillian', 'Fields', '01/13/1997');
insert into client (client_id, first_name, last_name, date_of_birth) values (901, 'Judy', 'Jacobs', '05/04/1972');
insert into client (client_id, first_name, last_name, date_of_birth) values (902, 'Anthony', 'Alvarez', '04/21/1968');
insert into client (client_id, first_name, last_name, date_of_birth) values (903, 'Joan', 'Day', '05/12/1971');
insert into client (client_id, first_name, last_name, date_of_birth) values (904, 'Kenneth', 'Gray', '11/13/1970');
insert into client (client_id, first_name, last_name, date_of_birth) values (905, 'Brenda', 'Arnold', '04/01/1978');
insert into client (client_id, first_name, last_name, date_of_birth) values (906, 'Martin', 'Long', '09/04/1998');
insert into client (client_id, first_name, last_name, date_of_birth) values (907, 'Willie', 'Clark', '04/29/1981');
insert into client (client_id, first_name, last_name, date_of_birth) values (908, 'Bonnie', 'Simpson', '09/03/1979');
insert into client (client_id, first_name, last_name, date_of_birth) values (909, 'Adam', 'Butler', '05/24/1965');
insert into client (client_id, first_name, last_name, date_of_birth) values (910, 'Raymond', 'Fields', '05/07/1974');
insert into client (client_id, first_name, last_name, date_of_birth) values (911, 'Sandra', 'Shaw', '01/29/1962');
insert into client (client_id, first_name, last_name, date_of_birth) values (912, 'Lori', 'Andrews', '01/29/1974');
insert into client (client_id, first_name, last_name, date_of_birth) values (913, 'Lisa', 'Fox', '06/05/1981');
insert into client (client_id, first_name, last_name, date_of_birth) values (914, 'Raymond', 'Little', '12/25/1979');
insert into client (client_id, first_name, last_name, date_of_birth) values (915, 'Linda', 'Harvey', '09/10/1987');
insert into client (client_id, first_name, last_name, date_of_birth) values (916, 'Jack', 'Walker', '12/31/1977');
insert into client (client_id, first_name, last_name, date_of_birth) values (917, 'Jose', 'Miller', '07/11/1999');
insert into client (client_id, first_name, last_name, date_of_birth) values (918, 'Fred', 'Cook', '08/06/1993');
insert into client (client_id, first_name, last_name, date_of_birth) values (919, 'Shawn', 'Woods', '09/29/1985');
insert into client (client_id, first_name, last_name, date_of_birth) values (920, 'Arthur', 'Hunter', '02/07/1985');
insert into client (client_id, first_name, last_name, date_of_birth) values (921, 'Jacqueline', 'Bell', '05/24/1989');
insert into client (client_id, first_name, last_name, date_of_birth) values (922, 'John', 'Kim', '02/07/1989');
insert into client (client_id, first_name, last_name, date_of_birth) values (923, 'Martin', 'Rogers', '03/01/1977');
insert into client (client_id, first_name, last_name, date_of_birth) values (924, 'Margaret', 'Morris', '04/15/1990');
insert into client (client_id, first_name, last_name, date_of_birth) values (925, 'Victor', 'Matthews', '07/23/1960');
insert into client (client_id, first_name, last_name, date_of_birth) values (926, 'Barbara', 'Bryant', '09/11/1962');
insert into client (client_id, first_name, last_name, date_of_birth) values (927, 'Brenda', 'Fernandez', '07/19/1983');
insert into client (client_id, first_name, last_name, date_of_birth) values (928, 'Kathy', 'Jacobs', '02/26/1983');
insert into client (client_id, first_name, last_name, date_of_birth) values (929, 'Chris', 'Fox', '02/15/1969');
insert into client (client_id, first_name, last_name, date_of_birth) values (930, 'Tammy', 'Bradley', '02/08/1970');
insert into client (client_id, first_name, last_name, date_of_birth) values (931, 'Jeffrey', 'Gomez', '04/18/1979');
insert into client (client_id, first_name, last_name, date_of_birth) values (932, 'Donna', 'Morrison', '06/17/1965');
insert into client (client_id, first_name, last_name, date_of_birth) values (933, 'Janice', 'Greene', '12/04/1973');
insert into client (client_id, first_name, last_name, date_of_birth) values (934, 'Jerry', 'Cooper', '07/23/1968');
insert into client (client_id, first_name, last_name, date_of_birth) values (935, 'Bonnie', 'Olson', '04/23/1975');
insert into client (client_id, first_name, last_name, date_of_birth) values (936, 'Russell', 'Riley', '05/25/1964');
insert into client (client_id, first_name, last_name, date_of_birth) values (937, 'Marie', 'Young', '06/10/1992');
insert into client (client_id, first_name, last_name, date_of_birth) values (938, 'Ruby', 'Jordan', '01/09/1990');
insert into client (client_id, first_name, last_name, date_of_birth) values (939, 'Lawrence', 'Elliott', '12/26/1991');
insert into client (client_id, first_name, last_name, date_of_birth) values (940, 'Dennis', 'Jones', '05/01/1982');
insert into client (client_id, first_name, last_name, date_of_birth) values (941, 'Paul', 'Nichols', '03/04/1991');
insert into client (client_id, first_name, last_name, date_of_birth) values (942, 'Scott', 'Diaz', '05/13/1965');
insert into client (client_id, first_name, last_name, date_of_birth) values (943, 'Jerry', 'Lawrence', '09/29/1968');
insert into client (client_id, first_name, last_name, date_of_birth) values (944, 'Ronald', 'Gomez', '01/22/1990');
insert into client (client_id, first_name, last_name, date_of_birth) values (945, 'Jose', 'Palmer', '07/31/1984');
insert into client (client_id, first_name, last_name, date_of_birth) values (946, 'Justin', 'Hansen', '05/05/1992');
insert into client (client_id, first_name, last_name, date_of_birth) values (947, 'James', 'Medina', '12/21/1987');
insert into client (client_id, first_name, last_name, date_of_birth) values (948, 'Albert', 'Harvey', '05/22/1970');
insert into client (client_id, first_name, last_name, date_of_birth) values (949, 'Brandon', 'Moreno', '11/15/1979');
insert into client (client_id, first_name, last_name, date_of_birth) values (950, 'Kathleen', 'Boyd', '08/28/1993');
insert into client (client_id, first_name, last_name, date_of_birth) values (951, 'Anna', 'Powell', '01/30/1961');
insert into client (client_id, first_name, last_name, date_of_birth) values (952, 'Kathryn', 'Wagner', '11/29/1979');
insert into client (client_id, first_name, last_name, date_of_birth) values (953, 'Willie', 'Young', '11/08/1999');
insert into client (client_id, first_name, last_name, date_of_birth) values (954, 'Steve', 'Frazier', '07/20/1978');
insert into client (client_id, first_name, last_name, date_of_birth) values (955, 'Donna', 'Spencer', '09/11/1981');
insert into client (client_id, first_name, last_name, date_of_birth) values (956, 'Kathy', 'Harper', '05/25/1997');
insert into client (client_id, first_name, last_name, date_of_birth) values (957, 'Sean', 'Howard', '08/11/1979');
insert into client (client_id, first_name, last_name, date_of_birth) values (958, 'Lillian', 'Reynolds', '09/14/2000');
insert into client (client_id, first_name, last_name, date_of_birth) values (959, 'Teresa', 'Stanley', '03/11/1984');
insert into client (client_id, first_name, last_name, date_of_birth) values (960, 'Helen', 'Marshall', '11/05/1976');
insert into client (client_id, first_name, last_name, date_of_birth) values (961, 'Aaron', 'Jenkins', '04/27/1987');
insert into client (client_id, first_name, last_name, date_of_birth) values (962, 'Raymond', 'Scott', '11/01/1999');
insert into client (client_id, first_name, last_name, date_of_birth) values (963, 'Earl', 'Thompson', '06/20/1999');
insert into client (client_id, first_name, last_name, date_of_birth) values (964, 'Joe', 'Moore', '03/24/1961');
insert into client (client_id, first_name, last_name, date_of_birth) values (965, 'Victor', 'Little', '02/23/1973');
insert into client (client_id, first_name, last_name, date_of_birth) values (966, 'Alan', 'Hill', '05/02/1971');
insert into client (client_id, first_name, last_name, date_of_birth) values (967, 'Catherine', 'Mills', '07/16/1989');
insert into client (client_id, first_name, last_name, date_of_birth) values (968, 'James', 'Armstrong', '08/12/1983');
insert into client (client_id, first_name, last_name, date_of_birth) values (969, 'Phyllis', 'Snyder', '07/31/1966');
insert into client (client_id, first_name, last_name, date_of_birth) values (970, 'Chris', 'Richards', '01/05/1960');
insert into client (client_id, first_name, last_name, date_of_birth) values (971, 'Martha', 'Burton', '07/18/1972');
insert into client (client_id, first_name, last_name, date_of_birth) values (972, 'Louis', 'Hernandez', '08/27/1971');
insert into client (client_id, first_name, last_name, date_of_birth) values (973, 'Bruce', 'Martinez', '07/22/2000');
insert into client (client_id, first_name, last_name, date_of_birth) values (974, 'Clarence', 'Martinez', '03/03/1965');
insert into client (client_id, first_name, last_name, date_of_birth) values (975, 'Lori', 'Fernandez', '08/25/1986');
insert into client (client_id, first_name, last_name, date_of_birth) values (976, 'Tammy', 'Peters', '04/12/1967');
insert into client (client_id, first_name, last_name, date_of_birth) values (977, 'Thomas', 'Wheeler', '04/30/1993');
insert into client (client_id, first_name, last_name, date_of_birth) values (978, 'Nicole', 'Howard', '05/18/1996');
insert into client (client_id, first_name, last_name, date_of_birth) values (979, 'Laura', 'Brown', '11/03/1961');
insert into client (client_id, first_name, last_name, date_of_birth) values (980, 'Andrew', 'Cole', '10/28/1970');
insert into client (client_id, first_name, last_name, date_of_birth) values (981, 'Patricia', 'Garcia', '05/13/1984');
insert into client (client_id, first_name, last_name, date_of_birth) values (982, 'Douglas', 'Carpenter', '12/18/1970');
insert into client (client_id, first_name, last_name, date_of_birth) values (983, 'Susan', 'Watkins', '03/24/1989');
insert into client (client_id, first_name, last_name, date_of_birth) values (984, 'Ruby', 'Burton', '07/13/1963');
insert into client (client_id, first_name, last_name, date_of_birth) values (985, 'Judy', 'Fuller', '06/08/1997');
insert into client (client_id, first_name, last_name, date_of_birth) values (986, 'Helen', 'Robertson', '12/12/2000');
insert into client (client_id, first_name, last_name, date_of_birth) values (987, 'Patricia', 'Wheeler', '10/24/1978');
insert into client (client_id, first_name, last_name, date_of_birth) values (988, 'Carolyn', 'Hall', '02/09/1969');
insert into client (client_id, first_name, last_name, date_of_birth) values (989, 'Joseph', 'Simpson', '10/25/1962');
insert into client (client_id, first_name, last_name, date_of_birth) values (990, 'Norma', 'Allen', '01/12/1990');
insert into client (client_id, first_name, last_name, date_of_birth) values (991, 'Norma', 'Diaz', '09/22/1996');
insert into client (client_id, first_name, last_name, date_of_birth) values (992, 'Michelle', 'Palmer', '05/30/1982');
insert into client (client_id, first_name, last_name, date_of_birth) values (993, 'Jacqueline', 'King', '07/01/1973');
insert into client (client_id, first_name, last_name, date_of_birth) values (994, 'Mark', 'Moore', '09/11/1964');
insert into client (client_id, first_name, last_name, date_of_birth) values (995, 'Stephen', 'Watkins', '09/04/1962');
insert into client (client_id, first_name, last_name, date_of_birth) values (996, 'Paul', 'Lawrence', '06/29/1993');
insert into client (client_id, first_name, last_name, date_of_birth) values (997, 'Lawrence', 'Pierce', '11/29/1998');
insert into client (client_id, first_name, last_name, date_of_birth) values (998, 'Brandon', 'Stephens', '02/17/1982');
insert into client (client_id, first_name, last_name, date_of_birth) values (999, 'Robert', 'Howell', '12/06/1965');
insert into client (client_id, first_name, last_name, date_of_birth) values (1000, 'Sara', 'Vasquez', '02/04/1965');
insert into contact (client_id, phone, email, street_number, street_name, city, state, zip) values (1, '1-(330)524-4349', 'gnelson0@usgs.gov', '38', 'Onsgard', 'Youngstown', 'Ohio', '44555');
insert into contact (client_id, phone, email, street_number, street_name, city, state, zip) values (2, '1-(504)865-2819', 'jyoung1@issuu.com', '091', 'Holy Cross', 'Metairie', 'Louisiana', '70005');
insert into contact (client_id, phone, email, street_number, street_name, city, state, zip) values (3, '1-(410)862-5089', 'erogers2@chronoengine.com', '659', 'Mesta', 'Baltimore', 'Maryland', '21229');
insert into contact (client_id, phone, email, street_number, street_name, city, state, zip) values (4, '1-(814)252-6590', 'lcampbell3@japanpost.jp', '5', 'Anthes', 'Johnstown', 'Pennsylvania', '15906');
insert into contact (client_id, phone, email, street_number, street_name, city, state, zip) values (5, '1-(704)739-1606', 'lbowman4@ameblo.jp', '1', '5th', 'Charlotte', 'North Carolina', '28225');
insert into contact (client_id, phone, email, street_number, street_name, city, state, zip) values (6, '1-(832)841-4925', 'pholmes5@psu.edu', '0', 'Brown', 'Houston', 'Texas', '77025');
insert into contact (client_id, phone, email, street_number, street_name, city, state, zip) values (7, '1-(908)359-7166', 'jgeorge6@exblog.jp', '53924', 'Elgar', 'Elizabeth', 'New Jersey', '07208');
insert into contact (client_id, phone, email, street_number, street_name, city, state, zip) values (8, '1-(407)331-3069', 'mprice7@reuters.com', '204', 'Glendale', 'Orlando', 'Florida', '32835');
insert into contact (client_id, phone, email, street_number, street_name, city, state, zip) values (9, '1-(914)554-6729', 'sschmidt8@nhs.uk', '7', 'Stoughton', 'White Plains', 'New York', '10633');
insert into contact (client_id, phone, email, street_number, street_name, city, state, zip) values (10, '1-(602)700-0482', 'mlittle9@gravatar.com', '436', 'Rockefeller', 'Phoenix', 'Arizona', '85053');
insert into contact (client_id, phone, email, street_number, street_name, city, state, zip) values (11, '1-(505)494-4998', 'mschmidta@behance.net', '3330', 'Grayhawk', 'Albuquerque', 'New Mexico', '87105');
insert into contact (client_id, phone, email, street_number, street_name, city, state, zip) values (12, '1-(954)785-2172', 'cwarrenb@un.org', '1337', 'Dexter', 'Fort Lauderdale', 'Florida', '33325');
insert into contact (client_id, phone, email, street_number, street_name, city, state, zip) values (13, '1-(504)306-9731', 'cfosterc@youku.com', '40827', 'Hooker', 'New Orleans', 'Louisiana', '70149');
insert into contact (client_id, phone, email, street_number, street_name, city, state, zip) values (14, '1-(260)555-1401', 'hedwardsd@seesaa.net', '32', 'Homewood', 'Fort Wayne', 'Indiana', '46805');
insert into contact (client_id, phone, email, street_number, street_name, city, state, zip) values (15, '1-(806)399-0817', 'hcrawforde@xrea.com', '7710', 'Becker', 'Amarillo', 'Texas', '79171');
insert into contact (client_id, phone, email, street_number, street_name, city, state, zip) values (16, '1-(314)298-7932', 'holiverf@last.fm', '65', 'Waxwing', 'Saint Louis', 'Missouri', '63126');
insert into contact (client_id, phone, email, street_number, street_name, city, state, zip) values (17, '1-(719)158-9125', 'adanielsg@redcross.org', '92', 'Manufacturers', 'Colorado Springs', 'Colorado', '80915');
insert into contact (client_id, phone, email, street_number, street_name, city, state, zip) values (18, '1-(518)723-0989', 'charrisonh@liveinternet.ru', '05', 'Vahlen', 'Albany', 'New York', '12247');
insert into contact (client_id, phone, email, street_number, street_name, city, state, zip) values (19, '1-(419)918-3364', 'mrayi@google.cn', '14667', 'Sauthoff', 'Toledo', 'Ohio', '43635');
insert into contact (client_id, phone, email, street_number, street_name, city, state, zip) values (20, '1-(574)463-4961', 'pmyersj@census.gov', '196', 'Bellgrove', 'South Bend', 'Indiana', '46614');
insert into contact (client_id, phone, email, street_number, street_name, city, state, zip) values (21, '1-(804)516-3577', 'rwallacek@dion.ne.jp', '69', 'Norway Maple', 'Richmond', 'Virginia', '23277');
insert into contact (client_id, phone, email, street_number, street_name, city, state, zip) values (22, '1-(901)274-6462', 'jstevensl@earthlink.net', '4553', 'Maple', 'Memphis', 'Tennessee', '38131');
insert into contact (client_id, phone, email, street_number, street_name, city, state, zip) values (23, '1-(260)929-8529', 'rgibsonm@reference.com', '4068', 'Meadow Vale', 'Fort Wayne', 'Indiana', '46896');
insert into contact (client_id, phone, email, street_number, street_name, city, state, zip) values (24, '1-(512)574-6224', 'jbradleyn@cafepress.com', '3414', 'Twin Pines', 'Austin', 'Texas', '78759');
insert into contact (client_id, phone, email, street_number, street_name, city, state, zip) values (25, '1-(918)796-8174', 'acrawfordo@soundcloud.com', '97', 'Blue Bill Park', 'Tulsa', 'Oklahoma', '74116');
insert into contact (client_id, phone, email, street_number, street_name, city, state, zip) values (26, '1-(907)617-6028', 'jbutlerp@columbia.edu', '5021', 'Tennyson', 'Anchorage', 'Alaska', '99522');
insert into contact (client_id, phone, email, street_number, street_name, city, state, zip) values (27, '1-(520)610-1763', 'jgilbertq@ifeng.com', '34343', 'Morning', 'Tucson', 'Arizona', '85732');
insert into contact (client_id, phone, email, street_number, street_name, city, state, zip) values (28, '1-(214)653-5778', 'rallenr@g.co', '7993', 'Hovde', 'Dallas', 'Texas', '75323');
insert into contact (client_id, phone, email, street_number, street_name, city, state, zip) values (29, '1-(215)180-5204', 'smyerss@phoca.cz', '3', 'Fair Oaks', 'Philadelphia', 'Pennsylvania', '19196');
insert into contact (client_id, phone, email, street_number, street_name, city, state, zip) values (30, '1-(503)738-1111', 'mmyerst@behance.net', '65', 'Ludington', 'Salem', 'Oregon', '97306');
insert into contact (client_id, phone, email, street_number, street_name, city, state, zip) values (31, '1-(952)995-9138', 'jwhiteu@comsenz.com', '422', 'Straubel', 'Minneapolis', 'Minnesota', '55446');
insert into contact (client_id, phone, email, street_number, street_name, city, state, zip) values (32, '1-(702)868-0245', 'rarmstrongv@umn.edu', '11600', 'Fallview', 'Henderson', 'Nevada', '89012');
insert into contact (client_id, phone, email, street_number, street_name, city, state, zip) values (33, '1-(916)345-1065', 'cpalmerw@oaic.gov.au', '867', 'Lakeland', 'Sacramento', 'California', '95894');
insert into contact (client_id, phone, email, street_number, street_name, city, state, zip) values (34, '1-(281)609-8483', 'clawrencex@indiatimes.com', '5081', 'Everett', 'Houston', 'Texas', '77020');
insert into contact (client_id, phone, email, street_number, street_name, city, state, zip) values (35, '1-(503)949-9556', 'dharty@adobe.com', '3', 'Pepper Wood', 'Portland', 'Oregon', '97206');
insert into contact (client_id, phone, email, street_number, street_name, city, state, zip) values (36, '1-(727)916-7029', 'smorganz@senate.gov', '48', 'Canary', 'Saint Petersburg', 'Florida', '33715');
insert into contact (client_id, phone, email, street_number, street_name, city, state, zip) values (37, '1-(434)115-2932', 'bcastillo10@tinypic.com', '733', 'Independence', 'Lynchburg', 'Virginia', '24515');
insert into contact (client_id, phone, email, street_number, street_name, city, state, zip) values (38, '1-(361)577-5714', 'jperez11@hao123.com', '577', 'Lawn', 'Corpus Christi', 'Texas', '78410');
insert into contact (client_id, phone, email, street_number, street_name, city, state, zip) values (39, '1-(202)424-7394', 'ajackson12@huffingtonpost.com', '74517', 'Bay', 'Washington', 'District of Columbia', '20319');
insert into contact (client_id, phone, email, street_number, street_name, city, state, zip) values (40, '1-(214)122-4039', 'ttaylor13@wix.com', '5560', 'Summit', 'Houston', 'Texas', '77005');
insert into contact (client_id, phone, email, street_number, street_name, city, state, zip) values (41, '1-(803)201-6143', 'sbowman14@chicagotribune.com', '88', 'Milwaukee', 'Columbia', 'South Carolina', '29240');
insert into contact (client_id, phone, email, street_number, street_name, city, state, zip) values (42, '1-(765)117-3412', 'cowens15@com.com', '691', 'Coolidge', 'Muncie', 'Indiana', '47306');
insert into contact (client_id, phone, email, street_number, street_name, city, state, zip) values (43, '1-(323)552-9643', 'jharvey16@discuz.net', '13979', 'Towne', 'Los Angeles', 'California', '90094');
insert into contact (client_id, phone, email, street_number, street_name, city, state, zip) values (44, '1-(510)132-2836', 'sbell17@desdev.cn', '9', 'Morrow', 'Oakland', 'California', '94660');
insert into contact (client_id, phone, email, street_number, street_name, city, state, zip) values (45, '1-(617)125-7124', 'edixon18@dell.com', '776', 'East', 'Boston', 'Massachusetts', '02216');
insert into contact (client_id, phone, email, street_number, street_name, city, state, zip) values (46, '1-(530)241-2563', 'aschmidt19@wiley.com', '11374', 'Old Gate', 'Chico', 'California', '95973');
insert into contact (client_id, phone, email, street_number, street_name, city, state, zip) values (47, '1-(562)193-6477', 'iberry1a@yellowpages.com', '60394', 'Logan', 'Los Angeles', 'California', '90045');
insert into contact (client_id, phone, email, street_number, street_name, city, state, zip) values (48, '1-(704)231-9342', 'aramirez1b@patch.com', '1', 'Boyd', 'Gastonia', 'North Carolina', '28055');
insert into contact (client_id, phone, email, street_number, street_name, city, state, zip) values (49, '1-(402)357-1463', 'rhughes1c@meetup.com', '4', 'Lake View', 'Lincoln', 'Nebraska', '68517');
insert into contact (client_id, phone, email, street_number, street_name, city, state, zip) values (50, '1-(410)122-8283', 'fmccoy1d@ftc.gov', '47309', 'Vahlen', 'Baltimore', 'Maryland', '21275');
insert into contact (client_id, phone, email, street_number, street_name, city, state, zip) values (51, '1-(816)945-1986', 'hgarcia1e@yandex.ru', '334', 'Anderson', 'Kansas City', 'Missouri', '64190');
insert into contact (client_id, phone, email, street_number, street_name, city, state, zip) values (52, '1-(212)203-5208', 'wpeterson1f@go.com', '2', 'Brentwood', 'New York City', 'New York', '10203');
insert into contact (client_id, phone, email, street_number, street_name, city, state, zip) values (53, '1-(859)792-8763', 'jphillips1g@stumbleupon.com', '8870', 'Hauk', 'Lexington', 'Kentucky', '40515');
insert into contact (client_id, phone, email, street_number, street_name, city, state, zip) values (54, '1-(757)586-3598', 'aramirez1h@hhs.gov', '643', 'Cascade', 'Chesapeake', 'Virginia', '23324');
insert into contact (client_id, phone, email, street_number, street_name, city, state, zip) values (55, '1-(510)372-3966', 'kwelch1i@so-net.ne.jp', '0884', 'Fuller', 'Berkeley', 'California', '94705');
insert into contact (client_id, phone, email, street_number, street_name, city, state, zip) values (56, '1-(302)767-7890', 'hmcdonald1j@samsung.com', '3600', 'Monument', 'Newark', 'Delaware', '19714');
insert into contact (client_id, phone, email, street_number, street_name, city, state, zip) values (57, '1-(714)603-8959', 'wallen1k@marriott.com', '237', 'Service', 'Los Angeles', 'California', '90040');
insert into contact (client_id, phone, email, street_number, street_name, city, state, zip) values (58, '1-(704)216-2796', 'jfuller1l@bravesites.com', '60', 'Eggendart', 'Charlotte', 'North Carolina', '28256');
insert into contact (client_id, phone, email, street_number, street_name, city, state, zip) values (59, '1-(713)903-5465', 'jgordon1m@cdc.gov', '307', 'Cody', 'Houston', 'Texas', '77060');
insert into contact (client_id, phone, email, street_number, street_name, city, state, zip) values (60, '1-(310)334-7049', 'rkelley1n@behance.net', '91', 'Arizona', 'Torrance', 'California', '90505');
insert into contact (client_id, phone, email, street_number, street_name, city, state, zip) values (61, '1-(605)517-1173', 'jfreeman1o@imdb.com', '5425', 'Amoth', 'Sioux Falls', 'South Dakota', '57193');
insert into contact (client_id, phone, email, street_number, street_name, city, state, zip) values (62, '1-(619)192-0193', 'tlittle1p@skyrock.com', '0191', 'Ruskin', 'San Diego', 'California', '92186');
insert into contact (client_id, phone, email, street_number, street_name, city, state, zip) values (63, '1-(919)784-0901', 'gstone1q@moonfruit.com', '54', 'Westerfield', 'Raleigh', 'North Carolina', '27610');
insert into contact (client_id, phone, email, street_number, street_name, city, state, zip) values (64, '1-(585)712-5929', 'mnichols1r@samsung.com', '193', 'Straubel', 'Rochester', 'New York', '14639');
insert into contact (client_id, phone, email, street_number, street_name, city, state, zip) values (65, '1-(916)198-8541', 'lolson1s@squarespace.com', '8272', '5th', 'Sacramento', 'California', '94286');
insert into contact (client_id, phone, email, street_number, street_name, city, state, zip) values (66, '1-(646)860-5536', 'kowens1t@vk.com', '7089', 'Farmco', 'New York City', 'New York', '10155');
insert into contact (client_id, phone, email, street_number, street_name, city, state, zip) values (67, '1-(518)802-3079', 'wshaw1u@addtoany.com', '997', 'Kennedy', 'Schenectady', 'New York', '12305');
insert into contact (client_id, phone, email, street_number, street_name, city, state, zip) values (68, '1-(707)134-3239', 'lgomez1v@java.com', '4', 'Schmedeman', 'Petaluma', 'California', '94975');
insert into contact (client_id, phone, email, street_number, street_name, city, state, zip) values (69, '1-(615)490-8162', 'jrivera1w@merriam-webster.com', '09008', 'North', 'Memphis', 'Tennessee', '38119');
insert into contact (client_id, phone, email, street_number, street_name, city, state, zip) values (70, '1-(731)528-0484', 'lgordon1x@forbes.com', '2', 'Daystar', 'Jackson', 'Tennessee', '38308');
insert into contact (client_id, phone, email, street_number, street_name, city, state, zip) values (71, '1-(305)640-9208', 'hgarrett1y@vimeo.com', '08', 'Badeau', 'Miami', 'Florida', '33158');
insert into contact (client_id, phone, email, street_number, street_name, city, state, zip) values (72, '1-(419)133-2009', 'mgilbert1z@yale.edu', '57', 'Parkside', 'Toledo', 'Ohio', '43610');
insert into contact (client_id, phone, email, street_number, street_name, city, state, zip) values (73, '1-(202)738-1430', 'jwashington20@jiathis.com', '77246', 'Butterfield', 'Washington', 'District of Columbia', '20078');
insert into contact (client_id, phone, email, street_number, street_name, city, state, zip) values (74, '1-(814)953-4667', 'aruiz21@hostgator.com', '688', 'Hanson', 'Erie', 'Pennsylvania', '16510');
insert into contact (client_id, phone, email, street_number, street_name, city, state, zip) values (75, '1-(404)209-0988', 'ddean22@omniture.com', '1', 'Utah', 'Atlanta', 'Georgia', '30386');
insert into contact (client_id, phone, email, street_number, street_name, city, state, zip) values (76, '1-(951)262-5309', 'lcooper23@slate.com', '3', 'Elka', 'Moreno Valley', 'California', '92555');
insert into contact (client_id, phone, email, street_number, street_name, city, state, zip) values (77, '1-(915)489-2674', 'cshaw24@unicef.org', '067', 'Washington', 'El Paso', 'Texas', '79934');
insert into contact (client_id, phone, email, street_number, street_name, city, state, zip) values (78, '1-(864)531-8885', 'cbanks25@dot.gov', '2927', 'Norway Maple', 'Anderson', 'South Carolina', '29625');
insert into contact (client_id, phone, email, street_number, street_name, city, state, zip) values (79, '1-(512)309-1777', 'ethomas26@cmu.edu', '3', 'Mesta', 'Austin', 'Texas', '78744');
insert into contact (client_id, phone, email, street_number, street_name, city, state, zip) values (80, '1-(309)588-4276', 'jperkins27@hatena.ne.jp', '4', 'Hudson', 'Bloomington', 'Illinois', '61709');
insert into contact (client_id, phone, email, street_number, street_name, city, state, zip) values (81, '1-(830)800-8599', 'jhudson28@nifty.com', '8964', 'Northridge', 'San Antonio', 'Texas', '78230');
insert into contact (client_id, phone, email, street_number, street_name, city, state, zip) values (82, '1-(325)983-3091', 'sjohnston29@diigo.com', '87', 'Forster', 'San Angelo', 'Texas', '76905');
insert into contact (client_id, phone, email, street_number, street_name, city, state, zip) values (83, '1-(517)595-5717', 'jwatkins2a@statcounter.com', '3', 'Mitchell', 'Lansing', 'Michigan', '48930');
insert into contact (client_id, phone, email, street_number, street_name, city, state, zip) values (84, '1-(619)214-4387', 'cowens2b@japanpost.jp', '664', 'Muir', 'San Diego', 'California', '92176');
insert into contact (client_id, phone, email, street_number, street_name, city, state, zip) values (85, '1-(785)521-6159', 'jwatson2c@weebly.com', '53006', 'Sheridan', 'Topeka', 'Kansas', '66611');
insert into contact (client_id, phone, email, street_number, street_name, city, state, zip) values (86, '1-(614)907-2493', 'scarroll2d@ihg.com', '886', 'Debra', 'Columbus', 'Ohio', '43226');
insert into contact (client_id, phone, email, street_number, street_name, city, state, zip) values (87, '1-(813)520-9549', 'mreynolds2e@paypal.com', '88277', 'Artisan', 'Tampa', 'Florida', '33625');
insert into contact (client_id, phone, email, street_number, street_name, city, state, zip) values (88, '1-(281)641-9653', 'lmcdonald2f@epa.gov', '30', 'Armistice', 'Houston', 'Texas', '77045');
insert into contact (client_id, phone, email, street_number, street_name, city, state, zip) values (89, '1-(413)473-8801', 'acole2g@skyrock.com', '938', 'Commercial', 'Springfield', 'Massachusetts', '01129');
insert into contact (client_id, phone, email, street_number, street_name, city, state, zip) values (90, '1-(813)201-2244', 'bfowler2h@blogger.com', '8', 'Northwestern', 'Tampa', 'Florida', '33661');
insert into contact (client_id, phone, email, street_number, street_name, city, state, zip) values (91, '1-(904)634-7952', 'pmoore2i@unblog.fr', '41356', 'Dottie', 'Jacksonville', 'Florida', '32236');
insert into contact (client_id, phone, email, street_number, street_name, city, state, zip) values (92, '1-(405)414-0771', 'eray2j@scribd.com', '72313', 'Drewry', 'Oklahoma City', 'Oklahoma', '73119');
insert into contact (client_id, phone, email, street_number, street_name, city, state, zip) values (93, '1-(682)659-4043', 'jkelly2k@ifeng.com', '8416', 'Killdeer', 'Fort Worth', 'Texas', '76198');
insert into contact (client_id, phone, email, street_number, street_name, city, state, zip) values (94, '1-(202)216-0669', 'celliott2l@unblog.fr', '42', 'Coolidge', 'Washington', 'District of Columbia', '20535');
insert into contact (client_id, phone, email, street_number, street_name, city, state, zip) values (95, '1-(512)986-5665', 'cgarza2m@gravatar.com', '287', 'Dwight', 'Austin', 'Texas', '78726');
insert into contact (client_id, phone, email, street_number, street_name, city, state, zip) values (96, '1-(202)834-4643', 'bmitchell2n@arstechnica.com', '74', 'Thierer', 'Washington', 'District of Columbia', '20414');
insert into contact (client_id, phone, email, street_number, street_name, city, state, zip) values (97, '1-(805)309-0960', 'aevans2o@nifty.com', '424', 'Twin Pines', 'Santa Barbara', 'California', '93106');
insert into contact (client_id, phone, email, street_number, street_name, city, state, zip) values (98, '1-(806)324-3136', 'phall2p@discovery.com', '213', 'Meadow Valley', 'Lubbock', 'Texas', '79415');
insert into contact (client_id, phone, email, street_number, street_name, city, state, zip) values (99, '1-(612)561-9500', 'jarmstrong2q@furl.net', '907', 'Schmedeman', 'Minneapolis', 'Minnesota', '55407');
insert into contact (client_id, phone, email, street_number, street_name, city, state, zip) values (100, '1-(202)683-4721', 'jhowell2r@posterous.com', '09', 'Stoughton', 'Washington', 'District of Columbia', '20525');
insert into contact (client_id, phone, email, street_number, street_name, city, state, zip) values (101, '1-(901)471-2137', 'kolson2s@toplist.cz', '41', 'Moulton', 'Memphis', 'Tennessee', '38143');
insert into contact (client_id, phone, email, street_number, street_name, city, state, zip) values (102, '1-(714)657-4514', 'rmoore2t@bigcartel.com', '8909', 'Maple', 'Orange', 'California', '92862');
insert into contact (client_id, phone, email, street_number, street_name, city, state, zip) values (103, '1-(954)839-3643', 'cadams2u@free.fr', '57', 'Golden Leaf', 'West Palm Beach', 'Florida', '33411');
insert into contact (client_id, phone, email, street_number, street_name, city, state, zip) values (104, '1-(954)273-0914', 'abailey2v@wisc.edu', '15383', 'Fallview', 'Fort Lauderdale', 'Florida', '33330');
insert into contact (client_id, phone, email, street_number, street_name, city, state, zip) values (105, '1-(412)801-8161', 'kthomas2w@miitbeian.gov.cn', '4669', 'Loftsgordon', 'Pittsburgh', 'Pennsylvania', '15240');
insert into contact (client_id, phone, email, street_number, street_name, city, state, zip) values (106, '1-(303)828-4892', 'cbowman2x@kickstarter.com', '05692', 'Clyde Gallagher', 'Denver', 'Colorado', '80279');
insert into contact (client_id, phone, email, street_number, street_name, city, state, zip) values (107, '1-(214)690-5288', 'asmith2y@networkadvertising.org', '49', 'Hintze', 'Dallas', 'Texas', '75265');
insert into contact (client_id, phone, email, street_number, street_name, city, state, zip) values (108, '1-(786)681-9449', 'bwatson2z@wix.com', '937', 'Hoard', 'Miami', 'Florida', '33111');
insert into contact (client_id, phone, email, street_number, street_name, city, state, zip) values (109, '1-(856)900-7101', 'bwilliams30@hexun.com', '8', 'International', 'Camden', 'New Jersey', '08104');
insert into contact (client_id, phone, email, street_number, street_name, city, state, zip) values (110, '1-(702)183-2335', 'jchavez31@cornell.edu', '96', 'Mcguire', 'Las Vegas', 'Nevada', '89135');
insert into contact (client_id, phone, email, street_number, street_name, city, state, zip) values (111, '1-(954)957-2758', 'dmorgan32@wired.com', '97499', 'Golf Course', 'Miami', 'Florida', '33169');
insert into contact (client_id, phone, email, street_number, street_name, city, state, zip) values (112, '1-(206)842-3691', 'bmartinez33@gravatar.com', '8553', 'Fordem', 'Seattle', 'Washington', '98115');
insert into contact (client_id, phone, email, street_number, street_name, city, state, zip) values (113, '1-(256)466-1557', 'apowell34@edublogs.org', '6', 'Kensington', 'Huntsville', 'Alabama', '35815');
insert into contact (client_id, phone, email, street_number, street_name, city, state, zip) values (114, '1-(415)411-8981', 'awelch35@blogger.com', '0', 'Ryan', 'San Francisco', 'California', '94142');
insert into contact (client_id, phone, email, street_number, street_name, city, state, zip) values (115, '1-(812)155-3704', 'egeorge36@wikipedia.org', '08291', 'Sherman', 'Evansville', 'Indiana', '47719');
insert into contact (client_id, phone, email, street_number, street_name, city, state, zip) values (116, '1-(904)990-8412', 'lyoung37@w3.org', '5', 'Scoville', 'Jacksonville', 'Florida', '32230');
insert into contact (client_id, phone, email, street_number, street_name, city, state, zip) values (117, '1-(571)789-7813', 'phunter38@zimbio.com', '7362', 'Orin', 'Sterling', 'Virginia', '20167');
insert into contact (client_id, phone, email, street_number, street_name, city, state, zip) values (118, '1-(412)868-1932', 'dkelly39@lycos.com', '18', 'Michigan', 'Pittsburgh', 'Pennsylvania', '15240');
insert into contact (client_id, phone, email, street_number, street_name, city, state, zip) values (119, '1-(304)267-7785', 'mturner3a@deliciousdays.com', '42347', 'Clemons', 'Charleston', 'West Virginia', '25326');
insert into contact (client_id, phone, email, street_number, street_name, city, state, zip) values (120, '1-(608)472-1343', 'mcampbell3b@dot.gov', '6406', 'Mcbride', 'Madison', 'Wisconsin', '53790');
insert into contact (client_id, phone, email, street_number, street_name, city, state, zip) values (121, '1-(713)301-3980', 'sfranklin3c@moonfruit.com', '380', 'Golf', 'Houston', 'Texas', '77266');
insert into contact (client_id, phone, email, street_number, street_name, city, state, zip) values (122, '1-(901)320-0731', 'swheeler3d@yahoo.co.jp', '3', 'Erie', 'Memphis', 'Tennessee', '38168');
insert into contact (client_id, phone, email, street_number, street_name, city, state, zip) values (123, '1-(312)682-1374', 'hmccoy3e@princeton.edu', '7', 'Blue Bill Park', 'Chicago', 'Illinois', '60686');
insert into contact (client_id, phone, email, street_number, street_name, city, state, zip) values (124, '1-(786)498-3971', 'cdiaz3f@histats.com', '6654', 'Charing Cross', 'Homestead', 'Florida', '33034');
insert into contact (client_id, phone, email, street_number, street_name, city, state, zip) values (125, '1-(314)677-6283', 'sweaver3g@hexun.com', '9473', 'Quincy', 'Saint Louis', 'Missouri', '63180');
insert into contact (client_id, phone, email, street_number, street_name, city, state, zip) values (126, '1-(517)693-1331', 'egardner3h@naver.com', '70456', 'Becker', 'Lansing', 'Michigan', '48919');
insert into contact (client_id, phone, email, street_number, street_name, city, state, zip) values (127, '1-(601)308-2795', 'aking3i@rakuten.co.jp', '48823', 'Hagan', 'Jackson', 'Mississippi', '39204');
insert into contact (client_id, phone, email, street_number, street_name, city, state, zip) values (128, '1-(970)593-1228', 'rwilliams3j@ftc.gov', '110', 'Blue Bill Park', 'Grand Junction', 'Colorado', '81505');
insert into contact (client_id, phone, email, street_number, street_name, city, state, zip) values (129, '1-(816)945-3802', 'mwilliamson3k@who.int', '48206', 'Merry', 'Saint Joseph', 'Missouri', '64504');
insert into contact (client_id, phone, email, street_number, street_name, city, state, zip) values (130, '1-(810)621-9526', 'cpalmer3l@instagram.com', '4307', 'Elgar', 'Flint', 'Michigan', '48550');
insert into contact (client_id, phone, email, street_number, street_name, city, state, zip) values (131, '1-(714)387-7545', 'rbrown3m@hugedomains.com', '2', 'Porter', 'Santa Ana', 'California', '92725');
insert into contact (client_id, phone, email, street_number, street_name, city, state, zip) values (132, '1-(828)717-9590', 'jlawson3n@house.gov', '75', 'Prairieview', 'Asheville', 'North Carolina', '28815');
insert into contact (client_id, phone, email, street_number, street_name, city, state, zip) values (133, '1-(818)888-1311', 'kmitchell3o@cpanel.net', '21812', 'Dwight', 'Pasadena', 'California', '91109');
insert into contact (client_id, phone, email, street_number, street_name, city, state, zip) values (134, '1-(619)783-7286', 'jhudson3p@tumblr.com', '8696', 'Walton', 'San Diego', 'California', '92165');
insert into contact (client_id, phone, email, street_number, street_name, city, state, zip) values (135, '1-(303)943-4728', 'lwilliamson3q@umich.edu', '041', 'Bayside', 'Littleton', 'Colorado', '80126');
insert into contact (client_id, phone, email, street_number, street_name, city, state, zip) values (136, '1-(530)399-8186', 'rgibson3r@hugedomains.com', '3', 'Grasskamp', 'South Lake Tahoe', 'California', '96154');
insert into contact (client_id, phone, email, street_number, street_name, city, state, zip) values (137, '1-(512)168-6697', 'bramos3s@miitbeian.gov.cn', '73', 'Cardinal', 'Austin', 'Texas', '78778');
insert into contact (client_id, phone, email, street_number, street_name, city, state, zip) values (138, '1-(210)521-8068', 'sduncan3t@indiegogo.com', '841', 'Crest Line', 'San Antonio', 'Texas', '78210');
insert into contact (client_id, phone, email, street_number, street_name, city, state, zip) values (139, '1-(806)593-4435', 'sburns3u@noaa.gov', '9', 'Monterey', 'Amarillo', 'Texas', '79105');
insert into contact (client_id, phone, email, street_number, street_name, city, state, zip) values (140, '1-(661)469-4771', 'aking3v@chronoengine.com', '90', 'Melby', 'Bakersfield', 'California', '93381');
insert into contact (client_id, phone, email, street_number, street_name, city, state, zip) values (141, '1-(937)376-1463', 'jbaker3w@washington.edu', '12041', 'Cardinal', 'Dayton', 'Ohio', '45454');
insert into contact (client_id, phone, email, street_number, street_name, city, state, zip) values (142, '1-(413)618-5570', 'rryan3x@cbslocal.com', '63', 'Express', 'Springfield', 'Massachusetts', '01105');
insert into contact (client_id, phone, email, street_number, street_name, city, state, zip) values (143, '1-(248)751-9807', 'mpeterson3y@ycombinator.com', '19623', 'Corry', 'Troy', 'Michigan', '48098');
insert into contact (client_id, phone, email, street_number, street_name, city, state, zip) values (144, '1-(917)902-2719', 'jcarr3z@sogou.com', '3206', 'Stuart', 'New York City', 'New York', '10155');
insert into contact (client_id, phone, email, street_number, street_name, city, state, zip) values (145, '1-(305)782-7403', 'kmorrison40@opensource.org', '10015', 'Raven', 'Miami', 'Florida', '33158');
insert into contact (client_id, phone, email, street_number, street_name, city, state, zip) values (146, '1-(719)174-9233', 'crobinson41@telegraph.co.uk', '2', 'Calypso', 'Colorado Springs', 'Colorado', '80905');
insert into contact (client_id, phone, email, street_number, street_name, city, state, zip) values (147, '1-(208)920-3727', 'ajenkins42@over-blog.com', '3', 'Beilfuss', 'Portland', 'Oregon', '97211');
insert into contact (client_id, phone, email, street_number, street_name, city, state, zip) values (148, '1-(858)858-1744', 'rjames43@dmoz.org', '620', 'Bayside', 'San Francisco', 'California', '94121');
insert into contact (client_id, phone, email, street_number, street_name, city, state, zip) values (149, '1-(810)929-8821', 'dweaver44@loc.gov', '52006', 'Golf', 'Flint', 'Michigan', '48550');
insert into contact (client_id, phone, email, street_number, street_name, city, state, zip) values (150, '1-(813)118-6079', 'rperkins45@japanpost.jp', '0', 'Harbort', 'Tampa', 'Florida', '33620');
insert into contact (client_id, phone, email, street_number, street_name, city, state, zip) values (151, '1-(919)908-4437', 'fclark46@bigcartel.com', '31', 'Old Shore', 'Durham', 'North Carolina', '27710');
insert into contact (client_id, phone, email, street_number, street_name, city, state, zip) values (152, '1-(503)456-7052', 'jmeyer47@mayoclinic.com', '6', 'Vernon', 'Portland', 'Oregon', '97221');
insert into contact (client_id, phone, email, street_number, street_name, city, state, zip) values (153, '1-(408)126-1543', 'hsnyder48@pcworld.com', '99229', 'Golf Course', 'San Jose', 'California', '95173');
insert into contact (client_id, phone, email, street_number, street_name, city, state, zip) values (154, '1-(806)376-4753', 'hburke49@nydailynews.com', '24', 'Oak', 'Lubbock', 'Texas', '79415');
insert into contact (client_id, phone, email, street_number, street_name, city, state, zip) values (155, '1-(757)238-0173', 'lmccoy4a@fda.gov', '95', 'Vernon', 'Virginia Beach', 'Virginia', '23454');
insert into contact (client_id, phone, email, street_number, street_name, city, state, zip) values (156, '1-(970)762-8342', 'ehernandez4b@cnet.com', '9', 'Mayfield', 'Grand Junction', 'Colorado', '81505');
insert into contact (client_id, phone, email, street_number, street_name, city, state, zip) values (157, '1-(913)716-6032', 'msmith4c@joomla.org', '00', 'Express', 'Shawnee Mission', 'Kansas', '66215');
insert into contact (client_id, phone, email, street_number, street_name, city, state, zip) values (158, '1-(415)400-9965', 'vmason4d@so-net.ne.jp', '1397', 'Oriole', 'San Francisco', 'California', '94132');
insert into contact (client_id, phone, email, street_number, street_name, city, state, zip) values (159, '1-(561)567-5705', 'sspencer4e@eepurl.com', '56', 'Truax', 'West Palm Beach', 'Florida', '33416');
insert into contact (client_id, phone, email, street_number, street_name, city, state, zip) values (160, '1-(217)737-1218', 'gsanchez4f@msu.edu', '6910', 'Autumn Leaf', 'Springfield', 'Illinois', '62711');
insert into contact (client_id, phone, email, street_number, street_name, city, state, zip) values (161, '1-(304)145-0150', 'wmorris4g@huffingtonpost.com', '394', 'Jenifer', 'Charleston', 'West Virginia', '25356');
insert into contact (client_id, phone, email, street_number, street_name, city, state, zip) values (162, '1-(651)391-1304', 'jtaylor4h@naver.com', '7', 'Pepper Wood', 'Saint Paul', 'Minnesota', '55103');
insert into contact (client_id, phone, email, street_number, street_name, city, state, zip) values (163, '1-(386)218-3118', 'krobertson4i@posterous.com', '9771', 'Bellgrove', 'Daytona Beach', 'Florida', '32128');
insert into contact (client_id, phone, email, street_number, street_name, city, state, zip) values (164, '1-(602)302-1456', 'ewarren4j@buzzfeed.com', '285', 'Prentice', 'Phoenix', 'Arizona', '85045');
insert into contact (client_id, phone, email, street_number, street_name, city, state, zip) values (165, '1-(319)909-0364', 'phughes4k@ifeng.com', '817', 'Transport', 'Cedar Rapids', 'Iowa', '52405');
insert into contact (client_id, phone, email, street_number, street_name, city, state, zip) values (166, '1-(720)942-0468', 'smorales4l@usnews.com', '712', 'Dunning', 'Boulder', 'Colorado', '80305');
insert into contact (client_id, phone, email, street_number, street_name, city, state, zip) values (167, '1-(985)782-0047', 'mwelch4m@moonfruit.com', '27', 'Ludington', 'New Orleans', 'Louisiana', '70124');
insert into contact (client_id, phone, email, street_number, street_name, city, state, zip) values (168, '1-(412)878-3178', 'iday4n@mozilla.com', '950', 'Myrtle', 'Pittsburgh', 'Pennsylvania', '15286');
insert into contact (client_id, phone, email, street_number, street_name, city, state, zip) values (169, '1-(816)668-7524', 'nhunt4o@europa.eu', '87480', 'Mallard', 'Kansas City', 'Missouri', '64142');
insert into contact (client_id, phone, email, street_number, street_name, city, state, zip) values (170, '1-(704)398-7997', 'mbailey4p@huffingtonpost.com', '9', 'Kensington', 'Charlotte', 'North Carolina', '28242');
insert into contact (client_id, phone, email, street_number, street_name, city, state, zip) values (171, '1-(305)416-9099', 'jgarrett4q@jugem.jp', '5907', 'Petterle', 'Boca Raton', 'Florida', '33487');
insert into contact (client_id, phone, email, street_number, street_name, city, state, zip) values (172, '1-(651)295-2799', 'lmoore4r@nationalgeographic.com', '6324', 'Mandrake', 'Saint Paul', 'Minnesota', '55172');
insert into contact (client_id, phone, email, street_number, street_name, city, state, zip) values (173, '1-(417)989-9112', 'fpayne4s@youku.com', '0', 'Vernon', 'Springfield', 'Missouri', '65898');
insert into contact (client_id, phone, email, street_number, street_name, city, state, zip) values (174, '1-(408)702-3315', 'sandrews4t@oracle.com', '18887', 'Cascade', 'San Jose', 'California', '95155');
insert into contact (client_id, phone, email, street_number, street_name, city, state, zip) values (175, '1-(914)154-3481', 'mjacobs4u@about.me', '63489', 'Ryan', 'Yonkers', 'New York', '10705');
insert into contact (client_id, phone, email, street_number, street_name, city, state, zip) values (176, '1-(757)173-1165', 'fhanson4v@cafepress.com', '3961', 'Lake View', 'Newport News', 'Virginia', '23605');
insert into contact (client_id, phone, email, street_number, street_name, city, state, zip) values (177, '1-(909)377-5267', 'imartin4w@godaddy.com', '557', 'Scofield', 'San Bernardino', 'California', '92424');
insert into contact (client_id, phone, email, street_number, street_name, city, state, zip) values (178, '1-(330)569-9278', 'ahayes4x@cpanel.net', '0', 'Warrior', 'Youngstown', 'Ohio', '44505');
insert into contact (client_id, phone, email, street_number, street_name, city, state, zip) values (179, '1-(913)404-2313', 'mwagner4y@shinystat.com', '816', 'Gateway', 'Kansas City', 'Kansas', '66160');
insert into contact (client_id, phone, email, street_number, street_name, city, state, zip) values (180, '1-(619)724-1659', 'mschmidt4z@telegraph.co.uk', '3', 'Eagle Crest', 'San Diego', 'California', '92191');
insert into contact (client_id, phone, email, street_number, street_name, city, state, zip) values (181, '1-(505)316-5886', 'jortiz50@plala.or.jp', '143', 'Doe Crossing', 'Albuquerque', 'New Mexico', '87115');
insert into contact (client_id, phone, email, street_number, street_name, city, state, zip) values (182, '1-(253)994-6545', 'rrussell51@forbes.com', '385', 'Boyd', 'Olympia', 'Washington', '98516');
insert into contact (client_id, phone, email, street_number, street_name, city, state, zip) values (183, '1-(508)661-0437', 'tfrazier52@taobao.com', '0', 'Swallow', 'New Bedford', 'Massachusetts', '02745');
insert into contact (client_id, phone, email, street_number, street_name, city, state, zip) values (184, '1-(941)679-3299', 'rlee53@hhs.gov', '7221', 'Charing Cross', 'North Port', 'Florida', '34290');
insert into contact (client_id, phone, email, street_number, street_name, city, state, zip) values (185, '1-(813)666-3525', 'lharrison54@over-blog.com', '05', 'Lakeland', 'Tampa', 'Florida', '33615');
insert into contact (client_id, phone, email, street_number, street_name, city, state, zip) values (186, '1-(251)404-6118', 'lkelley55@howstuffworks.com', '93259', 'Mendota', 'Mobile', 'Alabama', '36641');
insert into contact (client_id, phone, email, street_number, street_name, city, state, zip) values (187, '1-(615)413-7369', 'rgeorge56@theatlantic.com', '8', 'Mandrake', 'Memphis', 'Tennessee', '38104');
insert into contact (client_id, phone, email, street_number, street_name, city, state, zip) values (188, '1-(910)208-0548', 'edaniels57@omniture.com', '9897', 'Duke', 'Wilmington', 'North Carolina', '28405');
insert into contact (client_id, phone, email, street_number, street_name, city, state, zip) values (189, '1-(303)688-5163', 'gmorris58@furl.net', '6', 'Old Gate', 'Denver', 'Colorado', '80243');
insert into contact (client_id, phone, email, street_number, street_name, city, state, zip) values (190, '1-(763)868-4299', 'djohnston59@indiatimes.com', '1506', 'Blaine', 'Minneapolis', 'Minnesota', '55446');
insert into contact (client_id, phone, email, street_number, street_name, city, state, zip) values (191, '1-(970)222-0885', 'sgomez5a@bigcartel.com', '2', 'Iowa', 'Grand Junction', 'Colorado', '81505');
insert into contact (client_id, phone, email, street_number, street_name, city, state, zip) values (192, '1-(314)618-3321', 'emedina5b@nationalgeographic.com', '3', 'Hanson', 'Saint Louis', 'Missouri', '63158');
insert into contact (client_id, phone, email, street_number, street_name, city, state, zip) values (193, '1-(713)400-3291', 'bcruz5c@mysql.com', '22299', 'Walton', 'Houston', 'Texas', '77045');
insert into contact (client_id, phone, email, street_number, street_name, city, state, zip) values (194, '1-(760)978-7605', 'nroberts5d@webs.com', '71', 'Merrick', 'Carlsbad', 'California', '92013');
insert into contact (client_id, phone, email, street_number, street_name, city, state, zip) values (195, '1-(713)907-5178', 'ckim5e@pinterest.com', '175', 'Meadow Vale', 'Houston', 'Texas', '77250');
insert into contact (client_id, phone, email, street_number, street_name, city, state, zip) values (196, '1-(661)300-5707', 'schapman5f@canalblog.com', '841', 'Thompson', 'Bakersfield', 'California', '93386');
insert into contact (client_id, phone, email, street_number, street_name, city, state, zip) values (197, '1-(970)364-6524', 'tdunn5g@tinyurl.com', '5', 'Raven', 'Greeley', 'Colorado', '80638');
insert into contact (client_id, phone, email, street_number, street_name, city, state, zip) values (198, '1-(772)639-3436', 'kwillis5h@ucla.edu', '33', 'Hazelcrest', 'West Palm Beach', 'Florida', '33405');
insert into contact (client_id, phone, email, street_number, street_name, city, state, zip) values (199, '1-(801)960-0809', 'aromero5i@indiatimes.com', '043', 'Merrick', 'Salt Lake City', 'Utah', '84140');
insert into contact (client_id, phone, email, street_number, street_name, city, state, zip) values (200, '1-(812)579-3843', 'jhanson5j@youtu.be', '9511', 'Elmside', 'Terre Haute', 'Indiana', '47805');
insert into contact (client_id, phone, email, street_number, street_name, city, state, zip) values (201, '1-(239)214-9027', 'ilee5k@gravatar.com', '60192', 'Tennessee', 'Naples', 'Florida', '33963');
insert into contact (client_id, phone, email, street_number, street_name, city, state, zip) values (202, '1-(702)277-8243', 'rwashington5l@instagram.com', '707', 'Dorton', 'Las Vegas', 'Nevada', '89135');
insert into contact (client_id, phone, email, street_number, street_name, city, state, zip) values (203, '1-(904)122-6865', 'pryan5m@un.org', '5', 'Manufacturers', 'Jacksonville', 'Florida', '32220');
insert into contact (client_id, phone, email, street_number, street_name, city, state, zip) values (204, '1-(630)447-1038', 'jwashington5n@phoca.cz', '5', 'Meadow Vale', 'Naperville', 'Illinois', '60567');
insert into contact (client_id, phone, email, street_number, street_name, city, state, zip) values (205, '1-(254)453-9219', 'mwells5o@miibeian.gov.cn', '197', 'Bowman', 'Waco', 'Texas', '76796');
insert into contact (client_id, phone, email, street_number, street_name, city, state, zip) values (206, '1-(520)555-9238', 'ewilliams5p@vk.com', '1079', 'Haas', 'Tucson', 'Arizona', '85710');
insert into contact (client_id, phone, email, street_number, street_name, city, state, zip) values (207, '1-(602)574-5952', 'gblack5q@ebay.co.uk', '837', 'Butterfield', 'Phoenix', 'Arizona', '85099');
insert into contact (client_id, phone, email, street_number, street_name, city, state, zip) values (208, '1-(562)226-1207', 'lmills5r@chronoengine.com', '124', 'Florence', 'Long Beach', 'California', '90840');
insert into contact (client_id, phone, email, street_number, street_name, city, state, zip) values (209, '1-(937)781-5300', 'ltucker5s@freewebs.com', '87', 'Toban', 'Springfield', 'Ohio', '45505');
insert into contact (client_id, phone, email, street_number, street_name, city, state, zip) values (210, '1-(912)918-9868', 'bmurphy5t@gnu.org', '607', 'Ruskin', 'Savannah', 'Georgia', '31405');
insert into contact (client_id, phone, email, street_number, street_name, city, state, zip) values (211, '1-(937)889-2591', 'wjones5u@desdev.cn', '0117', 'Dexter', 'Dayton', 'Ohio', '45408');
insert into contact (client_id, phone, email, street_number, street_name, city, state, zip) values (212, '1-(804)309-3012', 'cgreene5v@tmall.com', '8846', 'Bashford', 'Richmond', 'Virginia', '23293');
insert into contact (client_id, phone, email, street_number, street_name, city, state, zip) values (213, '1-(206)129-8886', 'jporter5w@webeden.co.uk', '146', 'Little Fleur', 'Tacoma', 'Washington', '98424');
insert into contact (client_id, phone, email, street_number, street_name, city, state, zip) values (214, '1-(601)402-6030', 'jowens5x@yellowbook.com', '780', 'Norway Maple', 'Hattiesburg', 'Mississippi', '39404');
insert into contact (client_id, phone, email, street_number, street_name, city, state, zip) values (215, '1-(520)537-1069', 'jfrazier5y@tamu.edu', '77198', 'Bluejay', 'Tucson', 'Arizona', '85732');
insert into contact (client_id, phone, email, street_number, street_name, city, state, zip) values (216, '1-(971)473-3196', 'pward5z@blinklist.com', '9773', 'Kingsford', 'Portland', 'Oregon', '97240');
insert into contact (client_id, phone, email, street_number, street_name, city, state, zip) values (217, '1-(754)676-0660', 'gfields60@hostgator.com', '34', 'Pawling', 'Fort Lauderdale', 'Florida', '33320');
insert into contact (client_id, phone, email, street_number, street_name, city, state, zip) values (218, '1-(212)535-9806', 'ltucker61@sciencedaily.com', '229', 'Spenser', 'New York City', 'New York', '10292');
insert into contact (client_id, phone, email, street_number, street_name, city, state, zip) values (219, '1-(719)296-2354', 'jsimmons62@patch.com', '12882', 'Jay', 'Colorado Springs', 'Colorado', '80995');
insert into contact (client_id, phone, email, street_number, street_name, city, state, zip) values (220, '1-(213)182-1394', 'eevans63@mapquest.com', '656', 'Moulton', 'Santa Ana', 'California', '92705');
insert into contact (client_id, phone, email, street_number, street_name, city, state, zip) values (221, '1-(318)459-9421', 'preed64@purevolume.com', '46', 'Warbler', 'Shreveport', 'Louisiana', '71161');
insert into contact (client_id, phone, email, street_number, street_name, city, state, zip) values (222, '1-(310)675-7002', 'jharper65@shutterfly.com', '2', 'Monterey', 'Inglewood', 'California', '90398');
insert into contact (client_id, phone, email, street_number, street_name, city, state, zip) values (223, '1-(402)262-3957', 'rwatson66@dagondesign.com', '7144', 'Miller', 'Lincoln', 'Nebraska', '68524');
insert into contact (client_id, phone, email, street_number, street_name, city, state, zip) values (224, '1-(754)195-9295', 'akelly67@psu.edu', '6115', 'Macpherson', 'Pompano Beach', 'Florida', '33075');
insert into contact (client_id, phone, email, street_number, street_name, city, state, zip) values (225, '1-(816)393-2200', 'lwashington68@tmall.com', '1', 'Dakota', 'Kansas City', 'Missouri', '64144');
insert into contact (client_id, phone, email, street_number, street_name, city, state, zip) values (226, '1-(606)621-0076', 'jgriffin69@scribd.com', '5725', 'Colorado', 'London', 'Kentucky', '40745');
insert into contact (client_id, phone, email, street_number, street_name, city, state, zip) values (227, '1-(814)628-1833', 'rchavez6a@reuters.com', '0', 'Upham', 'Erie', 'Pennsylvania', '16522');
insert into contact (client_id, phone, email, street_number, street_name, city, state, zip) values (228, '1-(360)813-5175', 'jjohnson6b@cnn.com', '1698', 'Red Cloud', 'Olympia', 'Washington', '98516');
insert into contact (client_id, phone, email, street_number, street_name, city, state, zip) values (229, '1-(770)348-8172', 'twilliamson6c@discovery.com', '6', 'Loftsgordon', 'Atlanta', 'Georgia', '30328');
insert into contact (client_id, phone, email, street_number, street_name, city, state, zip) values (230, '1-(314)504-3915', 'fhayes6d@wikia.com', '99025', 'Hudson', 'Saint Louis', 'Missouri', '63167');
insert into contact (client_id, phone, email, street_number, street_name, city, state, zip) values (231, '1-(714)418-9589', 'hmurray6e@is.gd', '41', 'Village', 'Brea', 'California', '92822');
insert into contact (client_id, phone, email, street_number, street_name, city, state, zip) values (232, '1-(210)678-2099', 'jmorrison6f@sfgate.com', '81', 'Prentice', 'San Antonio', 'Texas', '78235');
insert into contact (client_id, phone, email, street_number, street_name, city, state, zip) values (233, '1-(858)451-9369', 'amyers6g@nps.gov', '3381', 'Dahle', 'San Diego', 'California', '92105');
insert into contact (client_id, phone, email, street_number, street_name, city, state, zip) values (234, '1-(540)309-5880', 'aperez6h@biglobe.ne.jp', '49585', 'Prairieview', 'Roanoke', 'Virginia', '24009');
insert into contact (client_id, phone, email, street_number, street_name, city, state, zip) values (235, '1-(443)198-8550', 'pbutler6i@ed.gov', '25276', 'Eggendart', 'Baltimore', 'Maryland', '21203');
insert into contact (client_id, phone, email, street_number, street_name, city, state, zip) values (236, '1-(623)729-0752', 'sevans6j@sina.com.cn', '7515', 'Vermont', 'Scottsdale', 'Arizona', '85260');
insert into contact (client_id, phone, email, street_number, street_name, city, state, zip) values (237, '1-(661)212-3560', 'tmarshall6k@php.net', '435', 'Sunbrook', 'Palmdale', 'California', '93591');
insert into contact (client_id, phone, email, street_number, street_name, city, state, zip) values (238, '1-(415)449-9821', 'kperry6l@adobe.com', '949', 'Elka', 'San Francisco', 'California', '94126');
insert into contact (client_id, phone, email, street_number, street_name, city, state, zip) values (239, '1-(682)640-1246', 'emorgan6m@bbb.org', '8', 'American', 'Fort Worth', 'Texas', '76178');
insert into contact (client_id, phone, email, street_number, street_name, city, state, zip) values (240, '1-(607)758-3976', 'celliott6n@cdc.gov', '339', 'Dapin', 'Elmira', 'New York', '14905');
insert into contact (client_id, phone, email, street_number, street_name, city, state, zip) values (241, '1-(571)735-3661', 'tromero6o@blog.com', '6554', 'Roxbury', 'Ashburn', 'Virginia', '22093');
insert into contact (client_id, phone, email, street_number, street_name, city, state, zip) values (242, '1-(858)246-0711', 'hflores6p@homestead.com', '602', 'Thompson', 'Oceanside', 'California', '92056');
insert into contact (client_id, phone, email, street_number, street_name, city, state, zip) values (243, '1-(757)219-4436', 'hstanley6q@admin.ch', '20', 'Sage', 'Norfolk', 'Virginia', '23520');
insert into contact (client_id, phone, email, street_number, street_name, city, state, zip) values (244, '1-(682)666-7846', 'swilliams6r@blog.com', '859', 'Butternut', 'Fort Worth', 'Texas', '76105');
insert into contact (client_id, phone, email, street_number, street_name, city, state, zip) values (245, '1-(832)969-3382', 'lcooper6s@prlog.org', '12803', 'Lindbergh', 'Spring', 'Texas', '77388');
insert into contact (client_id, phone, email, street_number, street_name, city, state, zip) values (246, '1-(817)182-0452', 'abradley6t@hhs.gov', '89660', '8th', 'Fort Worth', 'Texas', '76147');
insert into contact (client_id, phone, email, street_number, street_name, city, state, zip) values (247, '1-(480)532-4619', 'egreene6u@comsenz.com', '56124', 'Randy', 'Scottsdale', 'Arizona', '85271');
insert into contact (client_id, phone, email, street_number, street_name, city, state, zip) values (248, '1-(915)235-9372', 'npeters6v@bluehost.com', '86346', 'Ridgeway', 'El Paso', 'Texas', '79916');
insert into contact (client_id, phone, email, street_number, street_name, city, state, zip) values (249, '1-(303)655-4054', 'jroberts6w@lycos.com', '86254', 'Pleasure', 'Boulder', 'Colorado', '80328');
insert into contact (client_id, phone, email, street_number, street_name, city, state, zip) values (250, '1-(209)908-3757', 'jortiz6x@zimbio.com', '8771', 'Randy', 'Stockton', 'California', '95210');
insert into contact (client_id, phone, email, street_number, street_name, city, state, zip) values (251, '1-(321)725-3128', 'mortiz6y@miitbeian.gov.cn', '403', 'Fulton', 'Orlando', 'Florida', '32808');
insert into contact (client_id, phone, email, street_number, street_name, city, state, zip) values (252, '1-(817)636-8600', 'jwallace6z@zdnet.com', '2', 'Thompson', 'Fort Worth', 'Texas', '76134');
insert into contact (client_id, phone, email, street_number, street_name, city, state, zip) values (253, '1-(702)208-4812', 'rmason70@geocities.com', '11935', 'Rusk', 'Las Vegas', 'Nevada', '89105');
insert into contact (client_id, phone, email, street_number, street_name, city, state, zip) values (254, '1-(808)921-1069', 'jwells71@netscape.com', '35', 'Walton', 'Honolulu', 'Hawaii', '96840');
insert into contact (client_id, phone, email, street_number, street_name, city, state, zip) values (255, '1-(912)595-7165', 'bstewart72@icq.com', '6146', 'Jenifer', 'Savannah', 'Georgia', '31422');
insert into contact (client_id, phone, email, street_number, street_name, city, state, zip) values (256, '1-(786)762-1609', 'telliott73@shinystat.com', '46', 'Hovde', 'Miami', 'Florida', '33245');
insert into contact (client_id, phone, email, street_number, street_name, city, state, zip) values (257, '1-(254)634-9024', 'jcampbell74@flavors.me', '5', 'Green Ridge', 'Waco', 'Texas', '76711');
insert into contact (client_id, phone, email, street_number, street_name, city, state, zip) values (258, '1-(215)225-6205', 'wcarr75@cargocollective.com', '95350', 'Swallow', 'Philadelphia', 'Pennsylvania', '19196');
insert into contact (client_id, phone, email, street_number, street_name, city, state, zip) values (259, '1-(661)503-3055', 'fsims76@addtoany.com', '0531', 'Florence', 'Bakersfield', 'California', '93399');
insert into contact (client_id, phone, email, street_number, street_name, city, state, zip) values (260, '1-(806)996-7754', 'bstevens77@flickr.com', '95053', 'East', 'Amarillo', 'Texas', '79165');
insert into contact (client_id, phone, email, street_number, street_name, city, state, zip) values (261, '1-(303)504-3064', 'jgonzalez78@engadget.com', '3', 'Forster', 'Denver', 'Colorado', '80249');
insert into contact (client_id, phone, email, street_number, street_name, city, state, zip) values (262, '1-(205)295-5097', 'jmurray79@ihg.com', '439', 'Waubesa', 'Birmingham', 'Alabama', '35254');
insert into contact (client_id, phone, email, street_number, street_name, city, state, zip) values (263, '1-(217)301-1250', 'ehowell7a@sogou.com', '84440', 'Sheridan', 'Springfield', 'Illinois', '62776');
insert into contact (client_id, phone, email, street_number, street_name, city, state, zip) values (264, '1-(785)932-7974', 'jhart7b@aboutads.info', '040', 'Trailsway', 'Topeka', 'Kansas', '66699');
insert into contact (client_id, phone, email, street_number, street_name, city, state, zip) values (265, '1-(432)858-9151', 'jpowell7c@slate.com', '29', 'Cardinal', 'Odessa', 'Texas', '79769');
insert into contact (client_id, phone, email, street_number, street_name, city, state, zip) values (266, '1-(513)778-8079', 'mhenry7d@wikia.com', '3', 'Novick', 'Cincinnati', 'Ohio', '45228');
insert into contact (client_id, phone, email, street_number, street_name, city, state, zip) values (267, '1-(919)988-8839', 'astanley7e@vkontakte.ru', '58527', 'Shasta', 'Durham', 'North Carolina', '27717');
insert into contact (client_id, phone, email, street_number, street_name, city, state, zip) values (268, '1-(225)551-2062', 'hwatkins7f@symantec.com', '02074', 'Blue Bill Park', 'Baton Rouge', 'Louisiana', '70836');
insert into contact (client_id, phone, email, street_number, street_name, city, state, zip) values (269, '1-(972)875-1513', 'tbradley7g@yandex.ru', '6', 'Muir', 'Arlington', 'Texas', '76016');
insert into contact (client_id, phone, email, street_number, street_name, city, state, zip) values (270, '1-(718)122-3867', 'wrobertson7h@sun.com', '33', 'Thierer', 'New York City', 'New York', '10014');
insert into contact (client_id, phone, email, street_number, street_name, city, state, zip) values (271, '1-(614)893-9605', 'showard7i@typepad.com', '804', 'Harbort', 'Columbus', 'Ohio', '43231');
insert into contact (client_id, phone, email, street_number, street_name, city, state, zip) values (272, '1-(217)544-0107', 'klynch7j@mtv.com', '485', '5th', 'Springfield', 'Illinois', '62705');
insert into contact (client_id, phone, email, street_number, street_name, city, state, zip) values (273, '1-(727)113-9476', 'bellis7k@europa.eu', '0441', 'Pierstorff', 'Saint Petersburg', 'Florida', '33705');
insert into contact (client_id, phone, email, street_number, street_name, city, state, zip) values (274, '1-(516)528-7635', 'jromero7l@quantcast.com', '77', 'Vermont', 'Hicksville', 'New York', '11854');
insert into contact (client_id, phone, email, street_number, street_name, city, state, zip) values (275, '1-(816)128-0250', 'lreed7m@ed.gov', '901', 'Eagle Crest', 'Kansas City', 'Missouri', '64144');
insert into contact (client_id, phone, email, street_number, street_name, city, state, zip) values (276, '1-(919)631-2571', 'ppeterson7n@irs.gov', '71459', 'Northview', 'Raleigh', 'North Carolina', '27605');
insert into contact (client_id, phone, email, street_number, street_name, city, state, zip) values (277, '1-(253)223-0481', 'nlong7o@about.com', '905', 'Northport', 'Tacoma', 'Washington', '98481');
insert into contact (client_id, phone, email, street_number, street_name, city, state, zip) values (278, '1-(903)388-2659', 'pturner7p@imdb.com', '46346', 'Hagan', 'Tyler', 'Texas', '75710');
insert into contact (client_id, phone, email, street_number, street_name, city, state, zip) values (279, '1-(704)190-9559', 'ltaylor7q@gmpg.org', '31193', 'Sauthoff', 'Charlotte', 'North Carolina', '28284');
insert into contact (client_id, phone, email, street_number, street_name, city, state, zip) values (280, '1-(413)516-4360', 'janderson7r@independent.co.uk', '43845', 'Lindbergh', 'Springfield', 'Massachusetts', '01114');
insert into contact (client_id, phone, email, street_number, street_name, city, state, zip) values (281, '1-(330)313-6424', 'fperry7s@amazonaws.com', '517', 'Loeprich', 'Akron', 'Ohio', '44321');
insert into contact (client_id, phone, email, street_number, street_name, city, state, zip) values (282, '1-(502)159-3342', 'jmills7t@acquirethisname.com', '306', 'Barnett', 'Louisville', 'Kentucky', '40220');
insert into contact (client_id, phone, email, street_number, street_name, city, state, zip) values (283, '1-(612)415-1464', 'lperry7u@ovh.net', '6915', 'Gateway', 'Minneapolis', 'Minnesota', '55458');
insert into contact (client_id, phone, email, street_number, street_name, city, state, zip) values (284, '1-(303)676-1924', 'aperry7v@va.gov', '0', 'Acker', 'Denver', 'Colorado', '80243');
insert into contact (client_id, phone, email, street_number, street_name, city, state, zip) values (285, '1-(404)851-7895', 'emitchell7w@1und1.de', '73242', 'Brown', 'Atlanta', 'Georgia', '31136');
insert into contact (client_id, phone, email, street_number, street_name, city, state, zip) values (286, '1-(702)166-1141', 'lpatterson7x@tinypic.com', '48322', 'Schiller', 'Las Vegas', 'Nevada', '89105');
insert into contact (client_id, phone, email, street_number, street_name, city, state, zip) values (287, '1-(206)910-0598', 'dbryant7y@businessweek.com', '4', 'Oak', 'Seattle', 'Washington', '98148');
insert into contact (client_id, phone, email, street_number, street_name, city, state, zip) values (288, '1-(916)322-3191', 'jryan7z@tinyurl.com', '0350', 'Autumn Leaf', 'Sacramento', 'California', '95828');
insert into contact (client_id, phone, email, street_number, street_name, city, state, zip) values (289, '1-(203)731-6694', 'jgordon80@walmart.com', '0', 'Quincy', 'New Haven', 'Connecticut', '06505');
insert into contact (client_id, phone, email, street_number, street_name, city, state, zip) values (290, '1-(912)815-2055', 'mcampbell81@amazon.co.jp', '73207', 'Everett', 'Savannah', 'Georgia', '31416');
insert into contact (client_id, phone, email, street_number, street_name, city, state, zip) values (291, '1-(862)643-6247', 'lsullivan82@usnews.com', '3042', 'Lillian', 'Newark', 'New Jersey', '07188');
insert into contact (client_id, phone, email, street_number, street_name, city, state, zip) values (292, '1-(612)549-5258', 'mkelley83@gravatar.com', '737', 'Grayhawk', 'Minneapolis', 'Minnesota', '55458');
insert into contact (client_id, phone, email, street_number, street_name, city, state, zip) values (293, '1-(404)384-9999', 'aryan84@g.co', '2', 'Bartelt', 'Atlanta', 'Georgia', '30306');
insert into contact (client_id, phone, email, street_number, street_name, city, state, zip) values (294, '1-(757)709-5542', 'jflores85@un.org', '2', 'Gulseth', 'Virginia Beach', 'Virginia', '23459');
insert into contact (client_id, phone, email, street_number, street_name, city, state, zip) values (295, '1-(559)662-6232', 'tfranklin86@quantcast.com', '1', 'Moland', 'Fresno', 'California', '93740');
insert into contact (client_id, phone, email, street_number, street_name, city, state, zip) values (296, '1-(267)858-5582', 'rgilbert87@engadget.com', '642', 'Arapahoe', 'Philadelphia', 'Pennsylvania', '19109');
insert into contact (client_id, phone, email, street_number, street_name, city, state, zip) values (297, '1-(251)337-8686', 'jnguyen88@plala.or.jp', '72539', 'Onsgard', 'Mobile', 'Alabama', '36616');
insert into contact (client_id, phone, email, street_number, street_name, city, state, zip) values (298, '1-(206)731-5032', 'ewagner89@artisteer.com', '84167', 'Granby', 'Seattle', 'Washington', '98185');
insert into contact (client_id, phone, email, street_number, street_name, city, state, zip) values (299, '1-(401)921-1425', 'jduncan8a@virginia.edu', '11', 'Tennyson', 'Providence', 'Rhode Island', '02912');
insert into contact (client_id, phone, email, street_number, street_name, city, state, zip) values (300, '1-(724)440-0965', 'arobertson8b@wordpress.com', '41621', 'Arrowood', 'Pittsburgh', 'Pennsylvania', '15210');
insert into contact (client_id, phone, email, street_number, street_name, city, state, zip) values (301, '1-(352)315-2206', 'lboyd8c@sogou.com', '26', 'Elka', 'Ocala', 'Florida', '34479');
insert into contact (client_id, phone, email, street_number, street_name, city, state, zip) values (302, '1-(952)595-7005', 'jgeorge8d@lycos.com', '2994', 'Debs', 'Minneapolis', 'Minnesota', '55441');
insert into contact (client_id, phone, email, street_number, street_name, city, state, zip) values (303, '1-(407)916-1164', 'rwilliamson8e@hugedomains.com', '09622', 'Eliot', 'Winter Haven', 'Florida', '33884');
insert into contact (client_id, phone, email, street_number, street_name, city, state, zip) values (304, '1-(914)147-4532', 'drussell8f@telegraph.co.uk', '35', 'Birchwood', 'Mount Vernon', 'New York', '10557');
insert into contact (client_id, phone, email, street_number, street_name, city, state, zip) values (305, '1-(501)123-6322', 'lmendoza8g@google.cn', '5', 'Blaine', 'Little Rock', 'Arkansas', '72222');
insert into contact (client_id, phone, email, street_number, street_name, city, state, zip) values (306, '1-(303)752-2883', 'lmorris8h@dropbox.com', '97', 'Dorton', 'Littleton', 'Colorado', '80126');
insert into contact (client_id, phone, email, street_number, street_name, city, state, zip) values (307, '1-(202)411-5842', 'hfisher8i@tiny.cc', '24326', 'Meadow Vale', 'Washington', 'District of Columbia', '20057');
insert into contact (client_id, phone, email, street_number, street_name, city, state, zip) values (308, '1-(206)704-8269', 'tkim8j@miitbeian.gov.cn', '0', 'North', 'Seattle', 'Washington', '98175');
insert into contact (client_id, phone, email, street_number, street_name, city, state, zip) values (309, '1-(816)769-9681', 'sgarza8k@parallels.com', '67143', 'Fieldstone', 'Kansas City', 'Missouri', '64142');
insert into contact (client_id, phone, email, street_number, street_name, city, state, zip) values (310, '1-(212)644-4151', 'cmontgomery8l@army.mil', '37', 'Hansons', 'New York City', 'New York', '10014');
insert into contact (client_id, phone, email, street_number, street_name, city, state, zip) values (311, '1-(719)524-9625', 'scunningham8m@cpanel.net', '501', 'Reindahl', 'Colorado Springs', 'Colorado', '80940');
insert into contact (client_id, phone, email, street_number, street_name, city, state, zip) values (312, '1-(617)646-8535', 'bbowman8n@123-reg.co.uk', '3', 'Monica', 'Boston', 'Massachusetts', '02298');
insert into contact (client_id, phone, email, street_number, street_name, city, state, zip) values (313, '1-(763)440-9869', 'jsnyder8o@constantcontact.com', '3503', 'Blue Bill Park', 'Monticello', 'Minnesota', '55585');
insert into contact (client_id, phone, email, street_number, street_name, city, state, zip) values (314, '1-(918)735-3495', 'dray8p@dyndns.org', '71286', 'Truax', 'Tulsa', 'Oklahoma', '74133');
insert into contact (client_id, phone, email, street_number, street_name, city, state, zip) values (315, '1-(601)811-4629', 'jcarr8q@github.com', '6033', 'Eagle Crest', 'Hattiesburg', 'Mississippi', '39404');
insert into contact (client_id, phone, email, street_number, street_name, city, state, zip) values (316, '1-(516)398-8519', 'dmoreno8r@comsenz.com', '30261', 'Thierer', 'New Hyde Park', 'New York', '11044');
insert into contact (client_id, phone, email, street_number, street_name, city, state, zip) values (317, '1-(978)258-4551', 'speters8s@illinois.edu', '3972', 'Shelley', 'Boston', 'Massachusetts', '02119');
insert into contact (client_id, phone, email, street_number, street_name, city, state, zip) values (318, '1-(540)536-4866', 'tcox8t@tmall.com', '24', 'Moulton', 'Roanoke', 'Virginia', '24024');
insert into contact (client_id, phone, email, street_number, street_name, city, state, zip) values (319, '1-(315)348-7900', 'eblack8u@icq.com', '76', 'Nobel', 'Syracuse', 'New York', '13217');
insert into contact (client_id, phone, email, street_number, street_name, city, state, zip) values (320, '1-(901)222-6395', 'rberry8v@ezinearticles.com', '91699', 'Loftsgordon', 'Memphis', 'Tennessee', '38181');
insert into contact (client_id, phone, email, street_number, street_name, city, state, zip) values (321, '1-(404)802-5164', 'tcollins8w@yellowpages.com', '62', 'Dryden', 'Gainesville', 'Georgia', '30506');
insert into contact (client_id, phone, email, street_number, street_name, city, state, zip) values (322, '1-(202)655-7701', 'aday8x@theglobeandmail.com', '260', 'Bowman', 'Washington', 'District of Columbia', '20580');
insert into contact (client_id, phone, email, street_number, street_name, city, state, zip) values (323, '1-(309)248-3716', 'cfranklin8y@blog.com', '423', 'Oriole', 'Carol Stream', 'Illinois', '60158');
insert into contact (client_id, phone, email, street_number, street_name, city, state, zip) values (324, '1-(504)809-1617', 'jfrazier8z@mit.edu', '35', 'Butternut', 'New Orleans', 'Louisiana', '70174');
insert into contact (client_id, phone, email, street_number, street_name, city, state, zip) values (325, '1-(601)917-9066', 'akennedy90@census.gov', '55', 'Jackson', 'Jackson', 'Mississippi', '39236');
insert into contact (client_id, phone, email, street_number, street_name, city, state, zip) values (326, '1-(251)745-6291', 'tlarson91@independent.co.uk', '478', 'Riverside', 'Mobile', 'Alabama', '36641');
insert into contact (client_id, phone, email, street_number, street_name, city, state, zip) values (327, '1-(315)688-0419', 'csmith92@springer.com', '2370', 'Delaware', 'Syracuse', 'New York', '13210');
insert into contact (client_id, phone, email, street_number, street_name, city, state, zip) values (328, '1-(585)610-3229', 'kriley93@hugedomains.com', '1', 'Birchwood', 'Rochester', 'New York', '14646');
insert into contact (client_id, phone, email, street_number, street_name, city, state, zip) values (329, '1-(410)477-3025', 'rgarrett94@last.fm', '86827', 'Fuller', 'Baltimore', 'Maryland', '21239');
insert into contact (client_id, phone, email, street_number, street_name, city, state, zip) values (330, '1-(814)326-9364', 'abrooks95@narod.ru', '0772', 'Calypso', 'Johnstown', 'Pennsylvania', '15906');
insert into contact (client_id, phone, email, street_number, street_name, city, state, zip) values (331, '1-(253)838-4652', 'kmendoza96@photobucket.com', '5', 'Welch', 'Tacoma', 'Washington', '98411');
insert into contact (client_id, phone, email, street_number, street_name, city, state, zip) values (332, '1-(954)325-8778', 'kwashington97@weibo.com', '702', 'Ramsey', 'Fort Lauderdale', 'Florida', '33315');
insert into contact (client_id, phone, email, street_number, street_name, city, state, zip) values (333, '1-(770)506-0762', 'eelliott98@usnews.com', '6312', 'Rockefeller', 'Marietta', 'Georgia', '30066');
insert into contact (client_id, phone, email, street_number, street_name, city, state, zip) values (334, '1-(281)197-9037', 'pfranklin99@gov.uk', '39232', 'Esch', 'Houston', 'Texas', '77050');
insert into contact (client_id, phone, email, street_number, street_name, city, state, zip) values (335, '1-(612)891-9713', 'lburke9a@yahoo.co.jp', '63', 'Delaware', 'Minneapolis', 'Minnesota', '55487');
insert into contact (client_id, phone, email, street_number, street_name, city, state, zip) values (336, '1-(312)920-2131', 'mharper9b@soundcloud.com', '62175', 'Armistice', 'Chicago', 'Illinois', '60691');
insert into contact (client_id, phone, email, street_number, street_name, city, state, zip) values (337, '1-(432)993-4319', 'jhart9c@blogtalkradio.com', '896', 'Eagan', 'Odessa', 'Texas', '79769');
insert into contact (client_id, phone, email, street_number, street_name, city, state, zip) values (338, '1-(504)827-9756', 'sbrown9d@freewebs.com', '83', 'Burning Wood', 'New Orleans', 'Louisiana', '70187');
insert into contact (client_id, phone, email, street_number, street_name, city, state, zip) values (339, '1-(404)520-5860', 'dbryant9e@mapquest.com', '969', 'Birchwood', 'Atlanta', 'Georgia', '30328');
insert into contact (client_id, phone, email, street_number, street_name, city, state, zip) values (340, '1-(608)645-3301', 'cbradley9f@meetup.com', '773', 'Melvin', 'Madison', 'Wisconsin', '53779');
insert into contact (client_id, phone, email, street_number, street_name, city, state, zip) values (341, '1-(863)746-0964', 'jcruz9g@pcworld.com', '3', 'Veith', 'Lakeland', 'Florida', '33805');
insert into contact (client_id, phone, email, street_number, street_name, city, state, zip) values (342, '1-(704)120-1918', 'pperry9h@vinaora.com', '8', 'Dixon', 'Charlotte', 'North Carolina', '28278');
insert into contact (client_id, phone, email, street_number, street_name, city, state, zip) values (343, '1-(203)813-7372', 'apalmer9i@cornell.edu', '09904', 'Londonderry', 'New Haven', 'Connecticut', '06538');
insert into contact (client_id, phone, email, street_number, street_name, city, state, zip) values (344, '1-(212)466-4342', 'cstone9j@webs.com', '9608', 'Acker', 'New York City', 'New York', '10125');
insert into contact (client_id, phone, email, street_number, street_name, city, state, zip) values (345, '1-(772)846-1228', 'jjackson9k@diigo.com', '81', 'Daystar', 'West Palm Beach', 'Florida', '33405');
insert into contact (client_id, phone, email, street_number, street_name, city, state, zip) values (346, '1-(248)473-7113', 'sross9l@odnoklassniki.ru', '6', 'Upham', 'Detroit', 'Michigan', '48258');
insert into contact (client_id, phone, email, street_number, street_name, city, state, zip) values (347, '1-(415)797-9136', 'jmorrison9m@army.mil', '1897', 'Grasskamp', 'San Francisco', 'California', '94126');
insert into contact (client_id, phone, email, street_number, street_name, city, state, zip) values (348, '1-(203)721-6749', 'jtucker9n@cnn.com', '0', 'School', 'Waterbury', 'Connecticut', '06726');
insert into contact (client_id, phone, email, street_number, street_name, city, state, zip) values (349, '1-(770)850-9767', 'mruiz9o@usatoday.com', '42718', 'Golf View', 'Atlanta', 'Georgia', '31119');
insert into contact (client_id, phone, email, street_number, street_name, city, state, zip) values (350, '1-(202)944-3103', 'jcampbell9p@godaddy.com', '807', 'Hanson', 'Washington', 'District of Columbia', '20540');
insert into contact (client_id, phone, email, street_number, street_name, city, state, zip) values (351, '1-(202)602-3348', 'swood9q@elegantthemes.com', '1886', 'Mitchell', 'Washington', 'District of Columbia', '20530');
insert into contact (client_id, phone, email, street_number, street_name, city, state, zip) values (352, '1-(601)839-7912', 'dsimpson9r@ezinearticles.com', '130', 'Express', 'Jackson', 'Mississippi', '39282');
insert into contact (client_id, phone, email, street_number, street_name, city, state, zip) values (353, '1-(304)868-6728', 'dgriffin9s@auda.org.au', '36219', 'Judy', 'Huntington', 'West Virginia', '25726');
insert into contact (client_id, phone, email, street_number, street_name, city, state, zip) values (354, '1-(336)541-0988', 'aburns9t@barnesandnoble.com', '36', 'Rigney', 'Greensboro', 'North Carolina', '27409');
insert into contact (client_id, phone, email, street_number, street_name, city, state, zip) values (355, '1-(202)385-1647', 'nwheeler9u@sfgate.com', '54144', 'Troy', 'Washington', 'District of Columbia', '20260');
insert into contact (client_id, phone, email, street_number, street_name, city, state, zip) values (356, '1-(402)455-3206', 'lwarren9v@cnbc.com', '3597', 'Tomscot', 'Lincoln', 'Nebraska', '68510');
insert into contact (client_id, phone, email, street_number, street_name, city, state, zip) values (357, '1-(443)342-1709', 'smorrison9w@seattletimes.com', '17', 'Kenwood', 'Annapolis', 'Maryland', '21405');
insert into contact (client_id, phone, email, street_number, street_name, city, state, zip) values (358, '1-(503)115-4812', 'tmorales9x@cbslocal.com', '7934', 'Vahlen', 'Portland', 'Oregon', '97211');
insert into contact (client_id, phone, email, street_number, street_name, city, state, zip) values (359, '1-(317)922-4187', 'rlopez9y@hhs.gov', '7128', 'Ramsey', 'Indianapolis', 'Indiana', '46207');
insert into contact (client_id, phone, email, street_number, street_name, city, state, zip) values (360, '1-(786)853-4490', 'ggutierrez9z@wikia.com', '41281', 'Saint Paul', 'Miami', 'Florida', '33111');
insert into contact (client_id, phone, email, street_number, street_name, city, state, zip) values (361, '1-(404)851-6576', 'rgraya0@ucoz.com', '9', 'Spaight', 'Atlanta', 'Georgia', '30356');
insert into contact (client_id, phone, email, street_number, street_name, city, state, zip) values (362, '1-(315)169-9719', 'lcooka1@google.com.hk', '23757', 'Prairie Rose', 'Syracuse', 'New York', '13210');
insert into contact (client_id, phone, email, street_number, street_name, city, state, zip) values (363, '1-(202)653-6760', 'gburtona2@fotki.com', '545', 'Waxwing', 'Washington', 'District of Columbia', '20425');
insert into contact (client_id, phone, email, street_number, street_name, city, state, zip) values (364, '1-(816)903-3191', 'jbella3@list-manage.com', '00', '5th', 'Kansas City', 'Missouri', '64130');
insert into contact (client_id, phone, email, street_number, street_name, city, state, zip) values (365, '1-(202)353-3447', 'jhendersona4@netvibes.com', '46107', 'Mandrake', 'Silver Spring', 'Maryland', '20910');
insert into contact (client_id, phone, email, street_number, street_name, city, state, zip) values (366, '1-(936)837-5848', 'kreyesa5@boston.com', '743', 'Dennis', 'Beaumont', 'Texas', '77705');
insert into contact (client_id, phone, email, street_number, street_name, city, state, zip) values (367, '1-(907)222-5344', 'fwagnera6@typepad.com', '5', 'Hanson', 'Anchorage', 'Alaska', '99517');
insert into contact (client_id, phone, email, street_number, street_name, city, state, zip) values (368, '1-(402)751-7183', 'mcoxa7@fda.gov', '743', 'Artisan', 'Lincoln', 'Nebraska', '68517');
insert into contact (client_id, phone, email, street_number, street_name, city, state, zip) values (369, '1-(918)149-3874', 'pdixona8@gmpg.org', '92', 'Little Fleur', 'Tulsa', 'Oklahoma', '74141');
insert into contact (client_id, phone, email, street_number, street_name, city, state, zip) values (370, '1-(516)247-1390', 'dmeyera9@comsenz.com', '16', 'Sunnyside', 'Jamaica', 'New York', '11407');
insert into contact (client_id, phone, email, street_number, street_name, city, state, zip) values (371, '1-(702)306-9597', 'mhendersonaa@thetimes.co.uk', '444', 'Sutteridge', 'North Las Vegas', 'Nevada', '89087');
insert into contact (client_id, phone, email, street_number, street_name, city, state, zip) values (372, '1-(304)376-1564', 'nmedinaab@microsoft.com', '87', 'Tennessee', 'Charleston', 'West Virginia', '25331');
insert into contact (client_id, phone, email, street_number, street_name, city, state, zip) values (373, '1-(801)406-6461', 'rharrisac@mayoclinic.com', '53793', 'Roth', 'Sandy', 'Utah', '84093');
insert into contact (client_id, phone, email, street_number, street_name, city, state, zip) values (374, '1-(804)950-2165', 'jryanad@hubpages.com', '46755', 'Washington', 'Richmond', 'Virginia', '23272');
insert into contact (client_id, phone, email, street_number, street_name, city, state, zip) values (375, '1-(952)276-1467', 'spierceae@ibm.com', '02985', 'Dovetail', 'Minneapolis', 'Minnesota', '55436');
insert into contact (client_id, phone, email, street_number, street_name, city, state, zip) values (376, '1-(915)510-6883', 'pperryaf@dyndns.org', '31', 'Duke', 'El Paso', 'Texas', '88553');
insert into contact (client_id, phone, email, street_number, street_name, city, state, zip) values (377, '1-(617)218-3637', 'cgrayag@amazon.com', '21330', 'Cherokee', 'Boston', 'Massachusetts', '02203');
insert into contact (client_id, phone, email, street_number, street_name, city, state, zip) values (378, '1-(404)747-9845', 'lfisherah@soundcloud.com', '43', 'Morningstar', 'Atlanta', 'Georgia', '31106');
insert into contact (client_id, phone, email, street_number, street_name, city, state, zip) values (379, '1-(208)433-7958', 'nfowlerai@toplist.cz', '2', 'Summit', 'Boise', 'Idaho', '83722');
insert into contact (client_id, phone, email, street_number, street_name, city, state, zip) values (380, '1-(757)404-2073', 'jsandersaj@is.gd', '475', 'Cardinal', 'Norfolk', 'Virginia', '23504');
insert into contact (client_id, phone, email, street_number, street_name, city, state, zip) values (381, '1-(303)738-1852', 'jweaverak@fastcompany.com', '646', 'Thierer', 'Denver', 'Colorado', '80223');
insert into contact (client_id, phone, email, street_number, street_name, city, state, zip) values (382, '1-(212)705-2013', 'nfulleral@tuttocitta.it', '500', 'Sunbrook', 'New York City', 'New York', '10131');
insert into contact (client_id, phone, email, street_number, street_name, city, state, zip) values (383, '1-(507)370-8235', 'mowensam@skyrock.com', '1733', 'Morrow', 'Rochester', 'Minnesota', '55905');
insert into contact (client_id, phone, email, street_number, street_name, city, state, zip) values (384, '1-(216)867-0692', 'lnelsonan@craigslist.org', '360', 'Debs', 'Cleveland', 'Ohio', '44111');
insert into contact (client_id, phone, email, street_number, street_name, city, state, zip) values (385, '1-(217)673-0311', 'hpierceao@latimes.com', '04', 'Boyd', 'Champaign', 'Illinois', '61825');
insert into contact (client_id, phone, email, street_number, street_name, city, state, zip) values (386, '1-(806)627-6600', 'dortizap@prnewswire.com', '69165', 'Tennessee', 'Lubbock', 'Texas', '79452');
insert into contact (client_id, phone, email, street_number, street_name, city, state, zip) values (387, '1-(770)632-3818', 'jlarsonaq@mozilla.com', '59302', 'Mandrake', 'Atlanta', 'Georgia', '31119');
insert into contact (client_id, phone, email, street_number, street_name, city, state, zip) values (388, '1-(562)302-6020', 'tchavezar@hexun.com', '4', 'Eggendart', 'Long Beach', 'California', '90840');
insert into contact (client_id, phone, email, street_number, street_name, city, state, zip) values (389, '1-(912)742-5183', 'jjacksonas@unc.edu', '8363', 'Sherman', 'Savannah', 'Georgia', '31410');
insert into contact (client_id, phone, email, street_number, street_name, city, state, zip) values (390, '1-(509)245-4740', 'ladamsat@example.com', '91', 'Becker', 'Spokane', 'Washington', '99205');
insert into contact (client_id, phone, email, street_number, street_name, city, state, zip) values (391, '1-(215)672-8054', 'astevensau@wisc.edu', '2890', 'Anzinger', 'Philadelphia', 'Pennsylvania', '19125');
insert into contact (client_id, phone, email, street_number, street_name, city, state, zip) values (392, '1-(916)770-3217', 'jmontgomeryav@cocolog-nifty.com', '73982', 'Bonner', 'Sacramento', 'California', '95828');
insert into contact (client_id, phone, email, street_number, street_name, city, state, zip) values (393, '1-(202)901-2041', 'amyersaw@printfriendly.com', '74597', 'Dennis', 'Washington', 'District of Columbia', '20067');
insert into contact (client_id, phone, email, street_number, street_name, city, state, zip) values (394, '1-(251)742-9732', 'mfowlerax@example.com', '77', 'Butternut', 'Mobile', 'Alabama', '36670');
insert into contact (client_id, phone, email, street_number, street_name, city, state, zip) values (395, '1-(916)476-4867', 'acunninghamay@feedburner.com', '240', 'Hollow Ridge', 'Sacramento', 'California', '95823');
insert into contact (client_id, phone, email, street_number, street_name, city, state, zip) values (396, '1-(503)309-2528', 'mwilsonaz@cdc.gov', '3804', 'Messerschmidt', 'Portland', 'Oregon', '97232');
insert into contact (client_id, phone, email, street_number, street_name, city, state, zip) values (397, '1-(404)322-9944', 'gpattersonb0@vimeo.com', '2814', 'Wayridge', 'Atlanta', 'Georgia', '31165');
insert into contact (client_id, phone, email, street_number, street_name, city, state, zip) values (398, '1-(757)175-8890', 'erichardsonb1@si.edu', '448', 'Cambridge', 'Norfolk', 'Virginia', '23504');
insert into contact (client_id, phone, email, street_number, street_name, city, state, zip) values (399, '1-(813)693-0542', 'bhartb2@bravesites.com', '48210', 'Prentice', 'Tampa', 'Florida', '33680');
insert into contact (client_id, phone, email, street_number, street_name, city, state, zip) values (400, '1-(508)919-2048', 'cryanb3@shop-pro.jp', '03', 'Grover', 'Brockton', 'Massachusetts', '02405');
insert into contact (client_id, phone, email, street_number, street_name, city, state, zip) values (401, '1-(754)761-2891', 'dpattersonb4@plala.or.jp', '8129', 'Cottonwood', 'Pompano Beach', 'Florida', '33075');
insert into contact (client_id, phone, email, street_number, street_name, city, state, zip) values (402, '1-(419)230-6848', 'mlewisb5@aboutads.info', '69247', 'Almo', 'Toledo', 'Ohio', '43615');
insert into contact (client_id, phone, email, street_number, street_name, city, state, zip) values (403, '1-(504)687-7327', 'mdiazb6@unesco.org', '0726', 'Havey', 'New Orleans', 'Louisiana', '70179');
insert into contact (client_id, phone, email, street_number, street_name, city, state, zip) values (404, '1-(816)246-9497', 'jjenkinsb7@blogspot.com', '4', 'Mendota', 'Kansas City', 'Missouri', '64153');
insert into contact (client_id, phone, email, street_number, street_name, city, state, zip) values (405, '1-(770)294-2647', 'tschmidtb8@tinypic.com', '4', 'Rigney', 'Atlanta', 'Georgia', '30323');
insert into contact (client_id, phone, email, street_number, street_name, city, state, zip) values (406, '1-(754)757-5361', 'wstoneb9@webnode.com', '9', 'Pankratz', 'Fort Lauderdale', 'Florida', '33336');
insert into contact (client_id, phone, email, street_number, street_name, city, state, zip) values (407, '1-(410)187-5580', 'hwashingtonba@spiegel.de', '9750', 'Schiller', 'Baltimore', 'Maryland', '21281');
insert into contact (client_id, phone, email, street_number, street_name, city, state, zip) values (408, '1-(360)557-4906', 'pboydbb@example.com', '237', 'Milwaukee', 'Vancouver', 'Washington', '98664');
insert into contact (client_id, phone, email, street_number, street_name, city, state, zip) values (409, '1-(972)228-8812', 'wgreenebc@blogs.com', '6108', 'Dawn', 'Dallas', 'Texas', '75221');
insert into contact (client_id, phone, email, street_number, street_name, city, state, zip) values (410, '1-(702)311-9253', 'kadamsbd@yellowbook.com', '07235', 'Service', 'Henderson', 'Nevada', '89074');
insert into contact (client_id, phone, email, street_number, street_name, city, state, zip) values (411, '1-(312)230-5531', 'rphillipsbe@weebly.com', '95134', 'Oak Valley', 'Chicago', 'Illinois', '60619');
insert into contact (client_id, phone, email, street_number, street_name, city, state, zip) values (412, '1-(312)605-8930', 'brobertsonbf@clickbank.net', '7554', 'Main', 'Chicago', 'Illinois', '60681');
insert into contact (client_id, phone, email, street_number, street_name, city, state, zip) values (413, '1-(914)459-9302', 'rcolemanbg@home.pl', '888', 'Little Fleur', 'Yonkers', 'New York', '10705');
insert into contact (client_id, phone, email, street_number, street_name, city, state, zip) values (414, '1-(213)472-0891', 'awilliamsonbh@nih.gov', '26325', 'Menomonie', 'Los Angeles', 'California', '90087');
insert into contact (client_id, phone, email, street_number, street_name, city, state, zip) values (415, '1-(415)874-4186', 'traybi@about.com', '49245', 'Dixon', 'Oakland', 'California', '94616');
insert into contact (client_id, phone, email, street_number, street_name, city, state, zip) values (416, '1-(682)929-8083', 'eruizbj@sun.com', '625', 'Westridge', 'Fort Worth', 'Texas', '76162');
insert into contact (client_id, phone, email, street_number, street_name, city, state, zip) values (417, '1-(918)341-1641', 'jscottbk@typepad.com', '039', 'Mandrake', 'Tulsa', 'Oklahoma', '74156');
insert into contact (client_id, phone, email, street_number, street_name, city, state, zip) values (418, '1-(212)551-4411', 'dholmesbl@prnewswire.com', '7', 'Moulton', 'New York City', 'New York', '10009');
insert into contact (client_id, phone, email, street_number, street_name, city, state, zip) values (419, '1-(402)730-6923', 'sbradleybm@i2i.jp', '19523', 'Browning', 'Lincoln', 'Nebraska', '68505');
insert into contact (client_id, phone, email, street_number, street_name, city, state, zip) values (420, '1-(608)358-1573', 'mgrahambn@google.fr', '8', 'Victoria', 'Madison', 'Wisconsin', '53710');
insert into contact (client_id, phone, email, street_number, street_name, city, state, zip) values (421, '1-(901)649-5370', 'aboydbo@amazon.com', '7972', 'East', 'Memphis', 'Tennessee', '38168');
insert into contact (client_id, phone, email, street_number, street_name, city, state, zip) values (422, '1-(415)249-5109', 'mchavezbp@bbb.org', '12', 'Manufacturers', 'San Francisco', 'California', '94169');
insert into contact (client_id, phone, email, street_number, street_name, city, state, zip) values (423, '1-(936)913-9261', 'ematthewsbq@umich.edu', '8470', 'Clemons', 'Beaumont', 'Texas', '77713');
insert into contact (client_id, phone, email, street_number, street_name, city, state, zip) values (424, '1-(510)557-5994', 'ggilbertbr@whitehouse.gov', '593', 'Northview', 'Sacramento', 'California', '95823');
insert into contact (client_id, phone, email, street_number, street_name, city, state, zip) values (425, '1-(678)344-5046', 'cgordonbs@123-reg.co.uk', '9825', 'Sherman', 'Atlanta', 'Georgia', '30316');
insert into contact (client_id, phone, email, street_number, street_name, city, state, zip) values (426, '1-(505)582-1364', 'jdunnbt@mtv.com', '993', 'Ronald Regan', 'Albuquerque', 'New Mexico', '87121');
insert into contact (client_id, phone, email, street_number, street_name, city, state, zip) values (427, '1-(571)605-5398', 'astanleybu@sphinn.com', '99886', 'Harbort', 'Arlington', 'Virginia', '22212');
insert into contact (client_id, phone, email, street_number, street_name, city, state, zip) values (428, '1-(412)765-7542', 'kcolebv@prlog.org', '416', 'Crowley', 'Pittsburgh', 'Pennsylvania', '15215');
insert into contact (client_id, phone, email, street_number, street_name, city, state, zip) values (429, '1-(915)282-6964', 'jgonzalezbw@webmd.com', '02320', 'Linden', 'El Paso', 'Texas', '79934');
insert into contact (client_id, phone, email, street_number, street_name, city, state, zip) values (430, '1-(952)141-2875', 'sarmstrongbx@skype.com', '9', '4th', 'Young America', 'Minnesota', '55557');
insert into contact (client_id, phone, email, street_number, street_name, city, state, zip) values (431, '1-(202)979-3013', 'aharveyby@archive.org', '80', 'Basil', 'Washington', 'District of Columbia', '20099');
insert into contact (client_id, phone, email, street_number, street_name, city, state, zip) values (432, '1-(616)987-2928', 'rmcdonaldbz@google.ca', '0434', 'Chive', 'Grand Rapids', 'Michigan', '49518');
insert into contact (client_id, phone, email, street_number, street_name, city, state, zip) values (433, '1-(614)896-5183', 'klopezc0@wikispaces.com', '27665', 'Carberry', 'Columbus', 'Ohio', '43210');
insert into contact (client_id, phone, email, street_number, street_name, city, state, zip) values (434, '1-(512)199-8413', 'sbakerc1@google.co.jp', '9575', 'Loftsgordon', 'Austin', 'Texas', '78710');
insert into contact (client_id, phone, email, street_number, street_name, city, state, zip) values (435, '1-(202)166-9502', 'dhudsonc2@homestead.com', '1', 'Messerschmidt', 'Washington', 'District of Columbia', '20397');
insert into contact (client_id, phone, email, street_number, street_name, city, state, zip) values (436, '1-(917)117-5433', 'rwhitec3@baidu.com', '5', 'Jenna', 'New York City', 'New York', '10039');
insert into contact (client_id, phone, email, street_number, street_name, city, state, zip) values (437, '1-(208)960-5017', 'pjohnsonc4@columbia.edu', '87752', 'Mayfield', 'Boise', 'Idaho', '83732');
insert into contact (client_id, phone, email, street_number, street_name, city, state, zip) values (438, '1-(206)834-7148', 'rwheelerc5@mayoclinic.com', '6715', 'John Wall', 'Seattle', 'Washington', '98185');
insert into contact (client_id, phone, email, street_number, street_name, city, state, zip) values (439, '1-(302)609-4220', 'kramirezc6@e-recht24.de', '93336', 'Dahle', 'Newark', 'Delaware', '19714');
insert into contact (client_id, phone, email, street_number, street_name, city, state, zip) values (440, '1-(954)913-9705', 'jgordonc7@soup.io', '7', 'Old Gate', 'Boca Raton', 'Florida', '33432');
insert into contact (client_id, phone, email, street_number, street_name, city, state, zip) values (441, '1-(512)400-1880', 'bcarpenterc8@creativecommons.org', '7006', 'Prairie Rose', 'Austin', 'Texas', '78732');
insert into contact (client_id, phone, email, street_number, street_name, city, state, zip) values (442, '1-(804)720-1594', 'jshawc9@lulu.com', '54885', 'Mandrake', 'Richmond', 'Virginia', '23293');
insert into contact (client_id, phone, email, street_number, street_name, city, state, zip) values (443, '1-(713)706-7572', 'sperezca@chronoengine.com', '5', 'American', 'Houston', 'Texas', '77025');
insert into contact (client_id, phone, email, street_number, street_name, city, state, zip) values (444, '1-(209)317-3318', 'jreidcb@narod.ru', '593', 'Express', 'Fresno', 'California', '93726');
insert into contact (client_id, phone, email, street_number, street_name, city, state, zip) values (445, '1-(256)575-5999', 'ashawcc@vimeo.com', '4', 'Spaight', 'Huntsville', 'Alabama', '35805');
insert into contact (client_id, phone, email, street_number, street_name, city, state, zip) values (446, '1-(479)344-6966', 'cdiazcd@dion.ne.jp', '6744', 'Little Fleur', 'Fort Smith', 'Arkansas', '72905');
insert into contact (client_id, phone, email, street_number, street_name, city, state, zip) values (447, '1-(704)788-0020', 'jcampbellce@hexun.com', '4876', 'Coolidge', 'Charlotte', 'North Carolina', '28230');
insert into contact (client_id, phone, email, street_number, street_name, city, state, zip) values (448, '1-(303)823-7262', 'nramirezcf@zimbio.com', '85444', 'Mcbride', 'Denver', 'Colorado', '80255');
insert into contact (client_id, phone, email, street_number, street_name, city, state, zip) values (449, '1-(302)991-1862', 'jwebbcg@webnode.com', '459', 'Quincy', 'Wilmington', 'Delaware', '19897');
insert into contact (client_id, phone, email, street_number, street_name, city, state, zip) values (450, '1-(254)710-1603', 'jhudsonch@mayoclinic.com', '4603', 'Algoma', 'Waco', 'Texas', '76711');
insert into contact (client_id, phone, email, street_number, street_name, city, state, zip) values (451, '1-(816)828-0180', 'dstephensci@psu.edu', '81', 'Elka', 'Kansas City', 'Missouri', '64190');
insert into contact (client_id, phone, email, street_number, street_name, city, state, zip) values (452, '1-(323)668-5194', 'rkennedycj@hud.gov', '630', 'Holmberg', 'Los Angeles', 'California', '90094');
insert into contact (client_id, phone, email, street_number, street_name, city, state, zip) values (453, '1-(919)125-6027', 'hgarzack@merriam-webster.com', '316', 'Transport', 'Durham', 'North Carolina', '27710');
insert into contact (client_id, phone, email, street_number, street_name, city, state, zip) values (454, '1-(716)764-8031', 'hkelleycl@qq.com', '18', 'Lunder', 'Buffalo', 'New York', '14263');
insert into contact (client_id, phone, email, street_number, street_name, city, state, zip) values (455, '1-(415)306-1786', 'areyescm@nifty.com', '3', 'Spaight', 'San Francisco', 'California', '94159');
insert into contact (client_id, phone, email, street_number, street_name, city, state, zip) values (456, '1-(267)201-2700', 'jwatsoncn@wikipedia.org', '0', 'Bashford', 'Philadelphia', 'Pennsylvania', '19115');
insert into contact (client_id, phone, email, street_number, street_name, city, state, zip) values (457, '1-(937)150-0872', 'vhendersonco@soundcloud.com', '1811', 'Steensland', 'Dayton', 'Ohio', '45454');
insert into contact (client_id, phone, email, street_number, street_name, city, state, zip) values (458, '1-(585)816-2004', 'cgibsoncp@google.de', '3198', 'Elgar', 'Rochester', 'New York', '14604');
insert into contact (client_id, phone, email, street_number, street_name, city, state, zip) values (459, '1-(281)693-8139', 'jmorriscq@globo.com', '99', 'Sachs', 'Houston', 'Texas', '77050');
insert into contact (client_id, phone, email, street_number, street_name, city, state, zip) values (460, '1-(202)591-4999', 'ksnydercr@yandex.ru', '0', 'Shopko', 'Washington', 'District of Columbia', '20319');
insert into contact (client_id, phone, email, street_number, street_name, city, state, zip) values (461, '1-(518)320-8408', 'sandrewscs@dailymotion.com', '50', 'Duke', 'Albany', 'New York', '12237');
insert into contact (client_id, phone, email, street_number, street_name, city, state, zip) values (462, '1-(718)819-7591', 'pmurphyct@boston.com', '256', 'Carey', 'Staten Island', 'New York', '10305');
insert into contact (client_id, phone, email, street_number, street_name, city, state, zip) values (463, '1-(754)213-1332', 'llongcu@skype.com', '61', 'Crownhardt', 'Fort Lauderdale', 'Florida', '33320');
insert into contact (client_id, phone, email, street_number, street_name, city, state, zip) values (464, '1-(806)112-6201', 'kreyescv@github.io', '75043', 'Upham', 'Amarillo', 'Texas', '79182');
insert into contact (client_id, phone, email, street_number, street_name, city, state, zip) values (465, '1-(504)177-0729', 'lbishopcw@usgs.gov', '7', 'Westerfield', 'Metairie', 'Louisiana', '70005');
insert into contact (client_id, phone, email, street_number, street_name, city, state, zip) values (466, '1-(325)185-7407', 'lwilliamsoncx@mail.ru', '1', 'Logan', 'Abilene', 'Texas', '79605');
insert into contact (client_id, phone, email, street_number, street_name, city, state, zip) values (467, '1-(239)804-6098', 'jhayescy@themeforest.net', '1578', 'Lake View', 'Fort Myers', 'Florida', '33913');
insert into contact (client_id, phone, email, street_number, street_name, city, state, zip) values (468, '1-(609)696-8321', 'jlopezcz@dailymail.co.uk', '35', 'Lighthouse Bay', 'Trenton', 'New Jersey', '08638');
insert into contact (client_id, phone, email, street_number, street_name, city, state, zip) values (469, '1-(214)821-7504', 'akingd0@drupal.org', '323', 'Waubesa', 'Dallas', 'Texas', '75323');
insert into contact (client_id, phone, email, street_number, street_name, city, state, zip) values (470, '1-(215)552-0610', 'jallend1@xrea.com', '461', 'Porter', 'Philadelphia', 'Pennsylvania', '19125');
insert into contact (client_id, phone, email, street_number, street_name, city, state, zip) values (471, '1-(212)632-0620', 'jmyersd2@prweb.com', '5652', 'Laurel', 'New York City', 'New York', '10175');
insert into contact (client_id, phone, email, street_number, street_name, city, state, zip) values (472, '1-(904)438-3444', 'ekennedyd3@wunderground.com', '79', 'Oneill', 'Saint Augustine', 'Florida', '32092');
insert into contact (client_id, phone, email, street_number, street_name, city, state, zip) values (473, '1-(713)813-3848', 'varmstrongd4@istockphoto.com', '47842', 'Manitowish', 'Houston', 'Texas', '77223');
insert into contact (client_id, phone, email, street_number, street_name, city, state, zip) values (474, '1-(858)234-1753', 'rgrayd5@fotki.com', '82445', 'East', 'San Diego', 'California', '92145');
insert into contact (client_id, phone, email, street_number, street_name, city, state, zip) values (475, '1-(571)989-8722', 'tgrayd6@shareasale.com', '17860', 'Saint Paul', 'Alexandria', 'Virginia', '22313');
insert into contact (client_id, phone, email, street_number, street_name, city, state, zip) values (476, '1-(678)909-6681', 'phayesd7@digg.com', '8125', 'Golden Leaf', 'Norcross', 'Georgia', '30092');
insert into contact (client_id, phone, email, street_number, street_name, city, state, zip) values (477, '1-(269)444-9875', 'dbakerd8@goo.ne.jp', '27615', 'Coolidge', 'Battle Creek', 'Michigan', '49018');
insert into contact (client_id, phone, email, street_number, street_name, city, state, zip) values (478, '1-(682)369-3284', 'bwardd9@163.com', '3657', 'Talmadge', 'Fort Worth', 'Texas', '76178');
insert into contact (client_id, phone, email, street_number, street_name, city, state, zip) values (479, '1-(240)398-2349', 'mjacobsda@vk.com', '665', 'Springview', 'Bowie', 'Maryland', '20719');
insert into contact (client_id, phone, email, street_number, street_name, city, state, zip) values (480, '1-(407)832-1802', 'cholmesdb@whitehouse.gov', '253', 'Del Sol', 'Winter Haven', 'Florida', '33884');
insert into contact (client_id, phone, email, street_number, street_name, city, state, zip) values (481, '1-(219)114-4464', 'mcookdc@hibu.com', '347', 'Anderson', 'Gary', 'Indiana', '46406');
insert into contact (client_id, phone, email, street_number, street_name, city, state, zip) values (482, '1-(361)831-9405', 'sjacksondd@sciencedaily.com', '723', 'Moose', 'Corpus Christi', 'Texas', '78465');
insert into contact (client_id, phone, email, street_number, street_name, city, state, zip) values (483, '1-(260)957-2766', 'jbaileyde@about.me', '03', 'Hovde', 'Fort Wayne', 'Indiana', '46867');
insert into contact (client_id, phone, email, street_number, street_name, city, state, zip) values (484, '1-(212)463-7768', 'tcastillodf@jimdo.com', '54467', 'Mcbride', 'New York City', 'New York', '10034');
insert into contact (client_id, phone, email, street_number, street_name, city, state, zip) values (485, '1-(217)509-8872', 'crobertsondg@aol.com', '20055', 'Barby', 'Springfield', 'Illinois', '62711');
insert into contact (client_id, phone, email, street_number, street_name, city, state, zip) values (486, '1-(915)472-9794', 'dalvarezdh@delicious.com', '2', 'Marcy', 'El Paso', 'Texas', '88553');
insert into contact (client_id, phone, email, street_number, street_name, city, state, zip) values (487, '1-(832)270-6649', 'randersondi@nyu.edu', '08', 'Doe Crossing', 'Houston', 'Texas', '77201');
insert into contact (client_id, phone, email, street_number, street_name, city, state, zip) values (488, '1-(205)489-0927', 'ffrazierdj@reference.com', '331', 'Donald', 'Birmingham', 'Alabama', '35215');
insert into contact (client_id, phone, email, street_number, street_name, city, state, zip) values (489, '1-(305)233-8153', 'jwatsondk@typepad.com', '9', 'Clarendon', 'Pompano Beach', 'Florida', '33064');
insert into contact (client_id, phone, email, street_number, street_name, city, state, zip) values (490, '1-(251)593-5099', 'jcooperdl@deliciousdays.com', '6331', 'Mariners Cove', 'Mobile', 'Alabama', '36689');
insert into contact (client_id, phone, email, street_number, street_name, city, state, zip) values (491, '1-(801)911-1186', 'aschmidtdm@e-recht24.de', '87723', 'Columbus', 'Sandy', 'Utah', '84093');
insert into contact (client_id, phone, email, street_number, street_name, city, state, zip) values (492, '1-(915)212-2034', 'srichardsondn@google.com.au', '73', 'John Wall', 'El Paso', 'Texas', '79977');
insert into contact (client_id, phone, email, street_number, street_name, city, state, zip) values (493, '1-(862)481-3742', 'jbarnesdo@msu.edu', '8', '4th', 'Newark', 'New Jersey', '07188');
insert into contact (client_id, phone, email, street_number, street_name, city, state, zip) values (494, '1-(713)413-0194', 'ssnyderdp@gov.uk', '5240', 'Caliangt', 'Houston', 'Texas', '77223');
insert into contact (client_id, phone, email, street_number, street_name, city, state, zip) values (495, '1-(434)921-6254', 'rcarpenterdq@dagondesign.com', '758', 'Drewry', 'Lynchburg', 'Virginia', '24515');
insert into contact (client_id, phone, email, street_number, street_name, city, state, zip) values (496, '1-(701)223-8239', 'cjacksondr@hc360.com', '81961', 'Rowland', 'Fargo', 'North Dakota', '58106');
insert into contact (client_id, phone, email, street_number, street_name, city, state, zip) values (497, '1-(919)925-5208', 'pwilliamsds@ameblo.jp', '1285', 'Dahle', 'Raleigh', 'North Carolina', '27626');
insert into contact (client_id, phone, email, street_number, street_name, city, state, zip) values (498, '1-(718)571-8876', 'treiddt@prlog.org', '8377', 'Old Gate', 'Jamaica', 'New York', '11447');
insert into contact (client_id, phone, email, street_number, street_name, city, state, zip) values (499, '1-(909)108-8750', 'anelsondu@mail.ru', '569', 'Mallory', 'San Bernardino', 'California', '92415');
insert into contact (client_id, phone, email, street_number, street_name, city, state, zip) values (500, '1-(202)904-7383', 'gbakerdv@aol.com', '01', 'High Crossing', 'Washington', 'District of Columbia', '20580');
insert into contact (client_id, phone, email, street_number, street_name, city, state, zip) values (501, '1-(336)690-7820', 'mdaydw@msu.edu', '5', 'Coleman', 'Greensboro', 'North Carolina', '27409');
insert into contact (client_id, phone, email, street_number, street_name, city, state, zip) values (502, '1-(585)234-0805', 'awatsondx@fc2.com', '0', 'Starling', 'Rochester', 'New York', '14614');
insert into contact (client_id, phone, email, street_number, street_name, city, state, zip) values (503, '1-(267)294-8111', 'ebradleydy@amazonaws.com', '17768', 'Caliangt', 'Levittown', 'Pennsylvania', '19058');
insert into contact (client_id, phone, email, street_number, street_name, city, state, zip) values (504, '1-(901)648-1409', 'rdunndz@statcounter.com', '55', 'Mccormick', 'Memphis', 'Tennessee', '38161');
insert into contact (client_id, phone, email, street_number, street_name, city, state, zip) values (505, '1-(949)848-3795', 'prusselle0@shutterfly.com', '51', 'Esker', 'San Diego', 'California', '92110');
insert into contact (client_id, phone, email, street_number, street_name, city, state, zip) values (506, '1-(251)260-0346', 'hgeorgee1@51.la', '71174', 'Northland', 'Mobile', 'Alabama', '36610');
insert into contact (client_id, phone, email, street_number, street_name, city, state, zip) values (507, '1-(859)374-9488', 'lbryante2@ezinearticles.com', '64', 'Erie', 'Lexington', 'Kentucky', '40596');
insert into contact (client_id, phone, email, street_number, street_name, city, state, zip) values (508, '1-(770)931-7612', 'jpeterse3@simplemachines.org', '2757', 'Packers', 'Atlanta', 'Georgia', '30328');
insert into contact (client_id, phone, email, street_number, street_name, city, state, zip) values (509, '1-(301)904-4340', 'jforde4@usatoday.com', '943', 'Kedzie', 'Rockville', 'Maryland', '20851');
insert into contact (client_id, phone, email, street_number, street_name, city, state, zip) values (510, '1-(718)903-5523', 'esanderse5@flavors.me', '213', 'Russell', 'Bronx', 'New York', '10474');
insert into contact (client_id, phone, email, street_number, street_name, city, state, zip) values (511, '1-(719)128-3183', 'bhudsone6@cdc.gov', '90074', 'Anderson', 'Colorado Springs', 'Colorado', '80945');
insert into contact (client_id, phone, email, street_number, street_name, city, state, zip) values (512, '1-(832)631-2169', 'vruize7@com.com', '3680', 'Grim', 'Houston', 'Texas', '77060');
insert into contact (client_id, phone, email, street_number, street_name, city, state, zip) values (513, '1-(716)720-7870', 'brobertsone8@purevolume.com', '3476', 'Northfield', 'Buffalo', 'New York', '14276');
insert into contact (client_id, phone, email, street_number, street_name, city, state, zip) values (514, '1-(508)435-1899', 'krileye9@twitter.com', '25', 'Veith', 'New Bedford', 'Massachusetts', '02745');
insert into contact (client_id, phone, email, street_number, street_name, city, state, zip) values (515, '1-(336)840-9314', 'jlaneea@google.nl', '11', 'Oriole', 'High Point', 'North Carolina', '27264');
insert into contact (client_id, phone, email, street_number, street_name, city, state, zip) values (516, '1-(775)528-2922', 'lstephenseb@nsw.gov.au', '8', 'Hanover', 'Carson City', 'Nevada', '89706');
insert into contact (client_id, phone, email, street_number, street_name, city, state, zip) values (517, '1-(913)371-4972', 'mreidec@so-net.ne.jp', '8', 'Sycamore', 'Shawnee Mission', 'Kansas', '66276');
insert into contact (client_id, phone, email, street_number, street_name, city, state, zip) values (518, '1-(617)394-4181', 'nreeded@dot.gov', '7', 'Linden', 'Boston', 'Massachusetts', '02216');
insert into contact (client_id, phone, email, street_number, street_name, city, state, zip) values (519, '1-(361)190-8155', 'mkelleyee@spiegel.de', '9565', 'Towne', 'Corpus Christi', 'Texas', '78426');
insert into contact (client_id, phone, email, street_number, street_name, city, state, zip) values (520, '1-(402)829-6149', 'jsnyderef@quantcast.com', '243', 'Fuller', 'Omaha', 'Nebraska', '68124');
insert into contact (client_id, phone, email, street_number, street_name, city, state, zip) values (521, '1-(208)592-8813', 'cmyerseg@oaic.gov.au', '4074', 'Corben', 'Boise', 'Idaho', '83716');
insert into contact (client_id, phone, email, street_number, street_name, city, state, zip) values (522, '1-(402)215-2894', 'hyoungeh@over-blog.com', '88621', 'Artisan', 'Lincoln', 'Nebraska', '68531');
insert into contact (client_id, phone, email, street_number, street_name, city, state, zip) values (523, '1-(404)835-3474', 'jknightei@wordpress.com', '311', 'Westport', 'Atlanta', 'Georgia', '30351');
insert into contact (client_id, phone, email, street_number, street_name, city, state, zip) values (524, '1-(214)454-2339', 'grodriguezej@jalbum.net', '1', 'Oak Valley', 'Denton', 'Texas', '76210');
insert into contact (client_id, phone, email, street_number, street_name, city, state, zip) values (525, '1-(214)386-3003', 'ssimmonsek@tamu.edu', '9', 'Loftsgordon', 'Dallas', 'Texas', '75277');
insert into contact (client_id, phone, email, street_number, street_name, city, state, zip) values (526, '1-(508)148-3316', 'gperkinsel@meetup.com', '3008', 'Old Gate', 'Worcester', 'Massachusetts', '01654');
insert into contact (client_id, phone, email, street_number, street_name, city, state, zip) values (527, '1-(302)979-2562', 'gcoleem@privacy.gov.au', '79', 'Spaight', 'Wilmington', 'Delaware', '19810');
insert into contact (client_id, phone, email, street_number, street_name, city, state, zip) values (528, '1-(361)447-5247', 'jwrighten@cbsnews.com', '7', 'Sherman', 'Corpus Christi', 'Texas', '78410');
insert into contact (client_id, phone, email, street_number, street_name, city, state, zip) values (529, '1-(915)713-0607', 'dmurphyeo@blogger.com', '0', 'Oak', 'El Paso', 'Texas', '88563');
insert into contact (client_id, phone, email, street_number, street_name, city, state, zip) values (530, '1-(806)521-1192', 'vleeep@flavors.me', '00915', 'Nova', 'Amarillo', 'Texas', '79182');
insert into contact (client_id, phone, email, street_number, street_name, city, state, zip) values (531, '1-(402)880-4021', 'fmyerseq@etsy.com', '5', 'Lukken', 'Omaha', 'Nebraska', '68105');
insert into contact (client_id, phone, email, street_number, street_name, city, state, zip) values (532, '1-(919)721-2903', 'dwilliser@networksolutions.com', '615', 'Messerschmidt', 'Raleigh', 'North Carolina', '27621');
insert into contact (client_id, phone, email, street_number, street_name, city, state, zip) values (533, '1-(864)157-9855', 'jwrightes@sina.com.cn', '1471', 'Banding', 'Greenville', 'South Carolina', '29610');
insert into contact (client_id, phone, email, street_number, street_name, city, state, zip) values (534, '1-(816)186-1866', 'epalmeret@trellian.com', '42', 'Laurel', 'Kansas City', 'Missouri', '64136');
insert into contact (client_id, phone, email, street_number, street_name, city, state, zip) values (535, '1-(260)420-1349', 'jfreemaneu@slashdot.org', '42289', 'Esker', 'Fort Wayne', 'Indiana', '46805');
insert into contact (client_id, phone, email, street_number, street_name, city, state, zip) values (536, '1-(773)391-1466', 'jbarnesev@thetimes.co.uk', '29041', 'Buell', 'Chicago', 'Illinois', '60609');
insert into contact (client_id, phone, email, street_number, street_name, city, state, zip) values (537, '1-(786)737-2077', 'mbrownew@amazonaws.com', '0809', 'Dakota', 'Miami', 'Florida', '33147');
insert into contact (client_id, phone, email, street_number, street_name, city, state, zip) values (538, '1-(281)435-3962', 'npetersex@jugem.jp', '15', 'High Crossing', 'Houston', 'Texas', '77050');
insert into contact (client_id, phone, email, street_number, street_name, city, state, zip) values (539, '1-(559)300-3704', 'jwoodey@free.fr', '1737', 'Stang', 'Fullerton', 'California', '92640');
insert into contact (client_id, phone, email, street_number, street_name, city, state, zip) values (540, '1-(267)303-5066', 'warnoldez@oracle.com', '65479', 'Rowland', 'Philadelphia', 'Pennsylvania', '19146');
insert into contact (client_id, phone, email, street_number, street_name, city, state, zip) values (541, '1-(805)915-1281', 'swagnerf0@shareasale.com', '09', 'Hintze', 'San Mateo', 'California', '94405');
insert into contact (client_id, phone, email, street_number, street_name, city, state, zip) values (542, '1-(508)792-8153', 'mricef1@usa.gov', '83', 'Corry', 'New Bedford', 'Massachusetts', '02745');
insert into contact (client_id, phone, email, street_number, street_name, city, state, zip) values (543, '1-(440)684-3682', 'hreynoldsf2@who.int', '2720', 'Straubel', 'Cleveland', 'Ohio', '44130');
insert into contact (client_id, phone, email, street_number, street_name, city, state, zip) values (544, '1-(218)924-9307', 'afowlerf3@purevolume.com', '78499', 'Marcy', 'Duluth', 'Minnesota', '55805');
insert into contact (client_id, phone, email, street_number, street_name, city, state, zip) values (545, '1-(501)688-2243', 'ggriffinf4@google.cn', '57680', 'Tomscot', 'Little Rock', 'Arkansas', '72231');
insert into contact (client_id, phone, email, street_number, street_name, city, state, zip) values (546, '1-(202)382-0812', 'rrobertsf5@rediff.com', '62', 'Namekagon', 'Washington', 'District of Columbia', '20540');
insert into contact (client_id, phone, email, street_number, street_name, city, state, zip) values (547, '1-(318)775-5664', 'nhansonf6@hibu.com', '0300', 'Butternut', 'Shreveport', 'Louisiana', '71105');
insert into contact (client_id, phone, email, street_number, street_name, city, state, zip) values (548, '1-(480)112-8046', 'amorganf7@infoseek.co.jp', '415', 'Esker', 'Scottsdale', 'Arizona', '85255');
insert into contact (client_id, phone, email, street_number, street_name, city, state, zip) values (549, '1-(808)908-8514', 'jgrahamf8@t-online.de', '44', 'Spaight', 'Honolulu', 'Hawaii', '96815');
insert into contact (client_id, phone, email, street_number, street_name, city, state, zip) values (550, '1-(412)440-6628', 'jperezf9@boston.com', '5228', 'Butternut', 'Pittsburgh', 'Pennsylvania', '15225');
insert into contact (client_id, phone, email, street_number, street_name, city, state, zip) values (551, '1-(571)827-1257', 'dpetersfa@youtu.be', '38768', 'Sachtjen', 'Alexandria', 'Virginia', '22333');
insert into contact (client_id, phone, email, street_number, street_name, city, state, zip) values (552, '1-(845)774-0117', 'rcolefb@webmd.com', '15945', 'Reinke', 'White Plains', 'New York', '10633');
insert into contact (client_id, phone, email, street_number, street_name, city, state, zip) values (553, '1-(701)489-6862', 'pburkefc@pinterest.com', '92', 'Waubesa', 'Fargo', 'North Dakota', '58106');
insert into contact (client_id, phone, email, street_number, street_name, city, state, zip) values (554, '1-(415)150-3487', 'ifernandezfd@qq.com', '25', 'Dixon', 'San Francisco', 'California', '94177');
insert into contact (client_id, phone, email, street_number, street_name, city, state, zip) values (555, '1-(260)720-7840', 'dortizfe@msn.com', '01704', 'Grim', 'Fort Wayne', 'Indiana', '46814');
insert into contact (client_id, phone, email, street_number, street_name, city, state, zip) values (556, '1-(305)273-6742', 'towensff@alibaba.com', '7280', 'Portage', 'Miami', 'Florida', '33129');
insert into contact (client_id, phone, email, street_number, street_name, city, state, zip) values (557, '1-(712)395-3924', 'wcarrollfg@independent.co.uk', '974', 'Petterle', 'Sioux City', 'Iowa', '51105');
insert into contact (client_id, phone, email, street_number, street_name, city, state, zip) values (558, '1-(239)405-8797', 'dgrantfh@virginia.edu', '9381', 'Lakeland', 'Fort Myers', 'Florida', '33994');
insert into contact (client_id, phone, email, street_number, street_name, city, state, zip) values (559, '1-(806)206-3110', 'bhicksfi@about.com', '33', 'Ryan', 'Lubbock', 'Texas', '79491');
insert into contact (client_id, phone, email, street_number, street_name, city, state, zip) values (560, '1-(804)293-9161', 'jmartinezfj@bandcamp.com', '0943', 'Dapin', 'Richmond', 'Virginia', '23289');
insert into contact (client_id, phone, email, street_number, street_name, city, state, zip) values (561, '1-(202)667-7336', 'adayfk@lulu.com', '73', 'Granby', 'Washington', 'District of Columbia', '20575');
insert into contact (client_id, phone, email, street_number, street_name, city, state, zip) values (562, '1-(619)808-5146', 'bjohnstonfl@imdb.com', '20470', 'Starling', 'San Diego', 'California', '92191');
insert into contact (client_id, phone, email, street_number, street_name, city, state, zip) values (563, '1-(540)962-2076', 'rburnsfm@clickbank.net', '2761', 'Grim', 'Roanoke', 'Virginia', '24004');
insert into contact (client_id, phone, email, street_number, street_name, city, state, zip) values (564, '1-(256)133-5013', 'wrileyfn@etsy.com', '3', 'Banding', 'Huntsville', 'Alabama', '35815');
insert into contact (client_id, phone, email, street_number, street_name, city, state, zip) values (565, '1-(513)976-1479', 'ngonzalezfo@google.com.br', '9935', 'Orin', 'Cincinnati', 'Ohio', '45249');
insert into contact (client_id, phone, email, street_number, street_name, city, state, zip) values (566, '1-(309)254-3189', 'scollinsfp@deviantart.com', '403', 'Morning', 'Peoria', 'Illinois', '61605');
insert into contact (client_id, phone, email, street_number, street_name, city, state, zip) values (567, '1-(505)979-1156', 'vwilliamsfq@sakura.ne.jp', '8', 'Morning', 'Albuquerque', 'New Mexico', '87195');
insert into contact (client_id, phone, email, street_number, street_name, city, state, zip) values (568, '1-(215)361-1520', 'pmccoyfr@simplemachines.org', '4352', '3rd', 'Philadelphia', 'Pennsylvania', '19178');
insert into contact (client_id, phone, email, street_number, street_name, city, state, zip) values (569, '1-(319)868-0065', 'hlongfs@themeforest.net', '06', 'Del Mar', 'Waterloo', 'Iowa', '50706');
insert into contact (client_id, phone, email, street_number, street_name, city, state, zip) values (570, '1-(210)561-5665', 'aruizft@wikispaces.com', '606', 'Derek', 'San Antonio', 'Texas', '78245');
insert into contact (client_id, phone, email, street_number, street_name, city, state, zip) values (571, '1-(937)810-9667', 'pthompsonfu@hatena.ne.jp', '4381', 'Kedzie', 'Dayton', 'Ohio', '45426');
insert into contact (client_id, phone, email, street_number, street_name, city, state, zip) values (572, '1-(865)210-6808', 'rjacobsfv@sourceforge.net', '19', 'Barnett', 'Knoxville', 'Tennessee', '37939');
insert into contact (client_id, phone, email, street_number, street_name, city, state, zip) values (573, '1-(419)361-8953', 'lharperfw@aboutads.info', '9', 'Barnett', 'Lima', 'Ohio', '45807');
insert into contact (client_id, phone, email, street_number, street_name, city, state, zip) values (574, '1-(562)694-4809', 'kmcdonaldfx@tinyurl.com', '7', 'Lotheville', 'San Francisco', 'California', '94110');
insert into contact (client_id, phone, email, street_number, street_name, city, state, zip) values (575, '1-(916)710-0494', 'dlewisfy@marketwatch.com', '74', 'Oak', 'Sacramento', 'California', '95813');
insert into contact (client_id, phone, email, street_number, street_name, city, state, zip) values (576, '1-(713)948-9442', 'mriverafz@accuweather.com', '3342', '2nd', 'Houston', 'Texas', '77240');
insert into contact (client_id, phone, email, street_number, street_name, city, state, zip) values (577, '1-(415)467-0137', 'jchapmang0@washingtonpost.com', '6', 'Waubesa', 'San Francisco', 'California', '94137');
insert into contact (client_id, phone, email, street_number, street_name, city, state, zip) values (578, '1-(508)248-7641', 'rrobertsg1@indiatimes.com', '23', '5th', 'Worcester', 'Massachusetts', '01654');
insert into contact (client_id, phone, email, street_number, street_name, city, state, zip) values (579, '1-(801)756-6880', 'rstanleyg2@youku.com', '53', 'Emmet', 'Salt Lake City', 'Utah', '84170');
insert into contact (client_id, phone, email, street_number, street_name, city, state, zip) values (580, '1-(330)778-3378', 'dwatkinsg3@time.com', '50', 'Union', 'Akron', 'Ohio', '44321');
insert into contact (client_id, phone, email, street_number, street_name, city, state, zip) values (581, '1-(646)288-0517', 'rcrawfordg4@angelfire.com', '5', 'David', 'New York City', 'New York', '10019');
insert into contact (client_id, phone, email, street_number, street_name, city, state, zip) values (582, '1-(312)797-0564', 'atorresg5@imgur.com', '77484', 'Bellgrove', 'Chicago', 'Illinois', '60619');
insert into contact (client_id, phone, email, street_number, street_name, city, state, zip) values (583, '1-(225)157-1946', 'glawsong6@blogs.com', '3', 'Cherokee', 'Baton Rouge', 'Louisiana', '70826');
insert into contact (client_id, phone, email, street_number, street_name, city, state, zip) values (584, '1-(814)937-1874', 'mkimg7@columbia.edu', '60', 'Novick', 'Erie', 'Pennsylvania', '16505');
insert into contact (client_id, phone, email, street_number, street_name, city, state, zip) values (585, '1-(212)773-8574', 'rhawkinsg8@ning.com', '4', 'Shopko', 'New York City', 'New York', '10131');
insert into contact (client_id, phone, email, street_number, street_name, city, state, zip) values (586, '1-(432)203-0669', 'vlynchg9@ucsd.edu', '621', 'Eggendart', 'Midland', 'Texas', '79710');
insert into contact (client_id, phone, email, street_number, street_name, city, state, zip) values (587, '1-(563)410-2014', 'cshawga@uol.com.br', '90', 'Briar Crest', 'Davenport', 'Iowa', '52809');
insert into contact (client_id, phone, email, street_number, street_name, city, state, zip) values (588, '1-(305)398-7856', 'cwrightgb@mlb.com', '49427', 'Coolidge', 'Miami', 'Florida', '33169');
insert into contact (client_id, phone, email, street_number, street_name, city, state, zip) values (589, '1-(412)396-2604', 'abennettgc@yellowbook.com', '43', 'Roxbury', 'Pittsburgh', 'Pennsylvania', '15235');
insert into contact (client_id, phone, email, street_number, street_name, city, state, zip) values (590, '1-(509)593-5124', 'awagnergd@bluehost.com', '56', 'Oriole', 'Yakima', 'Washington', '98907');
insert into contact (client_id, phone, email, street_number, street_name, city, state, zip) values (591, '1-(707)713-2622', 'jjonesge@tumblr.com', '9024', 'Sage', 'Santa Rosa', 'California', '95405');
insert into contact (client_id, phone, email, street_number, street_name, city, state, zip) values (592, '1-(513)601-4403', 'pkelleygf@cornell.edu', '02', 'Waubesa', 'Cincinnati', 'Ohio', '45238');
insert into contact (client_id, phone, email, street_number, street_name, city, state, zip) values (593, '1-(202)430-8695', 'cthompsongg@cnn.com', '823', 'Prairieview', 'Washington', 'District of Columbia', '20456');
insert into contact (client_id, phone, email, street_number, street_name, city, state, zip) values (594, '1-(617)477-8199', 'fhartgh@cdbaby.com', '8081', 'Ridgeview', 'Boston', 'Massachusetts', '02298');
insert into contact (client_id, phone, email, street_number, street_name, city, state, zip) values (595, '1-(585)431-9812', 'bmoralesgi@msn.com', '84465', 'Northridge', 'Rochester', 'New York', '14639');
insert into contact (client_id, phone, email, street_number, street_name, city, state, zip) values (596, '1-(916)543-3989', 'sevansgj@washington.edu', '2383', 'Leroy', 'Sacramento', 'California', '94263');
insert into contact (client_id, phone, email, street_number, street_name, city, state, zip) values (597, '1-(352)860-5173', 'rcolemangk@devhub.com', '23', 'Iowa', 'Spring Hill', 'Florida', '34611');
insert into contact (client_id, phone, email, street_number, street_name, city, state, zip) values (598, '1-(908)926-7656', 'cnelsongl@ft.com', '777', 'Karstens', 'Elizabeth', 'New Jersey', '07208');
insert into contact (client_id, phone, email, street_number, street_name, city, state, zip) values (599, '1-(617)537-4564', 'jbakergm@example.com', '9651', 'Hudson', 'Lynn', 'Massachusetts', '01905');
insert into contact (client_id, phone, email, street_number, street_name, city, state, zip) values (600, '1-(561)217-8550', 'vhuntergn@ft.com', '74', 'Wayridge', 'Lake Worth', 'Florida', '33467');
insert into contact (client_id, phone, email, street_number, street_name, city, state, zip) values (601, '1-(210)392-7128', 'amarshallgo@cam.ac.uk', '99710', 'Muir', 'San Antonio', 'Texas', '78225');
insert into contact (client_id, phone, email, street_number, street_name, city, state, zip) values (602, '1-(727)672-5880', 'rwestgp@pcworld.com', '74', 'Manitowish', 'Clearwater', 'Florida', '34620');
insert into contact (client_id, phone, email, street_number, street_name, city, state, zip) values (603, '1-(513)154-1155', 'edanielsgq@topsy.com', '06482', 'Maryland', 'Cincinnati', 'Ohio', '45254');
insert into contact (client_id, phone, email, street_number, street_name, city, state, zip) values (604, '1-(323)492-6796', 'jmeyergr@salon.com', '38', 'Kedzie', 'Inglewood', 'California', '90305');
insert into contact (client_id, phone, email, street_number, street_name, city, state, zip) values (605, '1-(334)702-0351', 'nortizgs@printfriendly.com', '6', 'Tennessee', 'Montgomery', 'Alabama', '36114');
insert into contact (client_id, phone, email, street_number, street_name, city, state, zip) values (606, '1-(502)888-0264', 'nhughesgt@ask.com', '9588', 'Fisk', 'Louisville', 'Kentucky', '40215');
insert into contact (client_id, phone, email, street_number, street_name, city, state, zip) values (607, '1-(302)190-8412', 'lgonzalezgu@independent.co.uk', '1305', 'Claremont', 'Newark', 'Delaware', '19714');
insert into contact (client_id, phone, email, street_number, street_name, city, state, zip) values (608, '1-(770)894-6435', 'sgordongv@edublogs.org', '7964', 'Monument', 'Lawrenceville', 'Georgia', '30045');
insert into contact (client_id, phone, email, street_number, street_name, city, state, zip) values (609, '1-(989)438-6330', 'naustingw@naver.com', '4', 'Doe Crossing', 'Midland', 'Michigan', '48670');
insert into contact (client_id, phone, email, street_number, street_name, city, state, zip) values (610, '1-(786)659-3718', 'kbrowngx@spiegel.de', '0', 'Northridge', 'Miami', 'Florida', '33124');
insert into contact (client_id, phone, email, street_number, street_name, city, state, zip) values (611, '1-(704)685-8206', 'rcoxgy@altervista.org', '74', 'Bowman', 'Charlotte', 'North Carolina', '28220');
insert into contact (client_id, phone, email, street_number, street_name, city, state, zip) values (612, '1-(716)619-6632', 'jcarrollgz@hibu.com', '3', 'Farwell', 'Buffalo', 'New York', '14210');
insert into contact (client_id, phone, email, street_number, street_name, city, state, zip) values (613, '1-(602)859-1431', 'jfergusonh0@naver.com', '70269', 'Fieldstone', 'Phoenix', 'Arizona', '85062');
insert into contact (client_id, phone, email, street_number, street_name, city, state, zip) values (614, '1-(408)561-6596', 'agardnerh1@nps.gov', '08791', 'Cottonwood', 'San Jose', 'California', '95118');
insert into contact (client_id, phone, email, street_number, street_name, city, state, zip) values (615, '1-(754)416-7807', 'ggilberth2@yellowbook.com', '17970', 'Buena Vista', 'Fort Lauderdale', 'Florida', '33310');
insert into contact (client_id, phone, email, street_number, street_name, city, state, zip) values (616, '1-(330)550-4450', 'apowellh3@soup.io', '1', 'Kedzie', 'Akron', 'Ohio', '44321');
insert into contact (client_id, phone, email, street_number, street_name, city, state, zip) values (617, '1-(915)896-5640', 'jharth4@mayoclinic.com', '839', 'Holy Cross', 'El Paso', 'Texas', '88579');
insert into contact (client_id, phone, email, street_number, street_name, city, state, zip) values (618, '1-(208)515-9408', 'bchapmanh5@trellian.com', '23', 'Portage', 'Boise', 'Idaho', '83711');
insert into contact (client_id, phone, email, street_number, street_name, city, state, zip) values (619, '1-(563)600-7713', 'hfisherh6@imageshack.us', '29094', 'Sutteridge', 'Davenport', 'Iowa', '52809');
insert into contact (client_id, phone, email, street_number, street_name, city, state, zip) values (620, '1-(304)201-1388', 'sreyesh7@dmoz.org', '71', 'Eggendart', 'Charleston', 'West Virginia', '25356');
insert into contact (client_id, phone, email, street_number, street_name, city, state, zip) values (621, '1-(937)966-8705', 'shernandezh8@auda.org.au', '9128', 'Pleasure', 'Dayton', 'Ohio', '45440');
insert into contact (client_id, phone, email, street_number, street_name, city, state, zip) values (622, '1-(585)465-2237', 'kcruzh9@reverbnation.com', '4635', 'Ridgeview', 'Rochester', 'New York', '14614');
insert into contact (client_id, phone, email, street_number, street_name, city, state, zip) values (623, '1-(814)637-2091', 'jrogersha@tiny.cc', '29', 'School', 'Erie', 'Pennsylvania', '16522');
insert into contact (client_id, phone, email, street_number, street_name, city, state, zip) values (624, '1-(804)121-8012', 'joliverhb@businessinsider.com', '4180', 'Warner', 'Richmond', 'Virginia', '23289');
insert into contact (client_id, phone, email, street_number, street_name, city, state, zip) values (625, '1-(302)549-4778', 'jwesthc@chronoengine.com', '271', 'Susan', 'Newark', 'Delaware', '19725');
insert into contact (client_id, phone, email, street_number, street_name, city, state, zip) values (626, '1-(763)510-4090', 'jwoodshd@columbia.edu', '4577', 'Sloan', 'Minneapolis', 'Minnesota', '55441');
insert into contact (client_id, phone, email, street_number, street_name, city, state, zip) values (627, '1-(706)162-3015', 'gwhitehe@about.com', '9', 'Carey', 'Cumming', 'Georgia', '30130');
insert into contact (client_id, phone, email, street_number, street_name, city, state, zip) values (628, '1-(413)195-6761', 'aboydhf@godaddy.com', '6642', 'Nobel', 'Springfield', 'Massachusetts', '01105');
insert into contact (client_id, phone, email, street_number, street_name, city, state, zip) values (629, '1-(260)543-6595', 'rgonzalezhg@prlog.org', '0018', 'Merchant', 'Fort Wayne', 'Indiana', '46805');
insert into contact (client_id, phone, email, street_number, street_name, city, state, zip) values (630, '1-(360)592-4796', 'jaustinhh@engadget.com', '55', 'Mesta', 'Vancouver', 'Washington', '98682');
insert into contact (client_id, phone, email, street_number, street_name, city, state, zip) values (631, '1-(952)563-9830', 'telliotthi@xing.com', '08', 'Grasskamp', 'Young America', 'Minnesota', '55551');
insert into contact (client_id, phone, email, street_number, street_name, city, state, zip) values (632, '1-(201)750-8361', 'ltorreshj@drupal.org', '0830', 'Sachtjen', 'Jersey City', 'New Jersey', '07305');
insert into contact (client_id, phone, email, street_number, street_name, city, state, zip) values (633, '1-(574)751-9034', 'bhenryhk@admin.ch', '42', 'Dorton', 'South Bend', 'Indiana', '46634');
insert into contact (client_id, phone, email, street_number, street_name, city, state, zip) values (634, '1-(512)444-6405', 'wgordonhl@google.com.br', '11', 'Pearson', 'Austin', 'Texas', '78783');
insert into contact (client_id, phone, email, street_number, street_name, city, state, zip) values (635, '1-(615)666-9412', 'kwelchhm@google.com', '3883', 'Bobwhite', 'Nashville', 'Tennessee', '37250');
insert into contact (client_id, phone, email, street_number, street_name, city, state, zip) values (636, '1-(763)100-4783', 'jgreenhn@wix.com', '830', 'Sommers', 'Monticello', 'Minnesota', '55565');
insert into contact (client_id, phone, email, street_number, street_name, city, state, zip) values (637, '1-(919)324-2612', 'jstewartho@blog.com', '3', 'Maryland', 'Durham', 'North Carolina', '27710');
insert into contact (client_id, phone, email, street_number, street_name, city, state, zip) values (638, '1-(832)962-7858', 'vhernandezhp@unesco.org', '55', 'Daystar', 'Houston', 'Texas', '77266');
insert into contact (client_id, phone, email, street_number, street_name, city, state, zip) values (639, '1-(318)781-5941', 'awardhq@devhub.com', '83', 'Swallow', 'Shreveport', 'Louisiana', '71161');
insert into contact (client_id, phone, email, street_number, street_name, city, state, zip) values (640, '1-(513)205-5487', 'kjenkinshr@senate.gov', '61', 'Ilene', 'Cincinnati', 'Ohio', '45999');
insert into contact (client_id, phone, email, street_number, street_name, city, state, zip) values (641, '1-(770)544-6498', 'kkellyhs@g.co', '734', 'Melvin', 'Atlanta', 'Georgia', '30328');
insert into contact (client_id, phone, email, street_number, street_name, city, state, zip) values (642, '1-(504)513-1390', 'crichardsonht@springer.com', '96149', 'Green', 'New Orleans', 'Louisiana', '70160');
insert into contact (client_id, phone, email, street_number, street_name, city, state, zip) values (643, '1-(718)299-7822', 'kfoxhu@oracle.com', '85', 'Mesta', 'Brooklyn', 'New York', '11231');
insert into contact (client_id, phone, email, street_number, street_name, city, state, zip) values (644, '1-(651)976-2673', 'cfrazierhv@google.de', '01455', 'Sherman', 'Saint Paul', 'Minnesota', '55146');
insert into contact (client_id, phone, email, street_number, street_name, city, state, zip) values (645, '1-(218)918-2832', 'nstevenshw@comsenz.com', '416', 'Del Sol', 'Duluth', 'Minnesota', '55811');
insert into contact (client_id, phone, email, street_number, street_name, city, state, zip) values (646, '1-(405)993-8980', 'kcookhx@amazon.co.uk', '859', 'Corben', 'Oklahoma City', 'Oklahoma', '73190');
insert into contact (client_id, phone, email, street_number, street_name, city, state, zip) values (647, '1-(512)153-4649', 'msimpsonhy@fda.gov', '8', 'Utah', 'Austin', 'Texas', '78710');
insert into contact (client_id, phone, email, street_number, street_name, city, state, zip) values (648, '1-(516)912-8316', 'jharveyhz@canalblog.com', '6857', 'Forest Run', 'Port Washington', 'New York', '11054');
insert into contact (client_id, phone, email, street_number, street_name, city, state, zip) values (649, '1-(512)306-2524', 'lsanchezi0@tmall.com', '87520', 'Dahle', 'Austin', 'Texas', '78783');
insert into contact (client_id, phone, email, street_number, street_name, city, state, zip) values (650, '1-(713)632-2756', 'jgibsoni1@ebay.com', '37', 'Melvin', 'Houston', 'Texas', '77035');
insert into contact (client_id, phone, email, street_number, street_name, city, state, zip) values (651, '1-(801)420-9705', 'colsoni2@pen.io', '8', 'Hooker', 'Ogden', 'Utah', '84403');
insert into contact (client_id, phone, email, street_number, street_name, city, state, zip) values (652, '1-(813)254-0474', 'afrazieri3@surveymonkey.com', '498', 'Shoshone', 'Tampa', 'Florida', '33620');
insert into contact (client_id, phone, email, street_number, street_name, city, state, zip) values (653, '1-(907)689-7506', 'hbradleyi4@bizjournals.com', '4408', '2nd', 'Anchorage', 'Alaska', '99599');
insert into contact (client_id, phone, email, street_number, street_name, city, state, zip) values (654, '1-(775)333-7656', 'jvasquezi5@bigcartel.com', '1', 'Ryan', 'Sparks', 'Nevada', '89436');
insert into contact (client_id, phone, email, street_number, street_name, city, state, zip) values (655, '1-(706)871-8646', 'rarnoldi6@shareasale.com', '0', 'Schiller', 'Cumming', 'Georgia', '30130');
insert into contact (client_id, phone, email, street_number, street_name, city, state, zip) values (656, '1-(256)143-3492', 'khamiltoni7@gizmodo.com', '4', 'Gerald', 'Anniston', 'Alabama', '36205');
insert into contact (client_id, phone, email, street_number, street_name, city, state, zip) values (657, '1-(319)917-2040', 'rwilliamsoni8@intel.com', '2', 'Debra', 'Waterloo', 'Iowa', '50706');
insert into contact (client_id, phone, email, street_number, street_name, city, state, zip) values (658, '1-(408)144-8974', 'flawsoni9@lycos.com', '5', 'Carioca', 'San Jose', 'California', '95123');
insert into contact (client_id, phone, email, street_number, street_name, city, state, zip) values (659, '1-(713)989-2462', 'rnguyenia@webeden.co.uk', '289', 'Service', 'Houston', 'Texas', '77260');
insert into contact (client_id, phone, email, street_number, street_name, city, state, zip) values (660, '1-(504)119-5468', 'wbrownib@spiegel.de', '537', 'Sachs', 'New Orleans', 'Louisiana', '70124');
insert into contact (client_id, phone, email, street_number, street_name, city, state, zip) values (661, '1-(336)832-3738', 'ppetersic@admin.ch', '70', 'New Castle', 'Winston Salem', 'North Carolina', '27105');
insert into contact (client_id, phone, email, street_number, street_name, city, state, zip) values (662, '1-(754)314-4474', 'rmarshallid@goodreads.com', '29846', 'Trailsway', 'Fort Lauderdale', 'Florida', '33310');
insert into contact (client_id, phone, email, street_number, street_name, city, state, zip) values (663, '1-(727)416-6356', 'jberryie@home.pl', '07', 'Warner', 'Largo', 'Florida', '33777');
insert into contact (client_id, phone, email, street_number, street_name, city, state, zip) values (664, '1-(214)544-7871', 'mhuntif@networksolutions.com', '8144', 'Moland', 'Dallas', 'Texas', '75358');
insert into contact (client_id, phone, email, street_number, street_name, city, state, zip) values (665, '1-(918)300-3216', 'cgonzalesig@photobucket.com', '23', 'Hermina', 'Tulsa', 'Oklahoma', '74126');
insert into contact (client_id, phone, email, street_number, street_name, city, state, zip) values (666, '1-(540)490-1608', 'mrossih@exblog.jp', '6', 'Arizona', 'Roanoke', 'Virginia', '24034');
insert into contact (client_id, phone, email, street_number, street_name, city, state, zip) values (667, '1-(941)742-9300', 'dpetersii@aol.com', '6695', 'Fremont', 'Seminole', 'Florida', '34642');
insert into contact (client_id, phone, email, street_number, street_name, city, state, zip) values (668, '1-(443)755-7110', 'gjenkinsij@nhs.uk', '49', '3rd', 'Baltimore', 'Maryland', '21229');
insert into contact (client_id, phone, email, street_number, street_name, city, state, zip) values (669, '1-(760)575-2682', 'smatthewsik@unc.edu', '3', 'Katie', 'San Diego', 'California', '92121');
insert into contact (client_id, phone, email, street_number, street_name, city, state, zip) values (670, '1-(651)877-8588', 'amyersil@blogtalkradio.com', '05142', 'High Crossing', 'Minneapolis', 'Minnesota', '55402');
insert into contact (client_id, phone, email, street_number, street_name, city, state, zip) values (671, '1-(513)117-5350', 'vrussellim@addtoany.com', '39666', 'Scoville', 'Cincinnati', 'Ohio', '45254');
insert into contact (client_id, phone, email, street_number, street_name, city, state, zip) values (672, '1-(209)611-3400', 'aburkein@123-reg.co.uk', '58836', 'Vernon', 'Modesto', 'California', '95397');
insert into contact (client_id, phone, email, street_number, street_name, city, state, zip) values (673, '1-(843)960-4038', 'ecooperio@princeton.edu', '478', 'Superior', 'Charleston', 'South Carolina', '29416');
insert into contact (client_id, phone, email, street_number, street_name, city, state, zip) values (674, '1-(770)781-1251', 'rkimip@globo.com', '09', 'Ludington', 'Marietta', 'Georgia', '30061');
insert into contact (client_id, phone, email, street_number, street_name, city, state, zip) values (675, '1-(914)907-5869', 'gnicholsiq@businesswire.com', '0159', 'Schlimgen', 'Yonkers', 'New York', '10705');
insert into contact (client_id, phone, email, street_number, street_name, city, state, zip) values (676, '1-(602)331-6143', 'jstanleyir@com.com', '926', 'Lukken', 'Phoenix', 'Arizona', '85020');
insert into contact (client_id, phone, email, street_number, street_name, city, state, zip) values (677, '1-(417)112-4635', 'amurrayis@amazon.de', '885', 'Novick', 'Springfield', 'Missouri', '65810');
insert into contact (client_id, phone, email, street_number, street_name, city, state, zip) values (678, '1-(404)461-2908', 'abaileyit@tumblr.com', '59346', 'Gerald', 'Atlanta', 'Georgia', '30380');
insert into contact (client_id, phone, email, street_number, street_name, city, state, zip) values (679, '1-(516)519-6436', 'jcastilloiu@simplemachines.org', '044', 'Northfield', 'Hicksville', 'New York', '11854');
insert into contact (client_id, phone, email, street_number, street_name, city, state, zip) values (680, '1-(813)412-6854', 'ccoleiv@springer.com', '34', 'Shoshone', 'Tampa', 'Florida', '33620');
insert into contact (client_id, phone, email, street_number, street_name, city, state, zip) values (681, '1-(970)705-4059', 'asimmonsiw@mysql.com', '7', 'Hayes', 'Grand Junction', 'Colorado', '81505');
insert into contact (client_id, phone, email, street_number, street_name, city, state, zip) values (682, '1-(404)562-3862', 'aandersonix@fema.gov', '80', 'Swallow', 'Atlanta', 'Georgia', '30386');
insert into contact (client_id, phone, email, street_number, street_name, city, state, zip) values (683, '1-(719)651-1454', 'rramosiy@xinhuanet.com', '0', 'Lindbergh', 'Colorado Springs', 'Colorado', '80995');
insert into contact (client_id, phone, email, street_number, street_name, city, state, zip) values (684, '1-(215)192-4249', 'greediz@java.com', '5', 'Mcbride', 'Philadelphia', 'Pennsylvania', '19125');
insert into contact (client_id, phone, email, street_number, street_name, city, state, zip) values (685, '1-(571)672-9395', 'rbarnesj0@mysql.com', '08', 'Monica', 'Vienna', 'Virginia', '22184');
insert into contact (client_id, phone, email, street_number, street_name, city, state, zip) values (686, '1-(248)572-6399', 'espencerj1@nsw.gov.au', '9552', 'Milwaukee', 'Farmington', 'Michigan', '48335');
insert into contact (client_id, phone, email, street_number, street_name, city, state, zip) values (687, '1-(216)857-0117', 'sfoxj2@jiathis.com', '953', 'Maple Wood', 'Cleveland', 'Ohio', '44105');
insert into contact (client_id, phone, email, street_number, street_name, city, state, zip) values (688, '1-(972)547-4334', 'lrobinsonj3@mit.edu', '6', 'Forest Run', 'Dallas', 'Texas', '75216');
insert into contact (client_id, phone, email, street_number, street_name, city, state, zip) values (689, '1-(818)901-2036', 'cholmesj4@huffingtonpost.com', '2', 'Hooker', 'Torrance', 'California', '90510');
insert into contact (client_id, phone, email, street_number, street_name, city, state, zip) values (690, '1-(608)333-9749', 'pmatthewsj5@gov.uk', '4', 'Hagan', 'Madison', 'Wisconsin', '53785');
insert into contact (client_id, phone, email, street_number, street_name, city, state, zip) values (691, '1-(915)204-6283', 'bfoxj6@friendfeed.com', '5', '7th', 'El Paso', 'Texas', '88553');
insert into contact (client_id, phone, email, street_number, street_name, city, state, zip) values (692, '1-(504)194-1881', 'awebbj7@networkadvertising.org', '4227', 'Messerschmidt', 'New Orleans', 'Louisiana', '70116');
insert into contact (client_id, phone, email, street_number, street_name, city, state, zip) values (693, '1-(412)949-8058', 'jknightj8@google.cn', '031', 'Lakeland', 'Pittsburgh', 'Pennsylvania', '15286');
insert into contact (client_id, phone, email, street_number, street_name, city, state, zip) values (694, '1-(404)728-9389', 'hperryj9@webnode.com', '401', 'Eastwood', 'Atlanta', 'Georgia', '30386');
insert into contact (client_id, phone, email, street_number, street_name, city, state, zip) values (695, '1-(216)921-0647', 'pbakerja@ameblo.jp', '8794', 'Clove', 'Cleveland', 'Ohio', '44105');
insert into contact (client_id, phone, email, street_number, street_name, city, state, zip) values (696, '1-(502)794-3637', 'rbowmanjb@tinypic.com', '051', 'Rutledge', 'Louisville', 'Kentucky', '40210');
insert into contact (client_id, phone, email, street_number, street_name, city, state, zip) values (697, '1-(301)153-8264', 'sdavisjc@cdc.gov', '6', 'Hovde', 'Rockville', 'Maryland', '20851');
insert into contact (client_id, phone, email, street_number, street_name, city, state, zip) values (698, '1-(651)482-1260', 'phughesjd@telegraph.co.uk', '9', 'Merry', 'Saint Paul', 'Minnesota', '55146');
insert into contact (client_id, phone, email, street_number, street_name, city, state, zip) values (699, '1-(803)770-4455', 'tgreenje@chicagotribune.com', '00', 'Arapahoe', 'Columbia', 'South Carolina', '29240');
insert into contact (client_id, phone, email, street_number, street_name, city, state, zip) values (700, '1-(508)404-1820', 'sclarkjf@ebay.com', '21185', 'Northland', 'Worcester', 'Massachusetts', '01654');
insert into contact (client_id, phone, email, street_number, street_name, city, state, zip) values (701, '1-(832)694-7269', 'mromerojg@census.gov', '51775', 'Lien', 'Katy', 'Texas', '77493');
insert into contact (client_id, phone, email, street_number, street_name, city, state, zip) values (702, '1-(301)883-6525', 'arayjh@furl.net', '7006', 'Beilfuss', 'Hyattsville', 'Maryland', '20784');
insert into contact (client_id, phone, email, street_number, street_name, city, state, zip) values (703, '1-(202)585-4875', 'ageorgeji@hc360.com', '60285', 'International', 'Washington', 'District of Columbia', '20073');
insert into contact (client_id, phone, email, street_number, street_name, city, state, zip) values (704, '1-(775)501-6583', 'jcoxjj@sbwire.com', '32553', 'Comanche', 'Sparks', 'Nevada', '89436');
insert into contact (client_id, phone, email, street_number, street_name, city, state, zip) values (705, '1-(540)256-8932', 'cmurrayjk@canalblog.com', '9369', 'East', 'Roanoke', 'Virginia', '24029');
insert into contact (client_id, phone, email, street_number, street_name, city, state, zip) values (706, '1-(571)375-0920', 'jmedinajl@smugmug.com', '93618', 'Bonner', 'Arlington', 'Virginia', '22212');
insert into contact (client_id, phone, email, street_number, street_name, city, state, zip) values (707, '1-(336)860-8164', 'krosejm@walmart.com', '6', 'Hoepker', 'Greensboro', 'North Carolina', '27499');
insert into contact (client_id, phone, email, street_number, street_name, city, state, zip) values (708, '1-(305)927-8776', 'jhughesjn@linkedin.com', '90942', 'Cordelia', 'Miami', 'Florida', '33196');
insert into contact (client_id, phone, email, street_number, street_name, city, state, zip) values (709, '1-(281)813-1402', 'plewisjo@bravesites.com', '1878', 'Summer Ridge', 'Houston', 'Texas', '77025');
insert into contact (client_id, phone, email, street_number, street_name, city, state, zip) values (710, '1-(305)657-4009', 'preyesjp@fastcompany.com', '16', 'Scoville', 'Miami', 'Florida', '33190');
insert into contact (client_id, phone, email, street_number, street_name, city, state, zip) values (711, '1-(559)458-8779', 'kkingjq@blog.com', '2736', 'Spaight', 'Fresno', 'California', '93709');
insert into contact (client_id, phone, email, street_number, street_name, city, state, zip) values (712, '1-(561)598-7776', 'mtaylorjr@wunderground.com', '121', 'Rockefeller', 'Delray Beach', 'Florida', '33448');
insert into contact (client_id, phone, email, street_number, street_name, city, state, zip) values (713, '1-(205)244-5587', 'jcolejs@altervista.org', '0727', 'Forest Dale', 'Birmingham', 'Alabama', '35244');
insert into contact (client_id, phone, email, street_number, street_name, city, state, zip) values (714, '1-(205)137-9634', 'gfieldsjt@de.vu', '59109', 'Scoville', 'Birmingham', 'Alabama', '35210');
insert into contact (client_id, phone, email, street_number, street_name, city, state, zip) values (715, '1-(724)475-0577', 'rortizju@disqus.com', '8', 'Westend', 'New Castle', 'Pennsylvania', '16107');
insert into contact (client_id, phone, email, street_number, street_name, city, state, zip) values (716, '1-(714)147-4443', 'lmorenojv@meetup.com', '8917', 'Hoepker', 'Newport Beach', 'California', '92662');
insert into contact (client_id, phone, email, street_number, street_name, city, state, zip) values (717, '1-(860)923-3284', 'prichardsjw@51.la', '68', 'Lakewood Gardens', 'West Hartford', 'Connecticut', '06127');
insert into contact (client_id, phone, email, street_number, street_name, city, state, zip) values (718, '1-(770)160-4302', 'dharrisjx@newsvine.com', '73', 'Lakewood Gardens', 'Lawrenceville', 'Georgia', '30245');
insert into contact (client_id, phone, email, street_number, street_name, city, state, zip) values (719, '1-(702)289-9102', 'jbradleyjy@npr.org', '51', 'Esker', 'Las Vegas', 'Nevada', '89178');
insert into contact (client_id, phone, email, street_number, street_name, city, state, zip) values (720, '1-(816)106-1843', 'bhartjz@histats.com', '50477', 'Morrow', 'Kansas City', 'Missouri', '64114');
insert into contact (client_id, phone, email, street_number, street_name, city, state, zip) values (721, '1-(915)790-4461', 'mboydk0@businesswire.com', '502', 'West', 'El Paso', 'Texas', '88569');
insert into contact (client_id, phone, email, street_number, street_name, city, state, zip) values (722, '1-(515)678-9231', 'cmitchellk1@disqus.com', '02410', 'Texas', 'Des Moines', 'Iowa', '50347');
insert into contact (client_id, phone, email, street_number, street_name, city, state, zip) values (723, '1-(612)949-7022', 'tfreemank2@eventbrite.com', '0', 'Bunting', 'Minneapolis', 'Minnesota', '55487');
insert into contact (client_id, phone, email, street_number, street_name, city, state, zip) values (724, '1-(706)103-0719', 'jevansk3@marketwatch.com', '90', 'Elgar', 'Augusta', 'Georgia', '30911');
insert into contact (client_id, phone, email, street_number, street_name, city, state, zip) values (725, '1-(651)584-7609', 'pknightk4@uol.com.br', '003', 'Oak', 'Saint Paul', 'Minnesota', '55146');
insert into contact (client_id, phone, email, street_number, street_name, city, state, zip) values (726, '1-(212)356-7176', 'ahernandezk5@jimdo.com', '0121', 'Tennyson', 'New York City', 'New York', '10090');
insert into contact (client_id, phone, email, street_number, street_name, city, state, zip) values (727, '1-(903)386-0153', 'cjohnstonk6@smugmug.com', '2435', 'Fairfield', 'Tyler', 'Texas', '75799');
insert into contact (client_id, phone, email, street_number, street_name, city, state, zip) values (728, '1-(414)506-8213', 'atorresk7@cloudflare.com', '0', 'Upham', 'Milwaukee', 'Wisconsin', '53205');
insert into contact (client_id, phone, email, street_number, street_name, city, state, zip) values (729, '1-(808)302-6693', 'krichardsonk8@slashdot.org', '4235', 'Bobwhite', 'Honolulu', 'Hawaii', '96850');
insert into contact (client_id, phone, email, street_number, street_name, city, state, zip) values (730, '1-(303)189-2414', 'pcastillok9@usa.gov', '32696', 'Luster', 'Denver', 'Colorado', '80217');
insert into contact (client_id, phone, email, street_number, street_name, city, state, zip) values (731, '1-(504)742-5529', 'mlaneka@usnews.com', '55', '8th', 'New Orleans', 'Louisiana', '70174');
insert into contact (client_id, phone, email, street_number, street_name, city, state, zip) values (732, '1-(559)627-1036', 'lgeorgekb@google.ca', '1', 'Vera', 'Fresno', 'California', '93750');
insert into contact (client_id, phone, email, street_number, street_name, city, state, zip) values (733, '1-(253)540-1600', 'sbakerkc@mozilla.org', '230', 'Sherman', 'Tacoma', 'Washington', '98481');
insert into contact (client_id, phone, email, street_number, street_name, city, state, zip) values (734, '1-(719)342-5529', 'mmartinkd@cbslocal.com', '1384', 'Oriole', 'Colorado Springs', 'Colorado', '80920');
insert into contact (client_id, phone, email, street_number, street_name, city, state, zip) values (735, '1-(718)991-2768', 'bfieldske@sphinn.com', '7', 'Eagle Crest', 'Brooklyn', 'New York', '11205');
insert into contact (client_id, phone, email, street_number, street_name, city, state, zip) values (736, '1-(316)907-5606', 'jphillipskf@google.ca', '51', 'Dwight', 'Wichita', 'Kansas', '67236');
insert into contact (client_id, phone, email, street_number, street_name, city, state, zip) values (737, '1-(318)163-1773', 'awhitekg@scientificamerican.com', '7', 'Blackbird', 'Shreveport', 'Louisiana', '71137');
insert into contact (client_id, phone, email, street_number, street_name, city, state, zip) values (738, '1-(330)547-2929', 'sdaviskh@engadget.com', '1181', 'Larry', 'Canton', 'Ohio', '44705');
insert into contact (client_id, phone, email, street_number, street_name, city, state, zip) values (739, '1-(312)569-9167', 'dhowardki@addthis.com', '01', 'Hayes', 'Chicago', 'Illinois', '60646');
insert into contact (client_id, phone, email, street_number, street_name, city, state, zip) values (740, '1-(407)823-4954', 'jfullerkj@tamu.edu', '68', 'Arkansas', 'Orlando', 'Florida', '32859');
insert into contact (client_id, phone, email, street_number, street_name, city, state, zip) values (741, '1-(240)228-3259', 'asimpsonkk@globo.com', '1929', 'Bartelt', 'Gaithersburg', 'Maryland', '20883');
insert into contact (client_id, phone, email, street_number, street_name, city, state, zip) values (742, '1-(512)165-0557', 'acooperkl@netscape.com', '5', 'Lukken', 'Austin', 'Texas', '78737');
insert into contact (client_id, phone, email, street_number, street_name, city, state, zip) values (743, '1-(714)640-9932', 'smeyerkm@sogou.com', '91', 'Grayhawk', 'Irvine', 'California', '92717');
insert into contact (client_id, phone, email, street_number, street_name, city, state, zip) values (744, '1-(716)336-4956', 'jhuntkn@paypal.com', '0', 'Cody', 'Buffalo', 'New York', '14210');
insert into contact (client_id, phone, email, street_number, street_name, city, state, zip) values (745, '1-(803)576-8731', 'nhenryko@spotify.com', '422', 'Rowland', 'Columbia', 'South Carolina', '29220');
insert into contact (client_id, phone, email, street_number, street_name, city, state, zip) values (746, '1-(754)583-3587', 'amcdonaldkp@usnews.com', '164', 'La Follette', 'Fort Lauderdale', 'Florida', '33355');
insert into contact (client_id, phone, email, street_number, street_name, city, state, zip) values (747, '1-(918)453-4513', 'hlawsonkq@mashable.com', '15943', 'Jenifer', 'Tulsa', 'Oklahoma', '74141');
insert into contact (client_id, phone, email, street_number, street_name, city, state, zip) values (748, '1-(832)474-8768', 'sgilbertkr@usa.gov', '09', 'Mayer', 'Houston', 'Texas', '77201');
insert into contact (client_id, phone, email, street_number, street_name, city, state, zip) values (749, '1-(256)423-1086', 'dwheelerks@twitter.com', '35', 'Roxbury', 'Huntsville', 'Alabama', '35895');
insert into contact (client_id, phone, email, street_number, street_name, city, state, zip) values (750, '1-(812)383-8274', 'gwarrenkt@ca.gov', '591', 'Maryland', 'Evansville', 'Indiana', '47705');
insert into contact (client_id, phone, email, street_number, street_name, city, state, zip) values (751, '1-(603)911-8849', 'rwatkinsku@wisc.edu', '8473', 'Kim', 'Portsmouth', 'New Hampshire', '03804');
insert into contact (client_id, phone, email, street_number, street_name, city, state, zip) values (752, '1-(415)248-1149', 'bschmidtkv@nature.com', '01756', 'Mallory', 'Oakland', 'California', '94616');
insert into contact (client_id, phone, email, street_number, street_name, city, state, zip) values (753, '1-(707)484-0721', 'kclarkkw@tamu.edu', '691', 'Lighthouse Bay', 'Petaluma', 'California', '94975');
insert into contact (client_id, phone, email, street_number, street_name, city, state, zip) values (754, '1-(605)939-7902', 'bscottkx@illinois.edu', '18', 'Linden', 'Sioux Falls', 'South Dakota', '57188');
insert into contact (client_id, phone, email, street_number, street_name, city, state, zip) values (755, '1-(713)511-6632', 'jhallky@cdc.gov', '46083', 'Claremont', 'Houston', 'Texas', '77245');
insert into contact (client_id, phone, email, street_number, street_name, city, state, zip) values (756, '1-(210)475-3723', 'bleekz@nhs.uk', '079', 'Transport', 'San Antonio', 'Texas', '78285');
insert into contact (client_id, phone, email, street_number, street_name, city, state, zip) values (757, '1-(214)844-5487', 'ctorresl0@comcast.net', '13', 'Ilene', 'Dallas', 'Texas', '75226');
insert into contact (client_id, phone, email, street_number, street_name, city, state, zip) values (758, '1-(267)926-8743', 'jfernandezl1@smh.com.au', '2', '8th', 'Philadelphia', 'Pennsylvania', '19146');
insert into contact (client_id, phone, email, street_number, street_name, city, state, zip) values (759, '1-(301)510-7494', 'mpattersonl2@miibeian.gov.cn', '65582', 'Pennsylvania', 'Hyattsville', 'Maryland', '20784');
insert into contact (client_id, phone, email, street_number, street_name, city, state, zip) values (760, '1-(202)612-0037', 'acolemanl3@tamu.edu', '31047', 'Dayton', 'Washington', 'District of Columbia', '20409');
insert into contact (client_id, phone, email, street_number, street_name, city, state, zip) values (761, '1-(865)894-4035', 'mhicksl4@theguardian.com', '4227', 'Westport', 'Knoxville', 'Tennessee', '37995');
insert into contact (client_id, phone, email, street_number, street_name, city, state, zip) values (762, '1-(202)865-1302', 'ebrooksl5@google.cn', '37319', 'Gerald', 'Washington', 'District of Columbia', '20520');
insert into contact (client_id, phone, email, street_number, street_name, city, state, zip) values (763, '1-(208)117-2690', 'jwebbl6@youtu.be', '89', '5th', 'Boise', 'Idaho', '83716');
insert into contact (client_id, phone, email, street_number, street_name, city, state, zip) values (764, '1-(757)912-4934', 'hmillsl7@google.com.au', '460', 'Eagle Crest', 'Virginia Beach', 'Virginia', '23471');
insert into contact (client_id, phone, email, street_number, street_name, city, state, zip) values (765, '1-(504)742-5677', 'pmasonl8@ft.com', '013', 'Carberry', 'New Orleans', 'Louisiana', '70149');
insert into contact (client_id, phone, email, street_number, street_name, city, state, zip) values (766, '1-(843)109-1807', 'mmurrayl9@soup.io', '852', 'Everett', 'Florence', 'South Carolina', '29505');
insert into contact (client_id, phone, email, street_number, street_name, city, state, zip) values (767, '1-(214)816-4811', 'kbrooksla@icio.us', '7', 'Springs', 'Dallas', 'Texas', '75392');
insert into contact (client_id, phone, email, street_number, street_name, city, state, zip) values (768, '1-(714)417-3161', 'glarsonlb@wp.com', '6', 'Main', 'Orange', 'California', '92862');
insert into contact (client_id, phone, email, street_number, street_name, city, state, zip) values (769, '1-(202)572-9226', 'dtorreslc@bloglines.com', '6', 'Hagan', 'Washington', 'District of Columbia', '20557');
insert into contact (client_id, phone, email, street_number, street_name, city, state, zip) values (770, '1-(915)944-9441', 'jfrazierld@imageshack.us', '03', 'Main', 'El Paso', 'Texas', '88525');
insert into contact (client_id, phone, email, street_number, street_name, city, state, zip) values (771, '1-(719)867-0694', 'fhansonle@fastcompany.com', '4117', 'Little Fleur', 'Colorado Springs', 'Colorado', '80995');
insert into contact (client_id, phone, email, street_number, street_name, city, state, zip) values (772, '1-(803)321-5857', 'ecarrolllf@salon.com', '299', 'Longview', 'Aiken', 'South Carolina', '29805');
insert into contact (client_id, phone, email, street_number, street_name, city, state, zip) values (773, '1-(315)728-8994', 'sfreemanlg@fastcompany.com', '21645', 'Nobel', 'Utica', 'New York', '13505');
insert into contact (client_id, phone, email, street_number, street_name, city, state, zip) values (774, '1-(323)411-6603', 'smurraylh@foxnews.com', '268', 'Kings', 'Van Nuys', 'California', '91411');
insert into contact (client_id, phone, email, street_number, street_name, city, state, zip) values (775, '1-(813)924-2918', 'jdeanli@sphinn.com', '792', 'Evergreen', 'Tampa', 'Florida', '33633');
insert into contact (client_id, phone, email, street_number, street_name, city, state, zip) values (776, '1-(214)362-5497', 'tdanielslj@bloglovin.com', '3', 'Buell', 'Dallas', 'Texas', '75310');
insert into contact (client_id, phone, email, street_number, street_name, city, state, zip) values (777, '1-(704)468-1100', 'amontgomerylk@msu.edu', '347', 'Everett', 'Charlotte', 'North Carolina', '28256');
insert into contact (client_id, phone, email, street_number, street_name, city, state, zip) values (778, '1-(818)438-1199', 'mbishopll@usa.gov', '381', 'Eastlawn', 'Torrance', 'California', '90510');
insert into contact (client_id, phone, email, street_number, street_name, city, state, zip) values (779, '1-(626)351-6441', 'dmartinlm@abc.net.au', '221', 'Thierer', 'Pasadena', 'California', '91125');
insert into contact (client_id, phone, email, street_number, street_name, city, state, zip) values (780, '1-(812)616-2660', 'jmartinezln@vkontakte.ru', '7546', 'Killdeer', 'Jeffersonville', 'Indiana', '47134');
insert into contact (client_id, phone, email, street_number, street_name, city, state, zip) values (781, '1-(504)491-0120', 'sfergusonlo@github.io', '1', 'Laurel', 'New Orleans', 'Louisiana', '70116');
insert into contact (client_id, phone, email, street_number, street_name, city, state, zip) values (782, '1-(432)919-6478', 'aburkelp@independent.co.uk', '30220', 'Starling', 'Midland', 'Texas', '79710');
insert into contact (client_id, phone, email, street_number, street_name, city, state, zip) values (783, '1-(203)856-6163', 'tcampbelllq@moonfruit.com', '8', 'Meadow Vale', 'Waterbury', 'Connecticut', '06721');
insert into contact (client_id, phone, email, street_number, street_name, city, state, zip) values (784, '1-(806)714-6553', 'cparkerlr@cornell.edu', '4', 'Pawling', 'Amarillo', 'Texas', '79165');
insert into contact (client_id, phone, email, street_number, street_name, city, state, zip) values (785, '1-(216)731-1088', 'tmartinezls@ucoz.com', '83164', 'Lukken', 'Cleveland', 'Ohio', '44191');
insert into contact (client_id, phone, email, street_number, street_name, city, state, zip) values (786, '1-(919)739-6045', 'asnyderlt@netscape.com', '10101', 'Elmside', 'Durham', 'North Carolina', '27705');
insert into contact (client_id, phone, email, street_number, street_name, city, state, zip) values (787, '1-(202)495-0108', 'mmccoylu@people.com.cn', '3103', 'Colorado', 'Washington', 'District of Columbia', '20599');
insert into contact (client_id, phone, email, street_number, street_name, city, state, zip) values (788, '1-(864)442-9557', 'kmccoylv@huffingtonpost.com', '7978', 'Village', 'Anderson', 'South Carolina', '29625');
insert into contact (client_id, phone, email, street_number, street_name, city, state, zip) values (789, '1-(229)818-3015', 'rarnoldlw@freewebs.com', '3', 'Trailsway', 'Valdosta', 'Georgia', '31605');
insert into contact (client_id, phone, email, street_number, street_name, city, state, zip) values (790, '1-(502)340-4490', 'mwheelerlx@msn.com', '265', 'Bartillon', 'Louisville', 'Kentucky', '40280');
insert into contact (client_id, phone, email, street_number, street_name, city, state, zip) values (791, '1-(713)561-7110', 'dcollinsly@theatlantic.com', '841', 'Dexter', 'Houston', 'Texas', '77218');
insert into contact (client_id, phone, email, street_number, street_name, city, state, zip) values (792, '1-(214)830-8560', 'fnicholslz@wordpress.org', '854', 'Fuller', 'Garland', 'Texas', '75049');
insert into contact (client_id, phone, email, street_number, street_name, city, state, zip) values (793, '1-(713)655-5139', 'drodriguezm0@indiatimes.com', '56552', 'Arkansas', 'Houston', 'Texas', '77228');
insert into contact (client_id, phone, email, street_number, street_name, city, state, zip) values (794, '1-(718)141-3725', 'tgrahamm1@deviantart.com', '92', 'Lawn', 'Bronx', 'New York', '10459');
insert into contact (client_id, phone, email, street_number, street_name, city, state, zip) values (795, '1-(202)281-7965', 'rsnyderm2@hud.gov', '3', 'Everett', 'Washington', 'District of Columbia', '20397');
insert into contact (client_id, phone, email, street_number, street_name, city, state, zip) values (796, '1-(801)717-4432', 'scolem3@sbwire.com', '1', 'Oak', 'Salt Lake City', 'Utah', '84199');
insert into contact (client_id, phone, email, street_number, street_name, city, state, zip) values (797, '1-(773)961-4117', 'aalexanderm4@histats.com', '76', 'Sherman', 'Chicago', 'Illinois', '60609');
insert into contact (client_id, phone, email, street_number, street_name, city, state, zip) values (798, '1-(716)407-1930', 'cyoungm5@angelfire.com', '5', 'Pierstorff', 'Buffalo', 'New York', '14269');
insert into contact (client_id, phone, email, street_number, street_name, city, state, zip) values (799, '1-(561)886-3183', 'lgibsonm6@mlb.com', '840', 'Acker', 'West Palm Beach', 'Florida', '33421');
insert into contact (client_id, phone, email, street_number, street_name, city, state, zip) values (800, '1-(901)282-3315', 'skimm7@webs.com', '7997', 'Summerview', 'Memphis', 'Tennessee', '38161');
insert into contact (client_id, phone, email, street_number, street_name, city, state, zip) values (801, '1-(816)956-1346', 'acampbellm8@tamu.edu', '34', 'Claremont', 'Kansas City', 'Missouri', '64153');
insert into contact (client_id, phone, email, street_number, street_name, city, state, zip) values (802, '1-(213)512-7913', 'rsimpsonm9@businessinsider.com', '27810', '4th', 'Los Angeles', 'California', '90030');
insert into contact (client_id, phone, email, street_number, street_name, city, state, zip) values (803, '1-(253)822-4234', 'dfordma@mtv.com', '419', 'Eastlawn', 'Tacoma', 'Washington', '98447');
insert into contact (client_id, phone, email, street_number, street_name, city, state, zip) values (804, '1-(813)452-3722', 'jfostermb@weebly.com', '73258', 'Barnett', 'Tampa', 'Florida', '33673');
insert into contact (client_id, phone, email, street_number, street_name, city, state, zip) values (805, '1-(954)722-5529', 'pbellmc@dot.gov', '800', 'Sachs', 'Fort Lauderdale', 'Florida', '33305');
insert into contact (client_id, phone, email, street_number, street_name, city, state, zip) values (806, '1-(352)824-1468', 'jsimsmd@plala.or.jp', '603', 'Monica', 'Gainesville', 'Florida', '32610');
insert into contact (client_id, phone, email, street_number, street_name, city, state, zip) values (807, '1-(404)577-8554', 'jruizme@histats.com', '6', 'West', 'Atlanta', 'Georgia', '30323');
insert into contact (client_id, phone, email, street_number, street_name, city, state, zip) values (808, '1-(562)458-9173', 'bsimmonsmf@tripod.com', '693', 'Hazelcrest', 'Whittier', 'California', '90605');
insert into contact (client_id, phone, email, street_number, street_name, city, state, zip) values (809, '1-(617)878-0197', 'aperezmg@nasa.gov', '8442', 'Lyons', 'Boston', 'Massachusetts', '02124');
insert into contact (client_id, phone, email, street_number, street_name, city, state, zip) values (810, '1-(702)879-0032', 'ataylormh@unc.edu', '13502', 'Chive', 'Las Vegas', 'Nevada', '89145');
insert into contact (client_id, phone, email, street_number, street_name, city, state, zip) values (811, '1-(971)819-3896', 'aspencermi@soundcloud.com', '74', 'Michigan', 'Portland', 'Oregon', '97255');
insert into contact (client_id, phone, email, street_number, street_name, city, state, zip) values (812, '1-(605)228-2561', 'afergusonmj@prlog.org', '779', 'Colorado', 'Sioux Falls', 'South Dakota', '57110');
insert into contact (client_id, phone, email, street_number, street_name, city, state, zip) values (813, '1-(702)129-9776', 'rwheelermk@mozilla.com', '2832', 'Atwood', 'Las Vegas', 'Nevada', '89120');
insert into contact (client_id, phone, email, street_number, street_name, city, state, zip) values (814, '1-(412)653-1482', 'dburtonml@instagram.com', '5', 'Oriole', 'Pittsburgh', 'Pennsylvania', '15255');
insert into contact (client_id, phone, email, street_number, street_name, city, state, zip) values (815, '1-(520)196-0935', 'bhartmm@time.com', '5013', 'Mendota', 'Tucson', 'Arizona', '85705');
insert into contact (client_id, phone, email, street_number, street_name, city, state, zip) values (816, '1-(513)658-7925', 'mcruzmn@accuweather.com', '6536', 'Packers', 'Cincinnati', 'Ohio', '45296');
insert into contact (client_id, phone, email, street_number, street_name, city, state, zip) values (817, '1-(314)489-4978', 'hgonzalesmo@berkeley.edu', '0136', 'Helena', 'Saint Louis', 'Missouri', '63136');
insert into contact (client_id, phone, email, street_number, street_name, city, state, zip) values (818, '1-(413)347-9790', 'fbishopmp@tuttocitta.it', '04286', 'Petterle', 'Springfield', 'Massachusetts', '01105');
insert into contact (client_id, phone, email, street_number, street_name, city, state, zip) values (819, '1-(912)473-4385', 'tcastillomq@soundcloud.com', '086', 'Rieder', 'Savannah', 'Georgia', '31410');
insert into contact (client_id, phone, email, street_number, street_name, city, state, zip) values (820, '1-(907)644-3337', 'alewismr@tumblr.com', '65196', 'Bultman', 'Juneau', 'Alaska', '99812');
insert into contact (client_id, phone, email, street_number, street_name, city, state, zip) values (821, '1-(678)571-1088', 'dandrewsms@typepad.com', '8903', 'Hooker', 'Norcross', 'Georgia', '30092');
insert into contact (client_id, phone, email, street_number, street_name, city, state, zip) values (822, '1-(808)875-5630', 'alarsonmt@senate.gov', '19', 'Main', 'Honolulu', 'Hawaii', '96815');
insert into contact (client_id, phone, email, street_number, street_name, city, state, zip) values (823, '1-(305)249-4841', 'sfullermu@cargocollective.com', '95632', 'Maple Wood', 'Miami', 'Florida', '33185');
insert into contact (client_id, phone, email, street_number, street_name, city, state, zip) values (824, '1-(602)601-2486', 'lwhitemv@wsj.com', '27', 'Eagan', 'Phoenix', 'Arizona', '85045');
insert into contact (client_id, phone, email, street_number, street_name, city, state, zip) values (825, '1-(434)567-5865', 'hmartinmw@house.gov', '279', 'Rutledge', 'Lynchburg', 'Virginia', '24515');
insert into contact (client_id, phone, email, street_number, street_name, city, state, zip) values (826, '1-(757)834-5995', 'dhernandezmx@wikia.com', '9', 'Paget', 'Hampton', 'Virginia', '23663');
insert into contact (client_id, phone, email, street_number, street_name, city, state, zip) values (827, '1-(317)646-5374', 'acarrmy@alibaba.com', '47', 'Reindahl', 'Indianapolis', 'Indiana', '46247');
insert into contact (client_id, phone, email, street_number, street_name, city, state, zip) values (828, '1-(978)594-7764', 'ewebbmz@exblog.jp', '1282', 'Stoughton', 'Waltham', 'Massachusetts', '02453');
insert into contact (client_id, phone, email, street_number, street_name, city, state, zip) values (829, '1-(805)510-1379', 'dsandersn0@bloglines.com', '3879', 'Bowman', 'San Mateo', 'California', '94405');
insert into contact (client_id, phone, email, street_number, street_name, city, state, zip) values (830, '1-(918)659-9886', 'jhamiltonn1@earthlink.net', '34', 'Del Mar', 'Tulsa', 'Oklahoma', '74126');
insert into contact (client_id, phone, email, street_number, street_name, city, state, zip) values (831, '1-(212)901-2400', 'rwallacen2@ask.com', '0', 'Tomscot', 'New York City', 'New York', '10160');
insert into contact (client_id, phone, email, street_number, street_name, city, state, zip) values (832, '1-(718)359-2251', 'vrosen3@twitter.com', '587', 'Dennis', 'New York City', 'New York', '10270');
insert into contact (client_id, phone, email, street_number, street_name, city, state, zip) values (833, '1-(203)917-1275', 'mbryantn4@ca.gov', '1', 'Quincy', 'New Haven', 'Connecticut', '06538');
insert into contact (client_id, phone, email, street_number, street_name, city, state, zip) values (834, '1-(775)436-5834', 'wkimn5@amazon.de', '62431', 'Fordem', 'Reno', 'Nevada', '89505');
insert into contact (client_id, phone, email, street_number, street_name, city, state, zip) values (835, '1-(864)214-9703', 'pwatsonn6@pagesperso-orange.fr', '18', 'Mariners Cove', 'Anderson', 'South Carolina', '29625');
insert into contact (client_id, phone, email, street_number, street_name, city, state, zip) values (836, '1-(857)738-5761', 'cstephensn7@altervista.org', '4721', 'Bunting', 'Boston', 'Massachusetts', '02114');
insert into contact (client_id, phone, email, street_number, street_name, city, state, zip) values (837, '1-(304)596-6016', 'efostern8@bigcartel.com', '2123', 'Portage', 'Huntington', 'West Virginia', '25770');
insert into contact (client_id, phone, email, street_number, street_name, city, state, zip) values (838, '1-(919)665-7525', 'byoungn9@sourceforge.net', '05', 'Columbus', 'Raleigh', 'North Carolina', '27610');
insert into contact (client_id, phone, email, street_number, street_name, city, state, zip) values (839, '1-(210)550-3337', 'sbellna@slideshare.net', '4', 'Redwing', 'San Antonio', 'Texas', '78285');
insert into contact (client_id, phone, email, street_number, street_name, city, state, zip) values (840, '1-(937)471-1363', 'lrobinsonnb@cnet.com', '14465', 'Morningstar', 'Dayton', 'Ohio', '45419');
insert into contact (client_id, phone, email, street_number, street_name, city, state, zip) values (841, '1-(612)431-2547', 'rbakernc@domainmarket.com', '2617', 'Northwestern', 'Minneapolis', 'Minnesota', '55470');
insert into contact (client_id, phone, email, street_number, street_name, city, state, zip) values (842, '1-(816)163-0138', 'jlarsonnd@webmd.com', '5', 'Sunfield', 'Kansas City', 'Missouri', '64142');
insert into contact (client_id, phone, email, street_number, street_name, city, state, zip) values (843, '1-(502)345-9934', 'jcookne@ed.gov', '0044', 'Mayfield', 'Louisville', 'Kentucky', '40298');
insert into contact (client_id, phone, email, street_number, street_name, city, state, zip) values (844, '1-(303)607-9663', 'jpetersonnf@redcross.org', '0364', 'Florence', 'Denver', 'Colorado', '80262');
insert into contact (client_id, phone, email, street_number, street_name, city, state, zip) values (845, '1-(540)433-3787', 'ecrawfordng@chronoengine.com', '76448', 'Melvin', 'Roanoke', 'Virginia', '24024');
insert into contact (client_id, phone, email, street_number, street_name, city, state, zip) values (846, '1-(972)385-0968', 'jromeronh@naver.com', '12411', 'Fairfield', 'Dallas', 'Texas', '75241');
insert into contact (client_id, phone, email, street_number, street_name, city, state, zip) values (847, '1-(757)723-4702', 'jhartni@eventbrite.com', '5143', 'Pankratz', 'Newport News', 'Virginia', '23605');
insert into contact (client_id, phone, email, street_number, street_name, city, state, zip) values (848, '1-(404)338-3349', 'cbarnesnj@wufoo.com', '74141', 'Iowa', 'Atlanta', 'Georgia', '30380');
insert into contact (client_id, phone, email, street_number, street_name, city, state, zip) values (849, '1-(918)267-2921', 'wandersonnk@wordpress.com', '54', 'Thompson', 'Tulsa', 'Oklahoma', '74141');
insert into contact (client_id, phone, email, street_number, street_name, city, state, zip) values (850, '1-(813)213-3233', 'whicksnl@diigo.com', '610', 'Summerview', 'Tampa', 'Florida', '33673');
insert into contact (client_id, phone, email, street_number, street_name, city, state, zip) values (851, '1-(248)955-0075', 'aarnoldnm@angelfire.com', '5', 'North', 'Detroit', 'Michigan', '48242');
insert into contact (client_id, phone, email, street_number, street_name, city, state, zip) values (852, '1-(714)879-3218', 'emurphynn@aboutads.info', '75', 'Mosinee', 'Garden Grove', 'California', '92645');
insert into contact (client_id, phone, email, street_number, street_name, city, state, zip) values (853, '1-(941)949-7950', 'mrichardsonno@goo.gl', '66', 'Victoria', 'Punta Gorda', 'Florida', '33982');
insert into contact (client_id, phone, email, street_number, street_name, city, state, zip) values (854, '1-(412)648-9687', 'afergusonnp@booking.com', '232', 'Beilfuss', 'Pittsburgh', 'Pennsylvania', '15286');
insert into contact (client_id, phone, email, street_number, street_name, city, state, zip) values (855, '1-(502)866-5879', 'jleenq@blog.com', '8961', 'Merry', 'Louisville', 'Kentucky', '40210');
insert into contact (client_id, phone, email, street_number, street_name, city, state, zip) values (856, '1-(719)550-3728', 'challnr@360.cn', '059', 'Grover', 'Pueblo', 'Colorado', '81005');
insert into contact (client_id, phone, email, street_number, street_name, city, state, zip) values (857, '1-(305)230-9197', 'wruizns@goo.gl', '2', 'Kingsford', 'Miami', 'Florida', '33175');
insert into contact (client_id, phone, email, street_number, street_name, city, state, zip) values (858, '1-(407)420-4837', 'rsancheznt@surveymonkey.com', '0788', 'Nova', 'Daytona Beach', 'Florida', '32118');
insert into contact (client_id, phone, email, street_number, street_name, city, state, zip) values (859, '1-(859)174-9193', 'ljacksonnu@sogou.com', '92', 'Hazelcrest', 'Lexington', 'Kentucky', '40524');
insert into contact (client_id, phone, email, street_number, street_name, city, state, zip) values (860, '1-(763)283-0312', 'tortiznv@plala.or.jp', '45', 'Muir', 'Minneapolis', 'Minnesota', '55423');
insert into contact (client_id, phone, email, street_number, street_name, city, state, zip) values (861, '1-(585)940-5974', 'rjamesnw@facebook.com', '029', 'Moland', 'Rochester', 'New York', '14639');
insert into contact (client_id, phone, email, street_number, street_name, city, state, zip) values (862, '1-(609)314-1687', 'slopeznx@blogtalkradio.com', '47575', 'Meadow Ridge', 'Trenton', 'New Jersey', '08638');
insert into contact (client_id, phone, email, street_number, street_name, city, state, zip) values (863, '1-(719)514-9113', 'tcarpenterny@buzzfeed.com', '31877', 'Dennis', 'Pueblo', 'Colorado', '81005');
insert into contact (client_id, phone, email, street_number, street_name, city, state, zip) values (864, '1-(858)514-1186', 'mjamesnz@phpbb.com', '5713', 'Katie', 'Oceanside', 'California', '92056');
insert into contact (client_id, phone, email, street_number, street_name, city, state, zip) values (865, '1-(661)951-3303', 'kalexandero0@apache.org', '43473', 'Grover', 'Bakersfield', 'California', '93386');
insert into contact (client_id, phone, email, street_number, street_name, city, state, zip) values (866, '1-(337)181-7724', 'kfowlero1@mysql.com', '5', 'Service', 'Lake Charles', 'Louisiana', '70616');
insert into contact (client_id, phone, email, street_number, street_name, city, state, zip) values (867, '1-(203)722-3161', 'ccooko2@google.nl', '68', 'Coleman', 'Fairfield', 'Connecticut', '06825');
insert into contact (client_id, phone, email, street_number, street_name, city, state, zip) values (868, '1-(864)897-0833', 'lwrighto3@latimes.com', '15', 'Sage', 'Greenville', 'South Carolina', '29605');
insert into contact (client_id, phone, email, street_number, street_name, city, state, zip) values (869, '1-(913)108-6131', 'twilliso4@harvard.edu', '8673', 'Farragut', 'Shawnee Mission', 'Kansas', '66276');
insert into contact (client_id, phone, email, street_number, street_name, city, state, zip) values (870, '1-(918)797-2087', 'kmorriso5@illinois.edu', '9226', 'Ramsey', 'Tulsa', 'Oklahoma', '74184');
insert into contact (client_id, phone, email, street_number, street_name, city, state, zip) values (871, '1-(469)300-2562', 'pblacko6@toplist.cz', '621', 'Russell', 'Dallas', 'Texas', '75226');
insert into contact (client_id, phone, email, street_number, street_name, city, state, zip) values (872, '1-(917)967-6811', 'jturnero7@marketwatch.com', '07', 'Chinook', 'Bronx', 'New York', '10459');
insert into contact (client_id, phone, email, street_number, street_name, city, state, zip) values (873, '1-(334)363-7392', 'bperezo8@pbs.org', '6', 'Lien', 'Montgomery', 'Alabama', '36119');
insert into contact (client_id, phone, email, street_number, street_name, city, state, zip) values (874, '1-(972)614-3305', 'kmontgomeryo9@histats.com', '468', 'Dennis', 'Dallas', 'Texas', '75241');
insert into contact (client_id, phone, email, street_number, street_name, city, state, zip) values (875, '1-(772)498-4186', 'kschmidtoa@chron.com', '539', 'Bluejay', 'Port Saint Lucie', 'Florida', '34985');
insert into contact (client_id, phone, email, street_number, street_name, city, state, zip) values (876, '1-(405)516-9622', 'bbarnesob@gravatar.com', '741', 'Bay', 'Oklahoma City', 'Oklahoma', '73173');
insert into contact (client_id, phone, email, street_number, street_name, city, state, zip) values (877, '1-(718)888-2483', 'jadamsoc@adobe.com', '6748', 'Hansons', 'Jamaica', 'New York', '11480');
insert into contact (client_id, phone, email, street_number, street_name, city, state, zip) values (878, '1-(816)272-3598', 'ksmithod@163.com', '11', 'Haas', 'Kansas City', 'Missouri', '64144');
insert into contact (client_id, phone, email, street_number, street_name, city, state, zip) values (879, '1-(239)167-7071', 'khicksoe@qq.com', '79', 'Steensland', 'Fort Myers', 'Florida', '33906');
insert into contact (client_id, phone, email, street_number, street_name, city, state, zip) values (880, '1-(313)806-0620', 'srobinsonof@networksolutions.com', '530', 'Walton', 'Detroit', 'Michigan', '48275');
insert into contact (client_id, phone, email, street_number, street_name, city, state, zip) values (881, '1-(404)817-1741', 'rhamiltonog@about.me', '3925', 'Pepper Wood', 'Marietta', 'Georgia', '30066');
insert into contact (client_id, phone, email, street_number, street_name, city, state, zip) values (882, '1-(415)489-2849', 'sjohnsonoh@wix.com', '98', 'Raven', 'San Francisco', 'California', '94121');
insert into contact (client_id, phone, email, street_number, street_name, city, state, zip) values (883, '1-(502)433-0018', 'hreynoldsoi@flavors.me', '8347', 'Morningstar', 'Louisville', 'Kentucky', '40220');
insert into contact (client_id, phone, email, street_number, street_name, city, state, zip) values (884, '1-(630)213-4470', 'rdayoj@soundcloud.com', '83', 'Ilene', 'Naperville', 'Illinois', '60567');
insert into contact (client_id, phone, email, street_number, street_name, city, state, zip) values (885, '1-(210)487-1994', 'wpalmerok@bbc.co.uk', '924', 'Northfield', 'San Antonio', 'Texas', '78240');
insert into contact (client_id, phone, email, street_number, street_name, city, state, zip) values (886, '1-(909)730-5098', 'jweaverol@foxnews.com', '8', 'Miller', 'San Bernardino', 'California', '92410');
insert into contact (client_id, phone, email, street_number, street_name, city, state, zip) values (887, '1-(602)220-5438', 'mharrisonom@hud.gov', '56', 'Fulton', 'Phoenix', 'Arizona', '85099');
insert into contact (client_id, phone, email, street_number, street_name, city, state, zip) values (888, '1-(304)881-4882', 'ttorreson@ucsd.edu', '79', 'Park Meadow', 'Huntington', 'West Virginia', '25709');
insert into contact (client_id, phone, email, street_number, street_name, city, state, zip) values (889, '1-(801)235-9720', 'sfreemanoo@hexun.com', '43021', 'Park Meadow', 'Salt Lake City', 'Utah', '84199');
insert into contact (client_id, phone, email, street_number, street_name, city, state, zip) values (890, '1-(804)678-7528', 'rmooreop@addthis.com', '41', 'Shelley', 'Richmond', 'Virginia', '23242');
insert into contact (client_id, phone, email, street_number, street_name, city, state, zip) values (891, '1-(803)537-5246', 'dhowelloq@cpanel.net', '0', 'Jenna', 'Columbia', 'South Carolina', '29203');
insert into contact (client_id, phone, email, street_number, street_name, city, state, zip) values (892, '1-(754)212-3018', 'drussellor@upenn.edu', '03', 'Atwood', 'Fort Lauderdale', 'Florida', '33320');
insert into contact (client_id, phone, email, street_number, street_name, city, state, zip) values (893, '1-(713)431-7278', 'kcarros@miitbeian.gov.cn', '586', 'Eagle Crest', 'Houston', 'Texas', '77260');
insert into contact (client_id, phone, email, street_number, street_name, city, state, zip) values (894, '1-(513)120-1693', 'wmurrayot@zdnet.com', '40774', 'Knutson', 'Cincinnati', 'Ohio', '45203');
insert into contact (client_id, phone, email, street_number, street_name, city, state, zip) values (895, '1-(213)702-0403', 'ksimmonsou@sbwire.com', '43', 'Goodland', 'Los Angeles', 'California', '90055');
insert into contact (client_id, phone, email, street_number, street_name, city, state, zip) values (896, '1-(814)418-7986', 'cjacobsov@nature.com', '96094', 'Pond', 'Johnstown', 'Pennsylvania', '15906');
insert into contact (client_id, phone, email, street_number, street_name, city, state, zip) values (897, '1-(763)994-3848', 'ddeanow@people.com.cn', '2189', '8th', 'Monticello', 'Minnesota', '55565');
insert into contact (client_id, phone, email, street_number, street_name, city, state, zip) values (898, '1-(609)835-2584', 'acolemanox@utexas.edu', '95090', 'Fisk', 'Trenton', 'New Jersey', '08608');
insert into contact (client_id, phone, email, street_number, street_name, city, state, zip) values (899, '1-(602)609-5292', 'ereedoy@slate.com', '20552', 'Anzinger', 'Mesa', 'Arizona', '85205');
insert into contact (client_id, phone, email, street_number, street_name, city, state, zip) values (900, '1-(505)921-6979', 'cjacobsoz@baidu.com', '0472', 'Rigney', 'Albuquerque', 'New Mexico', '87195');
insert into contact (client_id, phone, email, street_number, street_name, city, state, zip) values (901, '1-(802)441-7947', 'adiazp0@google.ru', '1', 'Roxbury', 'Montpelier', 'Vermont', '05609');
insert into contact (client_id, phone, email, street_number, street_name, city, state, zip) values (902, '1-(601)404-2253', 'bmurrayp1@unesco.org', '4139', 'Cascade', 'Hattiesburg', 'Mississippi', '39404');
insert into contact (client_id, phone, email, street_number, street_name, city, state, zip) values (903, '1-(317)796-0536', 'rreyesp2@cargocollective.com', '64586', 'Pierstorff', 'Indianapolis', 'Indiana', '46254');
insert into contact (client_id, phone, email, street_number, street_name, city, state, zip) values (904, '1-(712)688-4993', 'skellyp3@jiathis.com', '46178', 'Vera', 'Omaha', 'Nebraska', '68134');
insert into contact (client_id, phone, email, street_number, street_name, city, state, zip) values (905, '1-(972)703-1390', 'kwilliamsonp4@theatlantic.com', '99334', 'Macpherson', 'Dallas', 'Texas', '75210');
insert into contact (client_id, phone, email, street_number, street_name, city, state, zip) values (906, '1-(321)382-3739', 'roliverp5@goo.ne.jp', '8606', 'Glendale', 'Orlando', 'Florida', '32825');
insert into contact (client_id, phone, email, street_number, street_name, city, state, zip) values (907, '1-(317)402-9233', 'hweaverp6@examiner.com', '2361', 'Tennessee', 'Indianapolis', 'Indiana', '46221');
insert into contact (client_id, phone, email, street_number, street_name, city, state, zip) values (908, '1-(804)242-4966', 'ahallp7@wunderground.com', '2814', 'Meadow Ridge', 'Richmond', 'Virginia', '23289');
insert into contact (client_id, phone, email, street_number, street_name, city, state, zip) values (909, '1-(917)592-3877', 'lmillerp8@washingtonpost.com', '975', 'Westend', 'Bronx', 'New York', '10474');
insert into contact (client_id, phone, email, street_number, street_name, city, state, zip) values (910, '1-(215)211-8793', 'cmendozap9@senate.gov', '084', 'Huxley', 'Philadelphia', 'Pennsylvania', '19191');
insert into contact (client_id, phone, email, street_number, street_name, city, state, zip) values (911, '1-(415)387-4009', 'mfrazierpa@youku.com', '1', 'Anhalt', 'San Francisco', 'California', '94132');
insert into contact (client_id, phone, email, street_number, street_name, city, state, zip) values (912, '1-(763)144-2849', 'lperrypb@berkeley.edu', '237', 'Redwing', 'Maple Plain', 'Minnesota', '55572');
insert into contact (client_id, phone, email, street_number, street_name, city, state, zip) values (913, '1-(651)267-6873', 'sdanielspc@bing.com', '0622', 'Bartelt', 'Saint Paul', 'Minnesota', '55166');
insert into contact (client_id, phone, email, street_number, street_name, city, state, zip) values (914, '1-(347)393-0313', 'jreidpd@dedecms.com', '69', 'Melody', 'New York City', 'New York', '10019');
insert into contact (client_id, phone, email, street_number, street_name, city, state, zip) values (915, '1-(706)922-0254', 'mleepe@cbsnews.com', '654', 'Lukken', 'Columbus', 'Georgia', '31998');
insert into contact (client_id, phone, email, street_number, street_name, city, state, zip) values (916, '1-(913)499-1472', 'vmyerspf@google.fr', '5', 'Morningstar', 'Kansas City', 'Kansas', '66160');
insert into contact (client_id, phone, email, street_number, street_name, city, state, zip) values (917, '1-(606)602-9776', 'aruizpg@senate.gov', '3', 'Redwing', 'London', 'Kentucky', '40745');
insert into contact (client_id, phone, email, street_number, street_name, city, state, zip) values (918, '1-(509)937-6494', 'lmillsph@webmd.com', '7380', 'Sundown', 'Spokane', 'Washington', '99215');
insert into contact (client_id, phone, email, street_number, street_name, city, state, zip) values (919, '1-(540)892-2896', 'kwilliamspi@wikia.com', '9647', 'Dennis', 'Roanoke', 'Virginia', '24048');
insert into contact (client_id, phone, email, street_number, street_name, city, state, zip) values (920, '1-(850)274-4005', 'cschmidtpj@networkadvertising.org', '63', 'Dunning', 'Tallahassee', 'Florida', '32309');
insert into contact (client_id, phone, email, street_number, street_name, city, state, zip) values (921, '1-(225)917-7982', 'blawsonpk@zimbio.com', '87', 'Starling', 'Baton Rouge', 'Louisiana', '70883');
insert into contact (client_id, phone, email, street_number, street_name, city, state, zip) values (922, '1-(334)809-5477', 'wlawrencepl@imageshack.us', '81', 'Judy', 'Montgomery', 'Alabama', '36104');
insert into contact (client_id, phone, email, street_number, street_name, city, state, zip) values (923, '1-(757)811-4609', 'hrichardspm@bigcartel.com', '6785', 'Sundown', 'Norfolk', 'Virginia', '23509');
insert into contact (client_id, phone, email, street_number, street_name, city, state, zip) values (924, '1-(772)959-4617', 'jgarzapn@eepurl.com', '821', 'Saint Paul', 'Fort Pierce', 'Florida', '34949');
insert into contact (client_id, phone, email, street_number, street_name, city, state, zip) values (925, '1-(412)839-5844', 'jjacobspo@istockphoto.com', '35447', 'Rutledge', 'Pittsburgh', 'Pennsylvania', '15215');
insert into contact (client_id, phone, email, street_number, street_name, city, state, zip) values (926, '1-(202)740-2878', 'rbishoppp@yahoo.co.jp', '527', 'Northfield', 'Washington', 'District of Columbia', '20088');
insert into contact (client_id, phone, email, street_number, street_name, city, state, zip) values (927, '1-(407)283-2725', 'gpiercepq@yellowpages.com', '98', 'Little Fleur', 'Orlando', 'Florida', '32819');
insert into contact (client_id, phone, email, street_number, street_name, city, state, zip) values (928, '1-(410)269-8540', 'jgarrettpr@stumbleupon.com', '27', 'Sauthoff', 'Silver Spring', 'Maryland', '20904');
insert into contact (client_id, phone, email, street_number, street_name, city, state, zip) values (929, '1-(682)387-1398', 'kwatsonps@stumbleupon.com', '34', 'Bonner', 'Fort Worth', 'Texas', '76162');
insert into contact (client_id, phone, email, street_number, street_name, city, state, zip) values (930, '1-(415)807-8191', 'rharrisonpt@facebook.com', '41', 'Susan', 'San Francisco', 'California', '94142');
insert into contact (client_id, phone, email, street_number, street_name, city, state, zip) values (931, '1-(703)363-3100', 'tduncanpu@blogtalkradio.com', '4841', 'Meadow Ridge', 'Washington', 'District of Columbia', '20016');
insert into contact (client_id, phone, email, street_number, street_name, city, state, zip) values (932, '1-(502)817-4979', 'ccolemanpv@kickstarter.com', '87023', 'Hovde', 'Louisville', 'Kentucky', '40233');
insert into contact (client_id, phone, email, street_number, street_name, city, state, zip) values (933, '1-(717)304-2667', 'sgreenepw@last.fm', '0048', 'Eliot', 'Harrisburg', 'Pennsylvania', '17105');
insert into contact (client_id, phone, email, street_number, street_name, city, state, zip) values (934, '1-(303)885-5532', 'rlewispx@bloglines.com', '0', 'Steensland', 'Denver', 'Colorado', '80291');
insert into contact (client_id, phone, email, street_number, street_name, city, state, zip) values (935, '1-(772)129-6237', 'mmyerspy@bbc.co.uk', '6', 'Carpenter', 'Fort Pierce', 'Florida', '34949');
insert into contact (client_id, phone, email, street_number, street_name, city, state, zip) values (936, '1-(225)804-2682', 'khughespz@boston.com', '964', 'Porter', 'Baton Rouge', 'Louisiana', '70810');
insert into contact (client_id, phone, email, street_number, street_name, city, state, zip) values (937, '1-(775)857-9162', 'achapmanq0@usatoday.com', '8', 'Maple', 'Reno', 'Nevada', '89510');
insert into contact (client_id, phone, email, street_number, street_name, city, state, zip) values (938, '1-(816)704-9659', 'lwebbq1@cargocollective.com', '2', 'Division', 'Independence', 'Missouri', '64054');
insert into contact (client_id, phone, email, street_number, street_name, city, state, zip) values (939, '1-(520)307-6581', 'dhowellq2@devhub.com', '16712', 'Dawn', 'Tucson', 'Arizona', '85720');
insert into contact (client_id, phone, email, street_number, street_name, city, state, zip) values (940, '1-(213)344-5851', 'rperkinsq3@prweb.com', '34', 'Heffernan', 'Los Angeles', 'California', '90050');
insert into contact (client_id, phone, email, street_number, street_name, city, state, zip) values (941, '1-(651)305-3022', 'mjohnsonq4@booking.com', '6', 'Sloan', 'Saint Paul', 'Minnesota', '55188');
insert into contact (client_id, phone, email, street_number, street_name, city, state, zip) values (942, '1-(682)329-5984', 'lyoungq5@issuu.com', '3', 'Moland', 'Fort Worth', 'Texas', '76178');
insert into contact (client_id, phone, email, street_number, street_name, city, state, zip) values (943, '1-(303)343-1936', 'atuckerq6@reuters.com', '9', 'Cottonwood', 'Denver', 'Colorado', '80249');
insert into contact (client_id, phone, email, street_number, street_name, city, state, zip) values (944, '1-(402)154-0406', 'dwebbq7@jimdo.com', '9', 'Novick', 'Lincoln', 'Nebraska', '68583');
insert into contact (client_id, phone, email, street_number, street_name, city, state, zip) values (945, '1-(512)443-2339', 'pbanksq8@hibu.com', '444', 'Hauk', 'Austin', 'Texas', '78732');
insert into contact (client_id, phone, email, street_number, street_name, city, state, zip) values (946, '1-(562)675-5592', 'jrichardsq9@berkeley.edu', '6', 'Kropf', 'Long Beach', 'California', '90831');
insert into contact (client_id, phone, email, street_number, street_name, city, state, zip) values (947, '1-(952)239-9149', 'jgriffinqa@addtoany.com', '228', 'Sullivan', 'Young America', 'Minnesota', '55551');
insert into contact (client_id, phone, email, street_number, street_name, city, state, zip) values (948, '1-(732)596-3977', 'efergusonqb@opensource.org', '6', 'Morning', 'New Brunswick', 'New Jersey', '08922');
insert into contact (client_id, phone, email, street_number, street_name, city, state, zip) values (949, '1-(818)753-9891', 'gknightqc@kickstarter.com', '2', 'Oak Valley', 'Northridge', 'California', '91328');
insert into contact (client_id, phone, email, street_number, street_name, city, state, zip) values (950, '1-(706)478-4140', 'lgeorgeqd@miibeian.gov.cn', '4930', 'Hudson', 'Columbus', 'Georgia', '31998');
insert into contact (client_id, phone, email, street_number, street_name, city, state, zip) values (951, '1-(757)252-3274', 'kjenkinsqe@constantcontact.com', '43178', 'Beilfuss', 'Norfolk', 'Virginia', '23514');
insert into contact (client_id, phone, email, street_number, street_name, city, state, zip) values (952, '1-(661)263-2056', 'fmillsqf@chron.com', '65945', 'Lakeland', 'Palmdale', 'California', '93591');
insert into contact (client_id, phone, email, street_number, street_name, city, state, zip) values (953, '1-(626)389-7164', 'dlawsonqg@omniture.com', '8', 'Bluejay', 'Burbank', 'California', '91505');
insert into contact (client_id, phone, email, street_number, street_name, city, state, zip) values (954, '1-(806)205-3415', 'dcunninghamqh@comsenz.com', '814', 'Mariners Cove', 'Lubbock', 'Texas', '79405');
insert into contact (client_id, phone, email, street_number, street_name, city, state, zip) values (955, '1-(540)356-2137', 'tkingqi@myspace.com', '236', 'Di Loreto', 'Roanoke', 'Virginia', '24029');
insert into contact (client_id, phone, email, street_number, street_name, city, state, zip) values (956, '1-(469)295-0989', 'lwarrenqj@trellian.com', '4417', 'Butterfield', 'Dallas', 'Texas', '75241');
insert into contact (client_id, phone, email, street_number, street_name, city, state, zip) values (957, '1-(540)151-8885', 'sgomezqk@shop-pro.jp', '09', 'Monument', 'Roanoke', 'Virginia', '24004');
insert into contact (client_id, phone, email, street_number, street_name, city, state, zip) values (958, '1-(336)483-6753', 'alaneql@freewebs.com', '072', 'Goodland', 'Greensboro', 'North Carolina', '27409');
insert into contact (client_id, phone, email, street_number, street_name, city, state, zip) values (959, '1-(209)449-4882', 'tdiazqm@dropbox.com', '51062', 'Cordelia', 'Fresno', 'California', '93721');
insert into contact (client_id, phone, email, street_number, street_name, city, state, zip) values (960, '1-(617)245-4407', 'dcoleqn@qq.com', '1668', 'Eastwood', 'Boston', 'Massachusetts', '02109');
insert into contact (client_id, phone, email, street_number, street_name, city, state, zip) values (961, '1-(415)917-0032', 'ahughesqo@businesswire.com', '17', 'Messerschmidt', 'San Francisco', 'California', '94126');
insert into contact (client_id, phone, email, street_number, street_name, city, state, zip) values (962, '1-(212)102-6158', 'pstephensqp@ihg.com', '0220', 'Ridgeway', 'Jamaica', 'New York', '11431');
insert into contact (client_id, phone, email, street_number, street_name, city, state, zip) values (963, '1-(253)822-9034', 'rmartinezqq@shareasale.com', '8', 'Alpine', 'Tacoma', 'Washington', '98411');
insert into contact (client_id, phone, email, street_number, street_name, city, state, zip) values (964, '1-(212)110-4041', 'fhowellqr@icq.com', '97', 'Ramsey', 'New York City', 'New York', '10115');
insert into contact (client_id, phone, email, street_number, street_name, city, state, zip) values (965, '1-(214)904-2208', 'kdavisqs@prlog.org', '8', 'Shoshone', 'Dallas', 'Texas', '75367');
insert into contact (client_id, phone, email, street_number, street_name, city, state, zip) values (966, '1-(202)473-1922', 'mweaverqt@netvibes.com', '55', 'Clyde Gallagher', 'Washington', 'District of Columbia', '20215');
insert into contact (client_id, phone, email, street_number, street_name, city, state, zip) values (967, '1-(702)209-0436', 'mmyersqu@hostgator.com', '27', 'Mayfield', 'Las Vegas', 'Nevada', '89150');
insert into contact (client_id, phone, email, street_number, street_name, city, state, zip) values (968, '1-(318)671-1344', 'pfieldsqv@paginegialle.it', '24627', 'Union', 'Shreveport', 'Louisiana', '71161');
insert into contact (client_id, phone, email, street_number, street_name, city, state, zip) values (969, '1-(402)297-1098', 'khernandezqw@cmu.edu', '00141', 'Ohio', 'Omaha', 'Nebraska', '68197');
insert into contact (client_id, phone, email, street_number, street_name, city, state, zip) values (970, '1-(916)958-9114', 'gallenqx@skype.com', '71', 'Heath', 'Sacramento', 'California', '95833');
insert into contact (client_id, phone, email, street_number, street_name, city, state, zip) values (971, '1-(336)740-7762', 'ajenkinsqy@google.ca', '2', 'Luster', 'Greensboro', 'North Carolina', '27499');
insert into contact (client_id, phone, email, street_number, street_name, city, state, zip) values (972, '1-(216)346-7712', 'dknightqz@va.gov', '9799', 'Paget', 'Cleveland', 'Ohio', '44130');
insert into contact (client_id, phone, email, street_number, street_name, city, state, zip) values (973, '1-(256)727-3294', 'jdanielsr0@fastcompany.com', '6432', 'Forster', 'Huntsville', 'Alabama', '35895');
insert into contact (client_id, phone, email, street_number, street_name, city, state, zip) values (974, '1-(917)929-9636', 'amurphyr1@tiny.cc', '320', 'Emmet', 'New York City', 'New York', '10024');
insert into contact (client_id, phone, email, street_number, street_name, city, state, zip) values (975, '1-(612)976-0805', 'nsullivanr2@sourceforge.net', '945', 'Mallard', 'Minneapolis', 'Minnesota', '55458');
insert into contact (client_id, phone, email, street_number, street_name, city, state, zip) values (976, '1-(915)717-1099', 'awestr3@mediafire.com', '41', 'Fairfield', 'El Paso', 'Texas', '88530');
insert into contact (client_id, phone, email, street_number, street_name, city, state, zip) values (977, '1-(203)712-1811', 'emillsr4@howstuffworks.com', '22556', 'Dahle', 'Norwalk', 'Connecticut', '06859');
insert into contact (client_id, phone, email, street_number, street_name, city, state, zip) values (978, '1-(419)442-4417', 'rwestr5@youtu.be', '0800', 'Pierstorff', 'Lima', 'Ohio', '45807');
insert into contact (client_id, phone, email, street_number, street_name, city, state, zip) values (979, '1-(443)989-0782', 'cwrightr6@issuu.com', '711', 'Sachtjen', 'Baltimore', 'Maryland', '21229');
insert into contact (client_id, phone, email, street_number, street_name, city, state, zip) values (980, '1-(727)229-9994', 'cfloresr7@posterous.com', '0286', 'Arkansas', 'Saint Petersburg', 'Florida', '33710');
insert into contact (client_id, phone, email, street_number, street_name, city, state, zip) values (981, '1-(602)259-6635', 'grichardsr8@fc2.com', '1645', 'Mesta', 'Phoenix', 'Arizona', '85005');
insert into contact (client_id, phone, email, street_number, street_name, city, state, zip) values (982, '1-(303)564-4686', 'nramosr9@cpanel.net', '84693', 'Glendale', 'Denver', 'Colorado', '80204');
insert into contact (client_id, phone, email, street_number, street_name, city, state, zip) values (983, '1-(843)474-4027', 'hbakerra@myspace.com', '39021', 'Kensington', 'Charleston', 'South Carolina', '29416');
insert into contact (client_id, phone, email, street_number, street_name, city, state, zip) values (984, '1-(585)294-4458', 'jhowellrb@delicious.com', '7398', 'Bowman', 'Rochester', 'New York', '14639');
insert into contact (client_id, phone, email, street_number, street_name, city, state, zip) values (985, '1-(210)337-9833', 'emartinrc@phoca.cz', '67', 'Eagle Crest', 'San Antonio', 'Texas', '78235');
insert into contact (client_id, phone, email, street_number, street_name, city, state, zip) values (986, '1-(505)595-6688', 'rhunterrd@cornell.edu', '6776', 'Shelley', 'Albuquerque', 'New Mexico', '87115');
insert into contact (client_id, phone, email, street_number, street_name, city, state, zip) values (987, '1-(319)483-8175', 'bfoxre@columbia.edu', '9', 'Emmet', 'Cedar Rapids', 'Iowa', '52410');
insert into contact (client_id, phone, email, street_number, street_name, city, state, zip) values (988, '1-(312)687-0996', 'mgrahamrf@creativecommons.org', '02', 'Northview', 'Chicago', 'Illinois', '60686');
insert into contact (client_id, phone, email, street_number, street_name, city, state, zip) values (989, '1-(310)333-9463', 'bcolemanrg@issuu.com', '6', 'Mcguire', 'Santa Ana', 'California', '92705');
insert into contact (client_id, phone, email, street_number, street_name, city, state, zip) values (990, '1-(571)829-8881', 'jelliottrh@fotki.com', '35017', 'Bartelt', 'Sterling', 'Virginia', '20167');
insert into contact (client_id, phone, email, street_number, street_name, city, state, zip) values (991, '1-(626)899-9267', 'thowardri@newyorker.com', '5428', 'Heath', 'Pasadena', 'California', '91125');
insert into contact (client_id, phone, email, street_number, street_name, city, state, zip) values (992, '1-(210)278-5551', 'pbrownrj@tinypic.com', '388', 'Meadow Ridge', 'San Antonio', 'Texas', '78240');
insert into contact (client_id, phone, email, street_number, street_name, city, state, zip) values (993, '1-(954)138-5411', 'bjonesrk@google.com.br', '0', 'Waxwing', 'Hollywood', 'Florida', '33028');
insert into contact (client_id, phone, email, street_number, street_name, city, state, zip) values (994, '1-(317)538-8686', 'mperezrl@patch.com', '038', 'Sheridan', 'Indianapolis', 'Indiana', '46278');
insert into contact (client_id, phone, email, street_number, street_name, city, state, zip) values (995, '1-(210)693-8027', 'jfernandezrm@creativecommons.org', '79', 'Hoepker', 'San Antonio', 'Texas', '78230');
insert into contact (client_id, phone, email, street_number, street_name, city, state, zip) values (996, '1-(903)931-0654', 'rbrooksrn@hhs.gov', '4', 'Cordelia', 'Tyler', 'Texas', '75710');
insert into contact (client_id, phone, email, street_number, street_name, city, state, zip) values (997, '1-(432)343-2314', 'jharrisro@hostgator.com', '3463', 'Ronald Regan', 'Odessa', 'Texas', '79769');
insert into contact (client_id, phone, email, street_number, street_name, city, state, zip) values (998, '1-(336)401-9132', 'ggordonrp@acquirethisname.com', '3', 'Goodland', 'Greensboro', 'North Carolina', '27404');
insert into contact (client_id, phone, email, street_number, street_name, city, state, zip) values (999, '1-(404)915-6240', 'rwardrq@howstuffworks.com', '89', 'Commercial', 'Atlanta', 'Georgia', '30368');
insert into contact (client_id, phone, email, street_number, street_name, city, state, zip) values (1000, '1-(502)863-5779', 'tmedinarr@forbes.com', '8', 'Stone Corner', 'Louisville', 'Kentucky', '40287');
insert into driving_distance values ('LHR', 'CDG', '406');
insert into driving_distance values ('LHR', 'IST', '856');
insert into driving_distance values ('LHR', 'FRA', '656');
insert into driving_distance values ('LHR', 'MAD', '890');
insert into driving_distance values ('LHR', 'MUC', '609');
insert into driving_distance values ('LHR', 'BCN', '1120');
insert into driving_distance values ('LHR', 'DME', '1582');
insert into driving_distance values ('LGW', 'CDG', '416');
insert into driving_distance values ('LGW', 'IST', '866');
insert into driving_distance values ('LGW', 'FRA', '676');
insert into Flight values ('1', 'British_Airways', '600', '101');
insert into Flight values ('2', 'British_Airways', '794', '102');
insert into Flight values ('3', 'British_Airways', '473', '103');
insert into Flight values ('4', 'British_Airways', '531', '104');
insert into Flight values ('5', 'British_Airways', '852', '105');
insert into Flight values ('6', 'British_Airways', '778', '106');
insert into Flight values ('7', 'British_Airways', '891', '107');
insert into Flight values ('8', 'British_Airways', '58', '108');
insert into Flight values ('9', 'British_Airways', '122', '109');
insert into Flight values ('10', 'British_Airways', '93', '110');
insert into Flight values ('11', 'British_Airways', '855', '111');
insert into Flight values ('12', 'British_Airways', '492', '112');
insert into Flight values ('13', 'British_Airways', '668', '113');
insert into Flight values ('14', 'British_Airways', '967', '114');
insert into Flight values ('15', 'British_Airways', '875', '115');
insert into Flight values ('16', 'British_Airways', '744', '116');
insert into Flight values ('17', 'British_Airways', '937', '117');
insert into Flight values ('18', 'British_Airways', '769', '118');
insert into Flight values ('19', 'British_Airways', '852', '119');
insert into Flight values ('20', 'British_Airways', '909', '120');
insert into Flight values ('21', 'British_Airways', '127', '121');
insert into Flight values ('22', 'British_Airways', '598', '122');
insert into Flight values ('23', 'British_Airways', '787', '123');
insert into Flight values ('24', 'British_Airways', '596', '124');
insert into Flight values ('25', 'British_Airways', '712', '125');
insert into Flight values ('26', 'British_Airways', '683', '126');
insert into Flight values ('27', 'British_Airways', '572', '127');
insert into Flight values ('28', 'British_Airways', '724', '128');
insert into Flight values ('29', 'British_Airways', '737', '129');
insert into Flight values ('30', 'British_Airways', '515', '130');
insert into Flight values ('31', 'British_Airways', '87', '131');
insert into Flight values ('32', 'British_Airways', '628', '132');
insert into Flight values ('33', 'British_Airways', '1512', '133');
insert into Flight values ('34', 'British_Airways', '887', '134');
insert into Flight values ('35', 'British_Airways', '160', '135');
insert into Flight values ('36', 'British_Airways', '840', '136');
insert into Flight values ('37', 'British_Airways', '619', '137');
insert into Flight values ('38', 'British_Airways', '715', '138');
insert into Flight values ('39', 'British_Airways', '844', '139');
insert into Flight values ('40', 'British_Airways', '492', '140');
insert into Flight values ('41', 'British_Airways', '904', '141');
insert into Flight values ('42', 'British_Airways', '226', '142');
insert into Flight values ('43', 'British_Airways', '869', '143');
insert into Flight values ('44', 'British_Airways', '800', '144');
insert into Flight values ('45', 'British_Airways', '792', '201');
insert into Flight values ('46', 'British_Airways', '471', '202');
insert into Flight values ('47', 'British_Airways', '530', '203');
insert into Flight values ('48', 'British_Airways', '779', '204');
insert into Flight values ('49', 'British_Airways', '892', '205');
insert into Flight values ('50', 'British_Airways', '59', '206');
insert into Flight values ('51', 'British_Airways', '123', '207');
insert into Flight values ('52', 'British_Airways', '96', '208');
insert into Flight values ('53', 'British_Airways', '856', '209');
insert into Flight values ('54', 'British_Airways', '493', '210');
insert into Flight values ('55', 'British_Airways', '745', '211');
insert into Flight values ('56', 'British_Airways', '784', '212');
insert into Schedule values ('17', '01-01-17', '79', '73707', '559');
insert into Schedule values ('23', '01-01-17', '104', '78707', '370');
insert into Schedule values ('9', '01-01-17', '241', '35002', '1041');
insert into Schedule values ('32', '01-01-17', '51', '35004', '618');
insert into Schedule values ('28', '01-01-17', '164', '78708', '823');
insert into Schedule values ('3', '01-01-17', '53', '77708', '932');
insert into Schedule values ('2', '01-01-17', '62', '35007', '897');
insert into Schedule values ('31', '01-02-17', '299', '77712', '831');
insert into Schedule values ('19', '01-02-17', '108', '32005', '332');
insert into Schedule values ('56', '01-02-17', '229', '77709', '685');
insert into Schedule values ('16', '01-02-17', '3', '78712', '873');
insert into Schedule values ('49', '01-02-17', '173', '78705', '718');
insert into Schedule values ('1', '01-03-17', '115', '78718', '955');
insert into Schedule values ('12', '01-03-17', '231', '77708', '581');
insert into Schedule values ('23', '01-03-17', '133', '35020', '520');
insert into Schedule values ('18', '01-03-17', '25', '77715', '520');
insert into Schedule values ('38', '01-03-17', '123', '78726', '20');
insert into Schedule values ('36', '01-04-17', '167', '35013', '411');
insert into Schedule values ('31', '01-04-17', '83', '77704', '1125');
insert into Schedule values ('19', '01-05-17', '79', '32001', '801');
insert into Schedule values ('50', '01-05-17', '192', '78721', '877');
insert into Schedule values ('10', '01-05-17', '86', '77708', '753');
insert into Schedule values ('20', '01-05-17', '173', '77714', '373');
insert into Schedule values ('24', '01-05-17', '218', '38009', '767');
insert into Schedule values ('9', '01-05-17', '114', '78716', '1066');
insert into Schedule values ('53', '01-06-17', '76', '73707', '717');
insert into Schedule values ('28', '01-06-17', '269', '77714', '742');
insert into Schedule values ('3', '01-06-17', '33', '73710', '842');
insert into Schedule values ('10', '01-06-17', '85', '32002', '921');
insert into Schedule values ('19', '01-06-17', '129', '38001', '557');
insert into Schedule values ('40', '01-06-17', '262', '77719', '362');
insert into Schedule values ('37', '01-07-17', '56', '78726', '846');
insert into Schedule values ('10', '01-08-17', '20', '38009', '780');
insert into Schedule values ('18', '01-09-17', '51', '78728', '447');
insert into Schedule values ('26', '01-09-17', '86', '73703', '796');
insert into Schedule values ('28', '01-09-17', '124', '77714', '287');
insert into Schedule values ('34', '01-09-17', '126', '38006', '207');
insert into Schedule values ('11', '01-09-17', '220', '35015', '557');
insert into Schedule values ('27', '01-10-17', '150', '78701', '198');
insert into Schedule values ('14', '01-10-17', '309', '77705', '594');
insert into Schedule values ('3', '01-10-17', '150', '78725', '817');
insert into Schedule values ('53', '01-10-17', '73', '77708', '486');
insert into Schedule values ('43', '01-11-17', '44', '78701', '411');
insert into Schedule values ('22', '01-11-17', '62', '73710', '794');
insert into Schedule values ('25', '01-11-17', '271', '77701', '713');
insert into Schedule values ('29', '01-11-17', '45', '38007', '896');
insert into Schedule values ('52', '01-11-17', '86', '35005', '390');
insert into Schedule values ('21', '01-11-17', '105', '35014', '1027');
insert into Schedule values ('2', '01-11-17', '168', '35006', '799');
insert into Schedule values ('46', '01-11-17', '193', '78720', '865');
insert into Schedule values ('51', '01-11-17', '121', '38008', '186');
insert into Schedule values ('26', '01-11-17', '53', '78713', '481');
insert into Schedule values ('16', '01-12-17', '70', '78701', '246');
insert into Schedule values ('13', '01-12-17', '111', '78702', '552');
insert into Schedule values ('37', '01-12-17', '6', '38009', '936');
insert into Schedule values ('26', '01-12-17', '260', '35009', '444');
insert into Schedule values ('29', '01-12-17', '88', '32006', '653');
insert into Schedule values ('46', '01-12-17', '127', '78716', '970');
insert into Schedule values ('36', '01-12-17', '230', '77710', '522');
insert into Schedule values ('49', '01-13-17', '43', '32006', '450');
insert into Schedule values ('43', '01-13-17', '52', '35002', '117');
insert into Schedule values ('44', '01-13-17', '362', '38009', '247');
insert into Schedule values ('10', '01-13-17', '28', '73701', '1103');
insert into Schedule values ('36', '01-13-17', '253', '38003', '249');
insert into Schedule values ('1', '01-14-17', '277', '77710', '869');
insert into Schedule values ('4', '01-14-17', '36', '78716', '197');
insert into Schedule values ('33', '01-14-17', '304', '77713', '42');
insert into Schedule values ('26', '01-14-17', '128', '78720', '741');
insert into Schedule values ('31', '01-14-17', '294', '38010', '666');
insert into Schedule values ('48', '01-14-17', '70', '78708', '330');
insert into Schedule values ('13', '01-15-17', '202', '78711', '201');
insert into Schedule values ('2', '01-15-17', '66', '32008', '289');
insert into Schedule values ('7', '01-15-17', '139', '35016', '25');
insert into Schedule values ('31', '01-15-17', '43', '78708', '1095');
insert into Schedule values ('50', '01-15-17', '139', '77711', '830');
insert into Schedule values ('21', '01-15-17', '73', '77713', '1012');
insert into Schedule values ('40', '01-16-17', '162', '77702', '107');
insert into Schedule values ('4', '01-16-17', '14', '78707', '282');
insert into Schedule values ('35', '01-16-17', '230', '78722', '1055');
insert into Schedule values ('11', '01-16-17', '123', '35003', '206');
insert into Schedule values ('39', '01-16-17', '200', '77719', '206');
insert into Schedule values ('37', '01-16-17', '239', '35004', '111');
insert into Schedule values ('50', '01-16-17', '140', '77703', '1109');
insert into Schedule values ('41', '01-16-17', '83', '32009', '718');
insert into Schedule values ('10', '01-16-17', '160', '78702', '855');
insert into Schedule values ('46', '01-16-17', '196', '35011', '676');
insert into Schedule values ('52', '01-17-17', '264', '35018', '428');
insert into Schedule values ('12', '01-17-17', '80', '32010', '707');
insert into Schedule values ('36', '01-17-17', '274', '77716', '372');
insert into Schedule values ('26', '01-18-17', '41', '73704', '769');
insert into Schedule values ('6', '01-18-17', '72', '38006', '685');
insert into Schedule values ('50', '01-18-17', '146', '78711', '665');
insert into Schedule values ('12', '01-18-17', '178', '78709', '971');
insert into Schedule values ('49', '01-18-17', '240', '77705', '558');
insert into Schedule values ('35', '01-18-17', '99', '73708', '1013');
insert into Schedule values ('39', '01-18-17', '188', '77720', '746');
insert into Schedule values ('29', '01-19-17', '172', '77704', '288');
insert into Schedule values ('34', '01-19-17', '25', '78704', '250');
insert into Schedule values ('47', '01-20-17', '69', '32001', '647');
insert into Schedule values ('51', '01-20-17', '81', '78728', '807');
insert into Schedule values ('11', '01-20-17', '202', '78729', '801');
insert into Schedule values ('8', '01-21-17', '222', '35013', '1025');
insert into Schedule values ('16', '01-21-17', '97', '78708', '446');
insert into Schedule values ('5', '01-21-17', '283', '77705', '746');
insert into Schedule values ('37', '01-21-17', '7', '78729', '405');
insert into Schedule values ('31', '01-21-17', '19', '32009', '831');
insert into Schedule values ('42', '01-21-17', '10', '32003', '505');
insert into Schedule values ('1', '01-21-17', '147', '78722', '955');
insert into Schedule values ('3', '01-21-17', '259', '78728', '107');
insert into Schedule values ('7', '01-21-17', '376', '38009', '657');
insert into Schedule values ('53', '01-22-17', '3', '32003', '291');
insert into Schedule values ('50', '01-22-17', '201', '35016', '899');
insert into Schedule values ('46', '01-22-17', '272', '35007', '280');
insert into Schedule values ('28', '01-22-17', '70', '38006', '328');
insert into Schedule values ('34', '01-22-17', '107', '78703', '747');
insert into Schedule values ('24', '01-22-17', '77', '78715', '955');
insert into Schedule values ('54', '01-22-17', '128', '77713', '614');
insert into Schedule values ('17', '01-22-17', '174', '78708', '251');
insert into Schedule values ('52', '01-22-17', '212', '78704', '696');
insert into Schedule values ('15', '01-22-17', '114', '77720', '688');
insert into Schedule values ('17', '01-23-17', '180', '78712', '776');
insert into Schedule values ('28', '01-23-17', '66', '78703', '938');
insert into Schedule values ('29', '01-23-17', '196', '77715', '114');
insert into Schedule values ('21', '01-23-17', '249', '77714', '1104');
insert into Schedule values ('42', '01-24-17', '56', '35016', '1069');
insert into Schedule values ('55', '01-24-17', '25', '73709', '68');
insert into Schedule values ('12', '01-24-17', '253', '77715', '512');
insert into Schedule values ('55', '01-25-17', '1', '78704', '714');
insert into Schedule values ('19', '01-25-17', '250', '77710', '557');
insert into Schedule values ('11', '01-25-17', '174', '77712', '557');
insert into Schedule values ('1', '01-25-17', '239', '77718', '992');
insert into Schedule values ('30', '01-26-17', '82', '35015', '953');
insert into Schedule values ('7', '01-26-17', '291', '38004', '558');
insert into Schedule values ('52', '01-26-17', '96', '73708', '1026');
insert into Schedule values ('16', '01-26-17', '198', '35012', '588');
insert into Schedule values ('53', '01-26-17', '297', '77720', '774');
insert into Schedule values ('32', '01-26-17', '16', '78713', '516');
insert into Schedule values ('49', '01-26-17', '1', '35017', '450');
insert into Schedule values ('19', '01-27-17', '118', '78713', '522');
insert into Schedule values ('32', '01-27-17', '75', '73710', '795');
insert into Schedule values ('28', '01-27-17', '232', '35014', '287');
insert into Schedule values ('52', '01-27-17', '3', '73707', '855');
insert into Schedule values ('42', '01-27-17', '43', '73709', '1107');
insert into Schedule values ('41', '01-27-17', '103', '77702', '718');
insert into Schedule values ('46', '01-27-17', '280', '38006', '106');
insert into Schedule values ('5', '01-27-17', '63', '78728', '827');
insert into Schedule values ('26', '01-27-17', '199', '35015', '894');
insert into Schedule values ('25', '01-28-17', '132', '77715', '620');
insert into Schedule values ('42', '01-28-17', '187', '77713', '607');
insert into Schedule values ('12', '01-28-17', '42', '78702', '61');
insert into Schedule values ('53', '01-28-17', '165', '78722', '774');
insert into Schedule values ('46', '01-28-17', '132', '35020', '400');
insert into Schedule values ('18', '01-28-17', '30', '35010', '330');
insert into Schedule values ('41', '01-28-17', '198', '78718', '487');
insert into Schedule values ('33', '01-28-17', '106', '78710', '224');
insert into Schedule values ('20', '01-28-17', '230', '78721', '828');
insert into Schedule values ('52', '01-28-17', '206', '78727', '1121');
insert into Schedule values ('38', '01-29-17', '143', '78728', '67');
insert into Schedule values ('35', '01-29-17', '188', '38008', '782');
insert into Schedule values ('28', '01-29-17', '20', '78730', '895');
insert into Schedule values ('29', '01-29-17', '114', '73708', '329');
insert into Schedule values ('25', '01-29-17', '238', '35010', '895');
insert into Schedule values ('2', '01-29-17', '11', '78708', '850');
insert into Schedule values ('39', '01-29-17', '12', '32009', '332');
insert into Schedule values ('52', '01-30-17', '129', '78717', '1040');
insert into Schedule values ('1', '01-30-17', '172', '78724', '767');
insert into Schedule values ('11', '01-30-17', '294', '38008', '117');
insert into Schedule values ('19', '01-31-17', '58', '35017', '656');
insert into Schedule values ('9', '01-31-17', '162', '77711', '807');
insert into Schedule values ('12', '01-31-17', '177', '78705', '707');
insert into Schedule values ('25', '01-31-17', '102', '38007', '445');
insert into Schedule values ('34', '01-31-17', '146', '77718', '747');
insert into Time values ('1', '00:00', '00:30');
insert into Time values ('2', '00:00', '01:00');
insert into Time values ('3', '00:00', '01:30');
insert into Time values ('4', '00:00', '02:00');
insert into Time values ('5', '00:00', '02:30');
insert into Time values ('6', '00:00', '03:00');
insert into Time values ('7', '00:00', '03:30');
insert into Time values ('8', '00:00', '04:00');
insert into Time values ('9', '00:00', '04:30');
insert into Time values ('10', '00:00', '05:00');
insert into Time values ('11', '00:00', '05:30');
insert into Time values ('12', '00:00', '06:00');
insert into Time values ('13', '00:00', '06:30');
insert into Time values ('14', '00:00', '07:00');
insert into Time values ('15', '00:00', '07:30');
insert into Time values ('16', '00:00', '08:00');
insert into Time values ('17', '00:00', '08:30');
insert into Time values ('18', '00:00', '09:00');
insert into Time values ('19', '00:00', '09:30');
insert into Time values ('20', '00:00', '10:00');
insert into Time values ('21', '00:00', '10:30');
insert into Time values ('22', '00:00', '11:00');
insert into Time values ('23', '00:00', '11:30');
insert into Time values ('24', '00:00', '12:00');
insert into Time values ('25', '00:00', '12:30');
insert into Time values ('26', '00:00', '13:00');
insert into Time values ('27', '00:00', '13:30');
insert into Time values ('28', '00:00', '14:00');
insert into Time values ('29', '00:00', '14:30');
insert into Time values ('30', '00:00', '15:00');
insert into Time values ('31', '00:00', '15:30');
insert into Time values ('32', '00:00', '16:00');
insert into Time values ('33', '00:00', '16:30');
insert into Time values ('34', '00:00', '17:00');
insert into Time values ('35', '00:00', '17:30');
insert into Time values ('36', '00:00', '18:00');
insert into Time values ('37', '00:00', '18:30');
insert into Time values ('38', '00:00', '19:00');
insert into Time values ('39', '00:00', '19:30');
insert into Time values ('40', '00:00', '20:00');
insert into Time values ('41', '00:00', '20:30');
insert into Time values ('42', '00:00', '21:00');
insert into Time values ('43', '00:00', '21:30');
insert into Time values ('44', '00:00', '22:00');
insert into Time values ('45', '00:00', '22:30');
insert into Time values ('46', '00:00', '23:00');
insert into Time values ('47', '00:00', '23:30');
insert into Time values ('48', '00:30', '01:00');
insert into Time values ('49', '00:30', '01:30');
insert into Time values ('50', '00:30', '02:00');
insert into Time values ('51', '00:30', '02:30');
insert into Time values ('52', '00:30', '03:00');
insert into Time values ('53', '00:30', '03:30');
insert into Time values ('54', '00:30', '04:00');
insert into Time values ('55', '00:30', '04:30');
insert into Time values ('56', '00:30', '05:00');
insert into Time values ('57', '00:30', '05:30');
insert into Time values ('58', '00:30', '06:00');
insert into Time values ('59', '00:30', '06:30');
insert into Time values ('60', '00:30', '07:00');
insert into Time values ('61', '00:30', '07:30');
insert into Time values ('62', '00:30', '08:00');
insert into Time values ('63', '00:30', '08:30');
insert into Time values ('64', '00:30', '09:00');
insert into Time values ('65', '00:30', '09:30');
insert into Time values ('66', '00:30', '10:00');
insert into Time values ('67', '00:30', '10:30');
insert into Time values ('68', '00:30', '11:00');
insert into Time values ('69', '00:30', '11:30');
insert into Time values ('70', '00:30', '12:00');
insert into Time values ('71', '00:30', '12:30');
insert into Time values ('72', '00:30', '13:00');
insert into Time values ('73', '00:30', '13:30');
insert into Time values ('74', '00:30', '14:00');
insert into Time values ('75', '00:30', '14:30');
insert into Time values ('76', '00:30', '15:00');
insert into Time values ('77', '00:30', '15:30');
insert into Time values ('78', '00:30', '16:00');
insert into Time values ('79', '00:30', '16:30');
insert into Time values ('80', '00:30', '17:00');
insert into Time values ('81', '00:30', '17:30');
insert into Time values ('82', '00:30', '18:00');
insert into Time values ('83', '00:30', '18:30');
insert into Time values ('84', '00:30', '19:00');
insert into Time values ('85', '00:30', '19:30');
insert into Time values ('86', '00:30', '20:00');
insert into Time values ('87', '00:30', '20:30');
insert into Time values ('88', '00:30', '21:00');
insert into Time values ('89', '00:30', '21:30');
insert into Time values ('90', '00:30', '22:00');
insert into Time values ('91', '00:30', '22:30');
insert into Time values ('92', '00:30', '23:00');
insert into Time values ('93', '00:30', '23:30');
insert into Time values ('94', '01:00', '01:30');
insert into Time values ('95', '01:00', '02:00');
insert into Time values ('96', '01:00', '02:30');
insert into Time values ('97', '01:00', '03:00');
insert into Time values ('98', '01:00', '03:30');
insert into Time values ('99', '01:00', '04:00');
insert into Time values ('100', '01:00', '04:30');
insert into Time values ('101', '01:00', '05:00');
insert into Time values ('102', '01:00', '05:30');
insert into Time values ('103', '01:00', '06:00');
insert into Time values ('104', '01:00', '06:30');
insert into Time values ('105', '01:00', '07:00');
insert into Time values ('106', '01:00', '07:30');
insert into Time values ('107', '01:00', '08:00');
insert into Time values ('108', '01:00', '08:30');
insert into Time values ('109', '01:00', '09:00');
insert into Time values ('110', '01:00', '09:30');
insert into Time values ('111', '01:00', '10:00');
insert into Time values ('112', '01:00', '10:30');
insert into Time values ('113', '01:00', '11:00');
insert into Time values ('114', '01:00', '11:30');
insert into Time values ('115', '01:00', '12:00');
insert into Time values ('116', '01:00', '12:30');
insert into Time values ('117', '01:00', '13:00');
insert into Time values ('118', '01:00', '13:30');
insert into Time values ('119', '01:00', '14:00');
insert into Time values ('120', '01:00', '14:30');
insert into Time values ('121', '01:00', '15:00');
insert into Time values ('122', '01:00', '15:30');
insert into Time values ('123', '01:00', '16:00');
insert into Time values ('124', '01:00', '16:30');
insert into Time values ('125', '01:00', '17:00');
insert into Time values ('126', '01:00', '17:30');
insert into Time values ('127', '01:00', '18:00');
insert into Time values ('128', '01:00', '18:30');
insert into Time values ('129', '01:00', '19:00');
insert into Time values ('130', '01:00', '19:30');
insert into Time values ('131', '01:00', '20:00');
insert into Time values ('132', '01:00', '20:30');
insert into Time values ('133', '01:00', '21:00');
insert into Time values ('134', '01:00', '21:30');
insert into Time values ('135', '01:00', '22:00');
insert into Time values ('136', '01:00', '22:30');
insert into Time values ('137', '01:00', '23:00');
insert into Time values ('138', '01:00', '23:30');
insert into Time values ('139', '01:30', '02:00');
insert into Time values ('140', '01:30', '02:30');
insert into Time values ('141', '01:30', '03:00');
insert into Time values ('142', '01:30', '03:30');
insert into Time values ('143', '01:30', '04:00');
insert into Time values ('144', '01:30', '04:30');
insert into Time values ('145', '01:30', '05:00');
insert into Time values ('146', '01:30', '05:30');
insert into Time values ('147', '01:30', '06:00');
insert into Time values ('148', '01:30', '06:30');
insert into Time values ('149', '01:30', '07:00');
insert into Time values ('150', '01:30', '07:30');
insert into Time values ('151', '01:30', '08:00');
insert into Time values ('152', '01:30', '08:30');
insert into Time values ('153', '01:30', '09:00');
insert into Time values ('154', '01:30', '09:30');
insert into Time values ('155', '01:30', '10:00');
insert into Time values ('156', '01:30', '10:30');
insert into Time values ('157', '01:30', '11:00');
insert into Time values ('158', '01:30', '11:30');
insert into Time values ('159', '01:30', '12:00');
insert into Time values ('160', '01:30', '12:30');
insert into Time values ('161', '01:30', '13:00');
insert into Time values ('162', '01:30', '13:30');
insert into Time values ('163', '01:30', '14:00');
insert into Time values ('164', '01:30', '14:30');
insert into Time values ('165', '01:30', '15:00');
insert into Time values ('166', '01:30', '15:30');
insert into Time values ('167', '01:30', '16:00');
insert into Time values ('168', '01:30', '16:30');
insert into Time values ('169', '01:30', '17:00');
insert into Time values ('170', '01:30', '17:30');
insert into Time values ('171', '01:30', '18:00');
insert into Time values ('172', '01:30', '18:30');
insert into Time values ('173', '01:30', '19:00');
insert into Time values ('174', '01:30', '19:30');
insert into Time values ('175', '01:30', '20:00');
insert into Time values ('176', '01:30', '20:30');
insert into Time values ('177', '01:30', '21:00');
insert into Time values ('178', '01:30', '21:30');
insert into Time values ('179', '01:30', '22:00');
insert into Time values ('180', '01:30', '22:30');
insert into Time values ('181', '01:30', '23:00');
insert into Time values ('182', '01:30', '23:30');
insert into Time values ('183', '02:00', '02:30');
insert into Time values ('184', '02:00', '03:00');
insert into Time values ('185', '02:00', '03:30');
insert into Time values ('186', '02:00', '04:00');
insert into Time values ('187', '02:00', '04:30');
insert into Time values ('188', '02:00', '05:00');
insert into Time values ('189', '02:00', '05:30');
insert into Time values ('190', '02:00', '06:00');
insert into Time values ('191', '02:00', '06:30');
insert into Time values ('192', '02:00', '07:00');
insert into Time values ('193', '02:00', '07:30');
insert into Time values ('194', '02:00', '08:00');
insert into Time values ('195', '02:00', '08:30');
insert into Time values ('196', '02:00', '09:00');
insert into Time values ('197', '02:00', '09:30');
insert into Time values ('198', '02:00', '10:00');
insert into Time values ('199', '02:00', '10:30');
insert into Time values ('200', '02:00', '11:00');
insert into Time values ('201', '02:00', '11:30');
insert into Time values ('202', '02:00', '12:00');
insert into Time values ('203', '02:00', '12:30');
insert into Time values ('204', '02:00', '13:00');
insert into Time values ('205', '02:00', '13:30');
insert into Time values ('206', '02:00', '14:00');
insert into Time values ('207', '02:00', '14:30');
insert into Time values ('208', '02:00', '15:00');
insert into Time values ('209', '02:00', '15:30');
insert into Time values ('210', '02:00', '16:00');
insert into Time values ('211', '02:00', '16:30');
insert into Time values ('212', '02:00', '17:00');
insert into Time values ('213', '02:00', '17:30');
insert into Time values ('214', '02:00', '18:00');
insert into Time values ('215', '02:00', '18:30');
insert into Time values ('216', '02:00', '19:00');
insert into Time values ('217', '02:00', '19:30');
insert into Time values ('218', '02:00', '20:00');
insert into Time values ('219', '02:00', '20:30');
insert into Time values ('220', '02:00', '21:00');
insert into Time values ('221', '02:00', '21:30');
insert into Time values ('222', '02:00', '22:00');
insert into Time values ('223', '02:00', '22:30');
insert into Time values ('224', '02:00', '23:00');
insert into Time values ('225', '02:00', '23:30');
insert into Time values ('226', '02:30', '03:00');
insert into Time values ('227', '02:30', '03:30');
insert into Time values ('228', '02:30', '04:00');
insert into Time values ('229', '02:30', '04:30');
insert into Time values ('230', '02:30', '05:00');
insert into Time values ('231', '02:30', '05:30');
insert into Time values ('232', '02:30', '06:00');
insert into Time values ('233', '02:30', '06:30');
insert into Time values ('234', '02:30', '07:00');
insert into Time values ('235', '02:30', '07:30');
insert into Time values ('236', '02:30', '08:00');
insert into Time values ('237', '02:30', '08:30');
insert into Time values ('238', '02:30', '09:00');
insert into Time values ('239', '02:30', '09:30');
insert into Time values ('240', '02:30', '10:00');
insert into Time values ('241', '02:30', '10:30');
insert into Time values ('242', '02:30', '11:00');
insert into Time values ('243', '02:30', '11:30');
insert into Time values ('244', '02:30', '12:00');
insert into Time values ('245', '02:30', '12:30');
insert into Time values ('246', '02:30', '13:00');
insert into Time values ('247', '02:30', '13:30');
insert into Time values ('248', '02:30', '14:00');
insert into Time values ('249', '02:30', '14:30');
insert into Time values ('250', '02:30', '15:00');
insert into Time values ('251', '02:30', '15:30');
insert into Time values ('252', '02:30', '16:00');
insert into Time values ('253', '02:30', '16:30');
insert into Time values ('254', '02:30', '17:00');
insert into Time values ('255', '02:30', '17:30');
insert into Time values ('256', '02:30', '18:00');
insert into Time values ('257', '02:30', '18:30');
insert into Time values ('258', '02:30', '19:00');
insert into Time values ('259', '02:30', '19:30');
insert into Time values ('260', '02:30', '20:00');
insert into Time values ('261', '02:30', '20:30');
insert into Time values ('262', '02:30', '21:00');
insert into Time values ('263', '02:30', '21:30');
insert into Time values ('264', '02:30', '22:00');
insert into Time values ('265', '02:30', '22:30');
insert into Time values ('266', '02:30', '23:00');
insert into Time values ('267', '02:30', '23:30');
insert into Time values ('268', '03:00', '03:30');
insert into Time values ('269', '03:00', '04:00');
insert into Time values ('270', '03:00', '04:30');
insert into Time values ('271', '03:00', '05:00');
insert into Time values ('272', '03:00', '05:30');
insert into Time values ('273', '03:00', '06:00');
insert into Time values ('274', '03:00', '06:30');
insert into Time values ('275', '03:00', '07:00');
insert into Time values ('276', '03:00', '07:30');
insert into Time values ('277', '03:00', '08:00');
insert into Time values ('278', '03:00', '08:30');
insert into Time values ('279', '03:00', '09:00');
insert into Time values ('280', '03:00', '09:30');
insert into Time values ('281', '03:00', '10:00');
insert into Time values ('282', '03:00', '10:30');
insert into Time values ('283', '03:00', '11:00');
insert into Time values ('284', '03:00', '11:30');
insert into Time values ('285', '03:00', '12:00');
insert into Time values ('286', '03:00', '12:30');
insert into Time values ('287', '03:00', '13:00');
insert into Time values ('288', '03:00', '13:30');
insert into Time values ('289', '03:00', '14:00');
insert into Time values ('290', '03:00', '14:30');
insert into Time values ('291', '03:00', '15:00');
insert into Time values ('292', '03:00', '15:30');
insert into Time values ('293', '03:00', '16:00');
insert into Time values ('294', '03:00', '16:30');
insert into Time values ('295', '03:00', '17:00');
insert into Time values ('296', '03:00', '17:30');
insert into Time values ('297', '03:00', '18:00');
insert into Time values ('298', '03:00', '18:30');
insert into Time values ('299', '03:00', '19:00');
insert into Time values ('300', '03:00', '19:30');
insert into Time values ('301', '03:00', '20:00');
insert into Time values ('302', '03:00', '20:30');
insert into Time values ('303', '03:00', '21:00');
insert into Time values ('304', '03:00', '21:30');
insert into Time values ('305', '03:00', '22:00');
insert into Time values ('306', '03:00', '22:30');
insert into Time values ('307', '03:00', '23:00');
insert into Time values ('308', '03:00', '23:30');
insert into Time values ('309', '03:30', '04:00');
insert into Time values ('310', '03:30', '04:30');
insert into Time values ('311', '03:30', '05:00');
insert into Time values ('312', '03:30', '05:30');
insert into Time values ('313', '03:30', '06:00');
insert into Time values ('314', '03:30', '06:30');
insert into Time values ('315', '03:30', '07:00');
insert into Time values ('316', '03:30', '07:30');
insert into Time values ('317', '03:30', '08:00');
insert into Time values ('318', '03:30', '08:30');
insert into Time values ('319', '03:30', '09:00');
insert into Time values ('320', '03:30', '09:30');
insert into Time values ('321', '03:30', '10:00');
insert into Time values ('322', '03:30', '10:30');
insert into Time values ('323', '03:30', '11:00');
insert into Time values ('324', '03:30', '11:30');
insert into Time values ('325', '03:30', '12:00');
insert into Time values ('326', '03:30', '12:30');
insert into Time values ('327', '03:30', '13:00');
insert into Time values ('328', '03:30', '13:30');
insert into Time values ('329', '03:30', '14:00');
insert into Time values ('330', '03:30', '14:30');
insert into Time values ('331', '03:30', '15:00');
insert into Time values ('332', '03:30', '15:30');
insert into Time values ('333', '03:30', '16:00');
insert into Time values ('334', '03:30', '16:30');
insert into Time values ('335', '03:30', '17:00');
insert into Time values ('336', '03:30', '17:30');
insert into Time values ('337', '03:30', '18:00');
insert into Time values ('338', '03:30', '18:30');
insert into Time values ('339', '03:30', '19:00');
insert into Time values ('340', '03:30', '19:30');
insert into Time values ('341', '03:30', '20:00');
insert into Time values ('342', '03:30', '20:30');
insert into Time values ('343', '03:30', '21:00');
insert into Time values ('344', '03:30', '21:30');
insert into Time values ('345', '03:30', '22:00');
insert into Time values ('346', '03:30', '22:30');
insert into Time values ('347', '03:30', '23:00');
insert into Time values ('348', '03:30', '23:30');
insert into Time values ('349', '04:00', '04:30');
insert into Time values ('350', '04:00', '05:00');
insert into Time values ('351', '04:00', '05:30');
insert into Time values ('352', '04:00', '06:00');
insert into Time values ('353', '04:00', '06:30');
insert into Time values ('354', '04:00', '07:00');
insert into Time values ('355', '04:00', '07:30');
insert into Time values ('356', '04:00', '08:00');
insert into Time values ('357', '04:00', '08:30');
insert into Time values ('358', '04:00', '09:00');
insert into Time values ('359', '04:00', '09:30');
insert into Time values ('360', '04:00', '10:00');
insert into Time values ('361', '04:00', '10:30');
insert into Time values ('362', '04:00', '11:00');
insert into Time values ('363', '04:00', '11:30');
insert into Time values ('364', '04:00', '12:00');
insert into Time values ('365', '04:00', '12:30');
insert into Time values ('366', '04:00', '13:00');
insert into Time values ('367', '04:00', '13:30');
insert into Time values ('368', '04:00', '14:00');
insert into Time values ('369', '04:00', '14:30');
insert into Time values ('370', '04:00', '15:00');
insert into Time values ('371', '04:00', '15:30');
insert into Time values ('372', '04:00', '16:00');
insert into Time values ('373', '04:00', '16:30');
insert into Time values ('374', '04:00', '17:00');
insert into Time values ('375', '04:00', '17:30');
insert into Time values ('376', '04:00', '18:00');
insert into Time values ('377', '04:00', '18:30');
insert into Time values ('378', '04:00', '19:00');
insert into Time values ('379', '04:00', '19:30');
insert into Time values ('380', '04:00', '20:00');
insert into Time values ('381', '04:00', '20:30');
insert into Time values ('382', '04:00', '21:00');
insert into Time values ('383', '04:00', '21:30');
insert into Time values ('384', '04:00', '22:00');
insert into Time values ('385', '04:00', '22:30');
insert into Time values ('386', '04:00', '23:00');
insert into Time values ('387', '04:00', '23:30');
insert into Time values ('388', '04:30', '05:00');
insert into Time values ('389', '04:30', '05:30');
insert into Time values ('390', '04:30', '06:00');
insert into Time values ('391', '04:30', '06:30');
insert into Time values ('392', '04:30', '07:00');
insert into Time values ('393', '04:30', '07:30');
insert into Time values ('394', '04:30', '08:00');
insert into Time values ('395', '04:30', '08:30');
insert into Time values ('396', '04:30', '09:00');
insert into Time values ('397', '04:30', '09:30');
insert into Time values ('398', '04:30', '10:00');
insert into Time values ('399', '04:30', '10:30');
insert into Time values ('400', '04:30', '11:00');
insert into Time values ('401', '04:30', '11:30');
insert into Time values ('402', '04:30', '12:00');
insert into Time values ('403', '04:30', '12:30');
insert into Time values ('404', '04:30', '13:00');
insert into Time values ('405', '04:30', '13:30');
insert into Time values ('406', '04:30', '14:00');
insert into Time values ('407', '04:30', '14:30');
insert into Time values ('408', '04:30', '15:00');
insert into Time values ('409', '04:30', '15:30');
insert into Time values ('410', '04:30', '16:00');
insert into Time values ('411', '04:30', '16:30');
insert into Time values ('412', '04:30', '17:00');
insert into Time values ('413', '04:30', '17:30');
insert into Time values ('414', '04:30', '18:00');
insert into Time values ('415', '04:30', '18:30');
insert into Time values ('416', '04:30', '19:00');
insert into Time values ('417', '04:30', '19:30');
insert into Time values ('418', '04:30', '20:00');
insert into Time values ('419', '04:30', '20:30');
insert into Time values ('420', '04:30', '21:00');
insert into Time values ('421', '04:30', '21:30');
insert into Time values ('422', '04:30', '22:00');
insert into Time values ('423', '04:30', '22:30');
insert into Time values ('424', '04:30', '23:00');
insert into Time values ('425', '04:30', '23:30');
insert into Time values ('426', '05:00', '05:30');
insert into Time values ('427', '05:00', '06:00');
insert into Time values ('428', '05:00', '06:30');
insert into Time values ('429', '05:00', '07:00');
insert into Time values ('430', '05:00', '07:30');
insert into Time values ('431', '05:00', '08:00');
insert into Time values ('432', '05:00', '08:30');
insert into Time values ('433', '05:00', '09:00');
insert into Time values ('434', '05:00', '09:30');
insert into Time values ('435', '05:00', '10:00');
insert into Time values ('436', '05:00', '10:30');
insert into Time values ('437', '05:00', '11:00');
insert into Time values ('438', '05:00', '11:30');
insert into Time values ('439', '05:00', '12:00');
insert into Time values ('440', '05:00', '12:30');
insert into Time values ('441', '05:00', '13:00');
insert into Time values ('442', '05:00', '13:30');
insert into Time values ('443', '05:00', '14:00');
insert into Time values ('444', '05:00', '14:30');
insert into Time values ('445', '05:00', '15:00');
insert into Time values ('446', '05:00', '15:30');
insert into Time values ('447', '05:00', '16:00');
insert into Time values ('448', '05:00', '16:30');
insert into Time values ('449', '05:00', '17:00');
insert into Time values ('450', '05:00', '17:30');
insert into Time values ('451', '05:00', '18:00');
insert into Time values ('452', '05:00', '18:30');
insert into Time values ('453', '05:00', '19:00');
insert into Time values ('454', '05:00', '19:30');
insert into Time values ('455', '05:00', '20:00');
insert into Time values ('456', '05:00', '20:30');
insert into Time values ('457', '05:00', '21:00');
insert into Time values ('458', '05:00', '21:30');
insert into Time values ('459', '05:00', '22:00');
insert into Time values ('460', '05:00', '22:30');
insert into Time values ('461', '05:00', '23:00');
insert into Time values ('462', '05:00', '23:30');
insert into Time values ('463', '05:30', '06:00');
insert into Time values ('464', '05:30', '06:30');
insert into Time values ('465', '05:30', '07:00');
insert into Time values ('466', '05:30', '07:30');
insert into Time values ('467', '05:30', '08:00');
insert into Time values ('468', '05:30', '08:30');
insert into Time values ('469', '05:30', '09:00');
insert into Time values ('470', '05:30', '09:30');
insert into Time values ('471', '05:30', '10:00');
insert into Time values ('472', '05:30', '10:30');
insert into Time values ('473', '05:30', '11:00');
insert into Time values ('474', '05:30', '11:30');
insert into Time values ('475', '05:30', '12:00');
insert into Time values ('476', '05:30', '12:30');
insert into Time values ('477', '05:30', '13:00');
insert into Time values ('478', '05:30', '13:30');
insert into Time values ('479', '05:30', '14:00');
insert into Time values ('480', '05:30', '14:30');
insert into Time values ('481', '05:30', '15:00');
insert into Time values ('482', '05:30', '15:30');
insert into Time values ('483', '05:30', '16:00');
insert into Time values ('484', '05:30', '16:30');
insert into Time values ('485', '05:30', '17:00');
insert into Time values ('486', '05:30', '17:30');
insert into Time values ('487', '05:30', '18:00');
insert into Time values ('488', '05:30', '18:30');
insert into Time values ('489', '05:30', '19:00');
insert into Time values ('490', '05:30', '19:30');
insert into Time values ('491', '05:30', '20:00');
insert into Time values ('492', '05:30', '20:30');
insert into Time values ('493', '05:30', '21:00');
insert into Time values ('494', '05:30', '21:30');
insert into Time values ('495', '05:30', '22:00');
insert into Time values ('496', '05:30', '22:30');
insert into Time values ('497', '05:30', '23:00');
insert into Time values ('498', '05:30', '23:30');
insert into Time values ('499', '06:00', '06:30');
insert into Time values ('500', '06:00', '07:00');
insert into Time values ('501', '06:00', '07:30');
insert into Time values ('502', '06:00', '08:00');
insert into Time values ('503', '06:00', '08:30');
insert into Time values ('504', '06:00', '09:00');
insert into Time values ('505', '06:00', '09:30');
insert into Time values ('506', '06:00', '10:00');
insert into Time values ('507', '06:00', '10:30');
insert into Time values ('508', '06:00', '11:00');
insert into Time values ('509', '06:00', '11:30');
insert into Time values ('510', '06:00', '12:00');
insert into Time values ('511', '06:00', '12:30');
insert into Time values ('512', '06:00', '13:00');
insert into Time values ('513', '06:00', '13:30');
insert into Time values ('514', '06:00', '14:00');
insert into Time values ('515', '06:00', '14:30');
insert into Time values ('516', '06:00', '15:00');
insert into Time values ('517', '06:00', '15:30');
insert into Time values ('518', '06:00', '16:00');
insert into Time values ('519', '06:00', '16:30');
insert into Time values ('520', '06:00', '17:00');
insert into Time values ('521', '06:00', '17:30');
insert into Time values ('522', '06:00', '18:00');
insert into Time values ('523', '06:00', '18:30');
insert into Time values ('524', '06:00', '19:00');
insert into Time values ('525', '06:00', '19:30');
insert into Time values ('526', '06:00', '20:00');
insert into Time values ('527', '06:00', '20:30');
insert into Time values ('528', '06:00', '21:00');
insert into Time values ('529', '06:00', '21:30');
insert into Time values ('530', '06:00', '22:00');
insert into Time values ('531', '06:00', '22:30');
insert into Time values ('532', '06:00', '23:00');
insert into Time values ('533', '06:00', '23:30');
insert into Time values ('534', '06:30', '07:00');
insert into Time values ('535', '06:30', '07:30');
insert into Time values ('536', '06:30', '08:00');
insert into Time values ('537', '06:30', '08:30');
insert into Time values ('538', '06:30', '09:00');
insert into Time values ('539', '06:30', '09:30');
insert into Time values ('540', '06:30', '10:00');
insert into Time values ('541', '06:30', '10:30');
insert into Time values ('542', '06:30', '11:00');
insert into Time values ('543', '06:30', '11:30');
insert into Time values ('544', '06:30', '12:00');
insert into Time values ('545', '06:30', '12:30');
insert into Time values ('546', '06:30', '13:00');
insert into Time values ('547', '06:30', '13:30');
insert into Time values ('548', '06:30', '14:00');
insert into Time values ('549', '06:30', '14:30');
insert into Time values ('550', '06:30', '15:00');
insert into Time values ('551', '06:30', '15:30');
insert into Time values ('552', '06:30', '16:00');
insert into Time values ('553', '06:30', '16:30');
insert into Time values ('554', '06:30', '17:00');
insert into Time values ('555', '06:30', '17:30');
insert into Time values ('556', '06:30', '18:00');
insert into Time values ('557', '06:30', '18:30');
insert into Time values ('558', '06:30', '19:00');
insert into Time values ('559', '06:30', '19:30');
insert into Time values ('560', '06:30', '20:00');
insert into Time values ('561', '06:30', '20:30');
insert into Time values ('562', '06:30', '21:00');
insert into Time values ('563', '06:30', '21:30');
insert into Time values ('564', '06:30', '22:00');
insert into Time values ('565', '06:30', '22:30');
insert into Time values ('566', '06:30', '23:00');
insert into Time values ('567', '06:30', '23:30');
insert into Time values ('568', '07:00', '07:30');
insert into Time values ('569', '07:00', '08:00');
insert into Time values ('570', '07:00', '08:30');
insert into Time values ('571', '07:00', '09:00');
insert into Time values ('572', '07:00', '09:30');
insert into Time values ('573', '07:00', '10:00');
insert into Time values ('574', '07:00', '10:30');
insert into Time values ('575', '07:00', '11:00');
insert into Time values ('576', '07:00', '11:30');
insert into Time values ('577', '07:00', '12:00');
insert into Time values ('578', '07:00', '12:30');
insert into Time values ('579', '07:00', '13:00');
insert into Time values ('580', '07:00', '13:30');
insert into Time values ('581', '07:00', '14:00');
insert into Time values ('582', '07:00', '14:30');
insert into Time values ('583', '07:00', '15:00');
insert into Time values ('584', '07:00', '15:30');
insert into Time values ('585', '07:00', '16:00');
insert into Time values ('586', '07:00', '16:30');
insert into Time values ('587', '07:00', '17:00');
insert into Time values ('588', '07:00', '17:30');
insert into Time values ('589', '07:00', '18:00');
insert into Time values ('590', '07:00', '18:30');
insert into Time values ('591', '07:00', '19:00');
insert into Time values ('592', '07:00', '19:30');
insert into Time values ('593', '07:00', '20:00');
insert into Time values ('594', '07:00', '20:30');
insert into Time values ('595', '07:00', '21:00');
insert into Time values ('596', '07:00', '21:30');
insert into Time values ('597', '07:00', '22:00');
insert into Time values ('598', '07:00', '22:30');
insert into Time values ('599', '07:00', '23:00');
insert into Time values ('600', '07:00', '23:30');
insert into Time values ('601', '07:30', '08:00');
insert into Time values ('602', '07:30', '08:30');
insert into Time values ('603', '07:30', '09:00');
insert into Time values ('604', '07:30', '09:30');
insert into Time values ('605', '07:30', '10:00');
insert into Time values ('606', '07:30', '10:30');
insert into Time values ('607', '07:30', '11:00');
insert into Time values ('608', '07:30', '11:30');
insert into Time values ('609', '07:30', '12:00');
insert into Time values ('610', '07:30', '12:30');
insert into Time values ('611', '07:30', '13:00');
insert into Time values ('612', '07:30', '13:30');
insert into Time values ('613', '07:30', '14:00');
insert into Time values ('614', '07:30', '14:30');
insert into Time values ('615', '07:30', '15:00');
insert into Time values ('616', '07:30', '15:30');
insert into Time values ('617', '07:30', '16:00');
insert into Time values ('618', '07:30', '16:30');
insert into Time values ('619', '07:30', '17:00');
insert into Time values ('620', '07:30', '17:30');
insert into Time values ('621', '07:30', '18:00');
insert into Time values ('622', '07:30', '18:30');
insert into Time values ('623', '07:30', '19:00');
insert into Time values ('624', '07:30', '19:30');
insert into Time values ('625', '07:30', '20:00');
insert into Time values ('626', '07:30', '20:30');
insert into Time values ('627', '07:30', '21:00');
insert into Time values ('628', '07:30', '21:30');
insert into Time values ('629', '07:30', '22:00');
insert into Time values ('630', '07:30', '22:30');
insert into Time values ('631', '07:30', '23:00');
insert into Time values ('632', '07:30', '23:30');
insert into Time values ('633', '08:00', '08:30');
insert into Time values ('634', '08:00', '09:00');
insert into Time values ('635', '08:00', '09:30');
insert into Time values ('636', '08:00', '10:00');
insert into Time values ('637', '08:00', '10:30');
insert into Time values ('638', '08:00', '11:00');
insert into Time values ('639', '08:00', '11:30');
insert into Time values ('640', '08:00', '12:00');
insert into Time values ('641', '08:00', '12:30');
insert into Time values ('642', '08:00', '13:00');
insert into Time values ('643', '08:00', '13:30');
insert into Time values ('644', '08:00', '14:00');
insert into Time values ('645', '08:00', '14:30');
insert into Time values ('646', '08:00', '15:00');
insert into Time values ('647', '08:00', '15:30');
insert into Time values ('648', '08:00', '16:00');
insert into Time values ('649', '08:00', '16:30');
insert into Time values ('650', '08:00', '17:00');
insert into Time values ('651', '08:00', '17:30');
insert into Time values ('652', '08:00', '18:00');
insert into Time values ('653', '08:00', '18:30');
insert into Time values ('654', '08:00', '19:00');
insert into Time values ('655', '08:00', '19:30');
insert into Time values ('656', '08:00', '20:00');
insert into Time values ('657', '08:00', '20:30');
insert into Time values ('658', '08:00', '21:00');
insert into Time values ('659', '08:00', '21:30');
insert into Time values ('660', '08:00', '22:00');
insert into Time values ('661', '08:00', '22:30');
insert into Time values ('662', '08:00', '23:00');
insert into Time values ('663', '08:00', '23:30');
insert into Time values ('664', '08:30', '09:00');
insert into Time values ('665', '08:30', '09:30');
insert into Time values ('666', '08:30', '10:00');
insert into Time values ('667', '08:30', '10:30');
insert into Time values ('668', '08:30', '11:00');
insert into Time values ('669', '08:30', '11:30');
insert into Time values ('670', '08:30', '12:00');
insert into Time values ('671', '08:30', '12:30');
insert into Time values ('672', '08:30', '13:00');
insert into Time values ('673', '08:30', '13:30');
insert into Time values ('674', '08:30', '14:00');
insert into Time values ('675', '08:30', '14:30');
insert into Time values ('676', '08:30', '15:00');
insert into Time values ('677', '08:30', '15:30');
insert into Time values ('678', '08:30', '16:00');
insert into Time values ('679', '08:30', '16:30');
insert into Time values ('680', '08:30', '17:00');
insert into Time values ('681', '08:30', '17:30');
insert into Time values ('682', '08:30', '18:00');
insert into Time values ('683', '08:30', '18:30');
insert into Time values ('684', '08:30', '19:00');
insert into Time values ('685', '08:30', '19:30');
insert into Time values ('686', '08:30', '20:00');
insert into Time values ('687', '08:30', '20:30');
insert into Time values ('688', '08:30', '21:00');
insert into Time values ('689', '08:30', '21:30');
insert into Time values ('690', '08:30', '22:00');
insert into Time values ('691', '08:30', '22:30');
insert into Time values ('692', '08:30', '23:00');
insert into Time values ('693', '08:30', '23:30');
insert into Time values ('694', '09:00', '09:30');
insert into Time values ('695', '09:00', '10:00');
insert into Time values ('696', '09:00', '10:30');
insert into Time values ('697', '09:00', '11:00');
insert into Time values ('698', '09:00', '11:30');
insert into Time values ('699', '09:00', '12:00');
insert into Time values ('700', '09:00', '12:30');
insert into Time values ('701', '09:00', '13:00');
insert into Time values ('702', '09:00', '13:30');
insert into Time values ('703', '09:00', '14:00');
insert into Time values ('704', '09:00', '14:30');
insert into Time values ('705', '09:00', '15:00');
insert into Time values ('706', '09:00', '15:30');
insert into Time values ('707', '09:00', '16:00');
insert into Time values ('708', '09:00', '16:30');
insert into Time values ('709', '09:00', '17:00');
insert into Time values ('710', '09:00', '17:30');
insert into Time values ('711', '09:00', '18:00');
insert into Time values ('712', '09:00', '18:30');
insert into Time values ('713', '09:00', '19:00');
insert into Time values ('714', '09:00', '19:30');
insert into Time values ('715', '09:00', '20:00');
insert into Time values ('716', '09:00', '20:30');
insert into Time values ('717', '09:00', '21:00');
insert into Time values ('718', '09:00', '21:30');
insert into Time values ('719', '09:00', '22:00');
insert into Time values ('720', '09:00', '22:30');
insert into Time values ('721', '09:00', '23:00');
insert into Time values ('722', '09:00', '23:30');
insert into Time values ('723', '09:30', '10:00');
insert into Time values ('724', '09:30', '10:30');
insert into Time values ('725', '09:30', '11:00');
insert into Time values ('726', '09:30', '11:30');
insert into Time values ('727', '09:30', '12:00');
insert into Time values ('728', '09:30', '12:30');
insert into Time values ('729', '09:30', '13:00');
insert into Time values ('730', '09:30', '13:30');
insert into Time values ('731', '09:30', '14:00');
insert into Time values ('732', '09:30', '14:30');
insert into Time values ('733', '09:30', '15:00');
insert into Time values ('734', '09:30', '15:30');
insert into Time values ('735', '09:30', '16:00');
insert into Time values ('736', '09:30', '16:30');
insert into Time values ('737', '09:30', '17:00');
insert into Time values ('738', '09:30', '17:30');
insert into Time values ('739', '09:30', '18:00');
insert into Time values ('740', '09:30', '18:30');
insert into Time values ('741', '09:30', '19:00');
insert into Time values ('742', '09:30', '19:30');
insert into Time values ('743', '09:30', '20:00');
insert into Time values ('744', '09:30', '20:30');
insert into Time values ('745', '09:30', '21:00');
insert into Time values ('746', '09:30', '21:30');
insert into Time values ('747', '09:30', '22:00');
insert into Time values ('748', '09:30', '22:30');
insert into Time values ('749', '09:30', '23:00');
insert into Time values ('750', '09:30', '23:30');
insert into Time values ('751', '10:00', '10:30');
insert into Time values ('752', '10:00', '11:00');
insert into Time values ('753', '10:00', '11:30');
insert into Time values ('754', '10:00', '12:00');
insert into Time values ('755', '10:00', '12:30');
insert into Time values ('756', '10:00', '13:00');
insert into Time values ('757', '10:00', '13:30');
insert into Time values ('758', '10:00', '14:00');
insert into Time values ('759', '10:00', '14:30');
insert into Time values ('760', '10:00', '15:00');
insert into Time values ('761', '10:00', '15:30');
insert into Time values ('762', '10:00', '16:00');
insert into Time values ('763', '10:00', '16:30');
insert into Time values ('764', '10:00', '17:00');
insert into Time values ('765', '10:00', '17:30');
insert into Time values ('766', '10:00', '18:00');
insert into Time values ('767', '10:00', '18:30');
insert into Time values ('768', '10:00', '19:00');
insert into Time values ('769', '10:00', '19:30');
insert into Time values ('770', '10:00', '20:00');
insert into Time values ('771', '10:00', '20:30');
insert into Time values ('772', '10:00', '21:00');
insert into Time values ('773', '10:00', '21:30');
insert into Time values ('774', '10:00', '22:00');
insert into Time values ('775', '10:00', '22:30');
insert into Time values ('776', '10:00', '23:00');
insert into Time values ('777', '10:00', '23:30');
insert into Time values ('778', '10:30', '11:00');
insert into Time values ('779', '10:30', '11:30');
insert into Time values ('780', '10:30', '12:00');
insert into Time values ('781', '10:30', '12:30');
insert into Time values ('782', '10:30', '13:00');
insert into Time values ('783', '10:30', '13:30');
insert into Time values ('784', '10:30', '14:00');
insert into Time values ('785', '10:30', '14:30');
insert into Time values ('786', '10:30', '15:00');
insert into Time values ('787', '10:30', '15:30');
insert into Time values ('788', '10:30', '16:00');
insert into Time values ('789', '10:30', '16:30');
insert into Time values ('790', '10:30', '17:00');
insert into Time values ('791', '10:30', '17:30');
insert into Time values ('792', '10:30', '18:00');
insert into Time values ('793', '10:30', '18:30');
insert into Time values ('794', '10:30', '19:00');
insert into Time values ('795', '10:30', '19:30');
insert into Time values ('796', '10:30', '20:00');
insert into Time values ('797', '10:30', '20:30');
insert into Time values ('798', '10:30', '21:00');
insert into Time values ('799', '10:30', '21:30');
insert into Time values ('800', '10:30', '22:00');
insert into Time values ('801', '10:30', '22:30');
insert into Time values ('802', '10:30', '23:00');
insert into Time values ('803', '10:30', '23:30');
insert into Time values ('804', '11:00', '11:30');
insert into Time values ('805', '11:00', '12:00');
insert into Time values ('806', '11:00', '12:30');
insert into Time values ('807', '11:00', '13:00');
insert into Time values ('808', '11:00', '13:30');
insert into Time values ('809', '11:00', '14:00');
insert into Time values ('810', '11:00', '14:30');
insert into Time values ('811', '11:00', '15:00');
insert into Time values ('812', '11:00', '15:30');
insert into Time values ('813', '11:00', '16:00');
insert into Time values ('814', '11:00', '16:30');
insert into Time values ('815', '11:00', '17:00');
insert into Time values ('816', '11:00', '17:30');
insert into Time values ('817', '11:00', '18:00');
insert into Time values ('818', '11:00', '18:30');
insert into Time values ('819', '11:00', '19:00');
insert into Time values ('820', '11:00', '19:30');
insert into Time values ('821', '11:00', '20:00');
insert into Time values ('822', '11:00', '20:30');
insert into Time values ('823', '11:00', '21:00');
insert into Time values ('824', '11:00', '21:30');
insert into Time values ('825', '11:00', '22:00');
insert into Time values ('826', '11:00', '22:30');
insert into Time values ('827', '11:00', '23:00');
insert into Time values ('828', '11:00', '23:30');
insert into Time values ('829', '11:30', '12:00');
insert into Time values ('830', '11:30', '12:30');
insert into Time values ('831', '11:30', '13:00');
insert into Time values ('832', '11:30', '13:30');
insert into Time values ('833', '11:30', '14:00');
insert into Time values ('834', '11:30', '14:30');
insert into Time values ('835', '11:30', '15:00');
insert into Time values ('836', '11:30', '15:30');
insert into Time values ('837', '11:30', '16:00');
insert into Time values ('838', '11:30', '16:30');
insert into Time values ('839', '11:30', '17:00');
insert into Time values ('840', '11:30', '17:30');
insert into Time values ('841', '11:30', '18:00');
insert into Time values ('842', '11:30', '18:30');
insert into Time values ('843', '11:30', '19:00');
insert into Time values ('844', '11:30', '19:30');
insert into Time values ('845', '11:30', '20:00');
insert into Time values ('846', '11:30', '20:30');
insert into Time values ('847', '11:30', '21:00');
insert into Time values ('848', '11:30', '21:30');
insert into Time values ('849', '11:30', '22:00');
insert into Time values ('850', '11:30', '22:30');
insert into Time values ('851', '11:30', '23:00');
insert into Time values ('852', '11:30', '23:30');
insert into Time values ('853', '12:00', '12:30');
insert into Time values ('854', '12:00', '13:00');
insert into Time values ('855', '12:00', '13:30');
insert into Time values ('856', '12:00', '14:00');
insert into Time values ('857', '12:00', '14:30');
insert into Time values ('858', '12:00', '15:00');
insert into Time values ('859', '12:00', '15:30');
insert into Time values ('860', '12:00', '16:00');
insert into Time values ('861', '12:00', '16:30');
insert into Time values ('862', '12:00', '17:00');
insert into Time values ('863', '12:00', '17:30');
insert into Time values ('864', '12:00', '18:00');
insert into Time values ('865', '12:00', '18:30');
insert into Time values ('866', '12:00', '19:00');
insert into Time values ('867', '12:00', '19:30');
insert into Time values ('868', '12:00', '20:00');
insert into Time values ('869', '12:00', '20:30');
insert into Time values ('870', '12:00', '21:00');
insert into Time values ('871', '12:00', '21:30');
insert into Time values ('872', '12:00', '22:00');
insert into Time values ('873', '12:00', '22:30');
insert into Time values ('874', '12:00', '23:00');
insert into Time values ('875', '12:00', '23:30');
insert into Time values ('876', '12:30', '13:00');
insert into Time values ('877', '12:30', '13:30');
insert into Time values ('878', '12:30', '14:00');
insert into Time values ('879', '12:30', '14:30');
insert into Time values ('880', '12:30', '15:00');
insert into Time values ('881', '12:30', '15:30');
insert into Time values ('882', '12:30', '16:00');
insert into Time values ('883', '12:30', '16:30');
insert into Time values ('884', '12:30', '17:00');
insert into Time values ('885', '12:30', '17:30');
insert into Time values ('886', '12:30', '18:00');
insert into Time values ('887', '12:30', '18:30');
insert into Time values ('888', '12:30', '19:00');
insert into Time values ('889', '12:30', '19:30');
insert into Time values ('890', '12:30', '20:00');
insert into Time values ('891', '12:30', '20:30');
insert into Time values ('892', '12:30', '21:00');
insert into Time values ('893', '12:30', '21:30');
insert into Time values ('894', '12:30', '22:00');
insert into Time values ('895', '12:30', '22:30');
insert into Time values ('896', '12:30', '23:00');
insert into Time values ('897', '12:30', '23:30');
insert into Time values ('898', '13:00', '13:30');
insert into Time values ('899', '13:00', '14:00');
insert into Time values ('900', '13:00', '14:30');
insert into Time values ('901', '13:00', '15:00');
insert into Time values ('902', '13:00', '15:30');
insert into Time values ('903', '13:00', '16:00');
insert into Time values ('904', '13:00', '16:30');
insert into Time values ('905', '13:00', '17:00');
insert into Time values ('906', '13:00', '17:30');
insert into Time values ('907', '13:00', '18:00');
insert into Time values ('908', '13:00', '18:30');
insert into Time values ('909', '13:00', '19:00');
insert into Time values ('910', '13:00', '19:30');
insert into Time values ('911', '13:00', '20:00');
insert into Time values ('912', '13:00', '20:30');
insert into Time values ('913', '13:00', '21:00');
insert into Time values ('914', '13:00', '21:30');
insert into Time values ('915', '13:00', '22:00');
insert into Time values ('916', '13:00', '22:30');
insert into Time values ('917', '13:00', '23:00');
insert into Time values ('918', '13:00', '23:30');
insert into Time values ('919', '13:30', '14:00');
insert into Time values ('920', '13:30', '14:30');
insert into Time values ('921', '13:30', '15:00');
insert into Time values ('922', '13:30', '15:30');
insert into Time values ('923', '13:30', '16:00');
insert into Time values ('924', '13:30', '16:30');
insert into Time values ('925', '13:30', '17:00');
insert into Time values ('926', '13:30', '17:30');
insert into Time values ('927', '13:30', '18:00');
insert into Time values ('928', '13:30', '18:30');
insert into Time values ('929', '13:30', '19:00');
insert into Time values ('930', '13:30', '19:30');
insert into Time values ('931', '13:30', '20:00');
insert into Time values ('932', '13:30', '20:30');
insert into Time values ('933', '13:30', '21:00');
insert into Time values ('934', '13:30', '21:30');
insert into Time values ('935', '13:30', '22:00');
insert into Time values ('936', '13:30', '22:30');
insert into Time values ('937', '13:30', '23:00');
insert into Time values ('938', '13:30', '23:30');
insert into Time values ('939', '14:00', '14:30');
insert into Time values ('940', '14:00', '15:00');
insert into Time values ('941', '14:00', '15:30');
insert into Time values ('942', '14:00', '16:00');
insert into Time values ('943', '14:00', '16:30');
insert into Time values ('944', '14:00', '17:00');
insert into Time values ('945', '14:00', '17:30');
insert into Time values ('946', '14:00', '18:00');
insert into Time values ('947', '14:00', '18:30');
insert into Time values ('948', '14:00', '19:00');
insert into Time values ('949', '14:00', '19:30');
insert into Time values ('950', '14:00', '20:00');
insert into Time values ('951', '14:00', '20:30');
insert into Time values ('952', '14:00', '21:00');
insert into Time values ('953', '14:00', '21:30');
insert into Time values ('954', '14:00', '22:00');
insert into Time values ('955', '14:00', '22:30');
insert into Time values ('956', '14:00', '23:00');
insert into Time values ('957', '14:00', '23:30');
insert into Time values ('958', '14:30', '15:00');
insert into Time values ('959', '14:30', '15:30');
insert into Time values ('960', '14:30', '16:00');
insert into Time values ('961', '14:30', '16:30');
insert into Time values ('962', '14:30', '17:00');
insert into Time values ('963', '14:30', '17:30');
insert into Time values ('964', '14:30', '18:00');
insert into Time values ('965', '14:30', '18:30');
insert into Time values ('966', '14:30', '19:00');
insert into Time values ('967', '14:30', '19:30');
insert into Time values ('968', '14:30', '20:00');
insert into Time values ('969', '14:30', '20:30');
insert into Time values ('970', '14:30', '21:00');
insert into Time values ('971', '14:30', '21:30');
insert into Time values ('972', '14:30', '22:00');
insert into Time values ('973', '14:30', '22:30');
insert into Time values ('974', '14:30', '23:00');
insert into Time values ('975', '14:30', '23:30');
insert into Time values ('976', '15:00', '15:30');
insert into Time values ('977', '15:00', '16:00');
insert into Time values ('978', '15:00', '16:30');
insert into Time values ('979', '15:00', '17:00');
insert into Time values ('980', '15:00', '17:30');
insert into Time values ('981', '15:00', '18:00');
insert into Time values ('982', '15:00', '18:30');
insert into Time values ('983', '15:00', '19:00');
insert into Time values ('984', '15:00', '19:30');
insert into Time values ('985', '15:00', '20:00');
insert into Time values ('986', '15:00', '20:30');
insert into Time values ('987', '15:00', '21:00');
insert into Time values ('988', '15:00', '21:30');
insert into Time values ('989', '15:00', '22:00');
insert into Time values ('990', '15:00', '22:30');
insert into Time values ('991', '15:00', '23:00');
insert into Time values ('992', '15:00', '23:30');
insert into Time values ('993', '15:30', '16:00');
insert into Time values ('994', '15:30', '16:30');
insert into Time values ('995', '15:30', '17:00');
insert into Time values ('996', '15:30', '17:30');
insert into Time values ('997', '15:30', '18:00');
insert into Time values ('998', '15:30', '18:30');
insert into Time values ('999', '15:30', '19:00');
insert into Time values ('1000', '15:30', '19:30');
insert into Time values ('1001', '15:30', '20:00');
insert into Time values ('1002', '15:30', '20:30');
insert into Time values ('1003', '15:30', '21:00');
insert into Time values ('1004', '15:30', '21:30');
insert into Time values ('1005', '15:30', '22:00');
insert into Time values ('1006', '15:30', '22:30');
insert into Time values ('1007', '15:30', '23:00');
insert into Time values ('1008', '15:30', '23:30');
insert into Time values ('1009', '16:00', '16:30');
insert into Time values ('1010', '16:00', '17:00');
insert into Time values ('1011', '16:00', '17:30');
insert into Time values ('1012', '16:00', '18:00');
insert into Time values ('1013', '16:00', '18:30');
insert into Time values ('1014', '16:00', '19:00');
insert into Time values ('1015', '16:00', '19:30');
insert into Time values ('1016', '16:00', '20:00');
insert into Time values ('1017', '16:00', '20:30');
insert into Time values ('1018', '16:00', '21:00');
insert into Time values ('1019', '16:00', '21:30');
insert into Time values ('1020', '16:00', '22:00');
insert into Time values ('1021', '16:00', '22:30');
insert into Time values ('1022', '16:00', '23:00');
insert into Time values ('1023', '16:00', '23:30');
insert into Time values ('1024', '16:30', '17:00');
insert into Time values ('1025', '16:30', '17:30');
insert into Time values ('1026', '16:30', '18:00');
insert into Time values ('1027', '16:30', '18:30');
insert into Time values ('1028', '16:30', '19:00');
insert into Time values ('1029', '16:30', '19:30');
insert into Time values ('1030', '16:30', '20:00');
insert into Time values ('1031', '16:30', '20:30');
insert into Time values ('1032', '16:30', '21:00');
insert into Time values ('1033', '16:30', '21:30');
insert into Time values ('1034', '16:30', '22:00');
insert into Time values ('1035', '16:30', '22:30');
insert into Time values ('1036', '16:30', '23:00');
insert into Time values ('1037', '16:30', '23:30');
insert into Time values ('1038', '17:00', '17:30');
insert into Time values ('1039', '17:00', '18:00');
insert into Time values ('1040', '17:00', '18:30');
insert into Time values ('1041', '17:00', '19:00');
insert into Time values ('1042', '17:00', '19:30');
insert into Time values ('1043', '17:00', '20:00');
insert into Time values ('1044', '17:00', '20:30');
insert into Time values ('1045', '17:00', '21:00');
insert into Time values ('1046', '17:00', '21:30');
insert into Time values ('1047', '17:00', '22:00');
insert into Time values ('1048', '17:00', '22:30');
insert into Time values ('1049', '17:00', '23:00');
insert into Time values ('1050', '17:00', '23:30');
insert into Time values ('1051', '17:30', '18:00');
insert into Time values ('1052', '17:30', '18:30');
insert into Time values ('1053', '17:30', '19:00');
insert into Time values ('1054', '17:30', '19:30');
insert into Time values ('1055', '17:30', '20:00');
insert into Time values ('1056', '17:30', '20:30');
insert into Time values ('1057', '17:30', '21:00');
insert into Time values ('1058', '17:30', '21:30');
insert into Time values ('1059', '17:30', '22:00');
insert into Time values ('1060', '17:30', '22:30');
insert into Time values ('1061', '17:30', '23:00');
insert into Time values ('1062', '17:30', '23:30');
insert into Time values ('1063', '18:00', '18:30');
insert into Time values ('1064', '18:00', '19:00');
insert into Time values ('1065', '18:00', '19:30');
insert into Time values ('1066', '18:00', '20:00');
insert into Time values ('1067', '18:00', '20:30');
insert into Time values ('1068', '18:00', '21:00');
insert into Time values ('1069', '18:00', '21:30');
insert into Time values ('1070', '18:00', '22:00');
insert into Time values ('1071', '18:00', '22:30');
insert into Time values ('1072', '18:00', '23:00');
insert into Time values ('1073', '18:00', '23:30');
insert into Time values ('1074', '18:30', '19:00');
insert into Time values ('1075', '18:30', '19:30');
insert into Time values ('1076', '18:30', '20:00');
insert into Time values ('1077', '18:30', '20:30');
insert into Time values ('1078', '18:30', '21:00');
insert into Time values ('1079', '18:30', '21:30');
insert into Time values ('1080', '18:30', '22:00');
insert into Time values ('1081', '18:30', '22:30');
insert into Time values ('1082', '18:30', '23:00');
insert into Time values ('1083', '18:30', '23:30');
insert into Time values ('1084', '19:00', '19:30');
insert into Time values ('1085', '19:00', '20:00');
insert into Time values ('1086', '19:00', '20:30');
insert into Time values ('1087', '19:00', '21:00');
insert into Time values ('1088', '19:00', '21:30');
insert into Time values ('1089', '19:00', '22:00');
insert into Time values ('1090', '19:00', '22:30');
insert into Time values ('1091', '19:00', '23:00');
insert into Time values ('1092', '19:00', '23:30');
insert into Time values ('1093', '19:30', '20:00');
insert into Time values ('1094', '19:30', '20:30');
insert into Time values ('1095', '19:30', '21:00');
insert into Time values ('1096', '19:30', '21:30');
insert into Time values ('1097', '19:30', '22:00');
insert into Time values ('1098', '19:30', '22:30');
insert into Time values ('1099', '19:30', '23:00');
insert into Time values ('1100', '19:30', '23:30');
insert into Time values ('1101', '20:00', '20:30');
insert into Time values ('1102', '20:00', '21:00');
insert into Time values ('1103', '20:00', '21:30');
insert into Time values ('1104', '20:00', '22:00');
insert into Time values ('1105', '20:00', '22:30');
insert into Time values ('1106', '20:00', '23:00');
insert into Time values ('1107', '20:00', '23:30');
insert into Time values ('1108', '20:30', '21:00');
insert into Time values ('1109', '20:30', '21:30');
insert into Time values ('1110', '20:30', '22:00');
insert into Time values ('1111', '20:30', '22:30');
insert into Time values ('1112', '20:30', '23:00');
insert into Time values ('1113', '20:30', '23:30');
insert into Time values ('1114', '21:00', '21:30');
insert into Time values ('1115', '21:00', '22:00');
insert into Time values ('1116', '21:00', '22:30');
insert into Time values ('1117', '21:00', '23:00');
insert into Time values ('1118', '21:00', '23:30');
insert into Time values ('1119', '21:30', '22:00');
insert into Time values ('1120', '21:30', '22:30');
insert into Time values ('1121', '21:30', '23:00');
insert into Time values ('1122', '21:30', '23:30');
insert into Time values ('1123', '22:00', '22:30');
insert into Time values ('1124', '22:00', '23:00');
insert into Time values ('1125', '22:00', '23:30');
insert into Time values ('1126', '22:30', '23:00');
insert into Time values ('1127', '22:30', '23:30');
insert into Time values ('1128', '23:00', '23:30');insert into Bid values ('1000', '495', '7837', 'LGW', 'MAD', '01-12-17');
insert into Bid values ('1', '945', '5782', 'LHR', 'CTU', '01-19-17');
insert into Bid values ('2', '478', '6124', 'LHR', 'CAN', '01-18-17');
insert into Bid values ('3', '861', '923', 'LGW', 'SZX', '01-21-17');
insert into Bid values ('4', '833', '7651', 'LHR', 'LHR', '01-12-17');
insert into Bid values ('5', '193', '8109', 'LGW', 'YYZ', '01-25-17');
insert into Bid values ('6', '97', '9092', 'LGW', 'TSN', '01-16-17');
insert into Bid values ('7', '271', '5758', 'LHR', 'HND', '01-25-17');
insert into Bid values ('8', '608', '2324', 'LHR', 'MIA', '01-21-17');
insert into Bid values ('9', '258', '499', 'LGW', 'SIN', '01-25-17');
insert into Bid values ('10', '743', '6909', 'LHR', 'LGW', '01-03-17');
insert into Bid values ('11', '147', '2288', 'LGW', 'SIN', '01-18-17');
insert into Bid values ('12', '235', '505', 'LHR', 'SHA', '01-15-17');
insert into Bid values ('13', '201', '7448', 'LGW', 'EWR', '01-29-17');
insert into Bid values ('14', '37', '1915', 'LGW', 'CLT', '01-28-17');
insert into Bid values ('15', '443', '7584', 'LHR', 'MCO', '01-18-17');
insert into Bid values ('16', '666', '7686', 'LHR', 'DEL', '01-14-17');
insert into Bid values ('17', '565', '7355', 'LHR', 'LHR', '01-23-17');
insert into Bid values ('18', '127', '9179', 'LGW', 'HND', '01-22-17');
insert into Bid values ('19', '882', '7522', 'LHR', 'MNL', '01-06-17');
insert into Bid values ('20', '77', '2764', 'LHR', 'LGW', '01-16-17');
insert into Bid values ('21', '282', '2097', 'LGW', 'KMG', '01-02-17');
insert into Bid values ('22', '115', '3602', 'LHR', 'MIA', '01-09-17');
insert into Bid values ('23', '875', '5126', 'LGW', 'CLT', '01-05-17');
insert into Bid values ('24', '898', '5291', 'LGW', 'DEL', '01-21-17');
insert into Bid values ('25', '572', '2768', 'LHR', 'EWR', '01-02-17');
insert into Bid values ('26', '210', '4715', 'LGW', 'SZX', '01-24-17');
insert into Bid values ('27', '594', '1884', 'LHR', 'HND', '01-12-17');
insert into Bid values ('28', '590', '6011', 'LGW', 'SZX', '01-29-17');
insert into Bid values ('29', '935', '9106', 'LGW', 'MUC', '01-10-17');
insert into Bid values ('30', '846', '6390', 'LGW', 'CLT', '01-17-17');
insert into Bid values ('31', '997', '8363', 'LGW', 'DEL', '01-20-17');
insert into Bid values ('32', '46', '1526', 'LHR', 'LGW', '01-11-17');
insert into Bid values ('33', '163', '1603', 'LGW', 'PEK', '01-31-17');
insert into Bid values ('34', '224', '6467', 'LHR', 'SHA', '01-17-17');
insert into Bid values ('35', '346', '6458', 'LHR', 'PEK', '01-06-17');
insert into Bid values ('36', '838', '8651', 'LGW', 'MUC', '01-05-17');
insert into Bid values ('37', '624', '9165', 'LHR', 'ORD', '01-15-17');
insert into Bid values ('38', '357', '897', 'LHR', 'EWR', '01-30-17');
insert into Bid values ('39', '776', '8821', 'LGW', 'NRT', '01-09-17');
insert into Bid values ('40', '972', '6459', 'LGW', 'MIA', '01-18-17');
insert into Bid values ('41', '371', '7576', 'LGW', 'YYZ', '01-16-17');
insert into Bid values ('42', '65', '7069', 'LGW', 'PVG', '01-10-17');
insert into Bid values ('43', '429', '6377', 'LGW', 'TSN', '01-19-17');
insert into Bid values ('44', '253', '726', 'LGW', 'BOM', '01-13-17');
insert into Bid values ('45', '584', '263', 'LHR', 'DEN', '01-05-17');
insert into Bid values ('46', '51', '1440', 'LGW', 'DME', '01-28-17');
insert into Bid values ('47', '48', '8137', 'LGW', 'DEN', '01-07-17');
insert into Bid values ('48', '235', '3621', 'LGW', 'BOM', '01-05-17');
insert into Bid values ('49', '959', '9987', 'LGW', 'BOM', '01-25-17');
insert into Bid values ('50', '173', '849', 'LHR', 'PVG', '01-10-17');
insert into Bid values ('51', '678', '7487', 'LGW', 'CTU', '01-22-17');
insert into Bid values ('52', '70', '1372', 'LHR', 'TPE', '01-08-17');
insert into Bid values ('53', '406', '6967', 'LGW', 'CTU', '01-03-17');
insert into Bid values ('54', '493', '3117', 'LHR', 'LHR', '01-21-17');
insert into Bid values ('55', '60', '3342', 'LHR', 'DEN', '01-09-17');
insert into Bid values ('56', '303', '7174', 'LHR', 'DEN', '01-01-17');
insert into Bid values ('57', '480', '1601', 'LHR', 'NRT', '01-25-17');
insert into Bid values ('58', '466', '4445', 'LGW', 'KMG', '01-17-17');
insert into Bid values ('59', '534', '2527', 'LGW', 'PVG', '01-24-17');
insert into Bid values ('60', '180', '7457', 'LHR', 'LHR', '01-23-17');
insert into Bid values ('61', '259', '3758', 'LGW', 'PEK', '01-22-17');
insert into Bid values ('62', '399', '2626', 'LGW', 'NRT', '01-24-17');
insert into Bid values ('63', '810', '2210', 'LGW', 'PEK', '01-24-17');
insert into Bid values ('64', '276', '123', 'LGW', 'CLT', '01-21-17');
insert into Bid values ('65', '115', '4155', 'LGW', 'YYZ', '01-04-17');
insert into Bid values ('66', '463', '9333', 'LHR', 'LGW', '01-24-17');
insert into Bid values ('67', '610', '5851', 'LHR', 'CLT', '01-07-17');
insert into Bid values ('68', '393', '4132', 'LGW', 'MUC', '01-02-17');
insert into Bid values ('69', '499', '2707', 'LGW', 'SIN', '01-02-17');
insert into Bid values ('70', '474', '6230', 'LGW', 'TPE', '01-05-17');
insert into Bid values ('71', '53', '6175', 'LGW', 'PEK', '01-28-17');
insert into Bid values ('72', '301', '9634', 'LGW', 'PEK', '01-13-17');
insert into Bid values ('73', '247', '177', 'LHR', 'MIA', '01-16-17');
insert into Bid values ('74', '911', '9589', 'LHR', 'ORD', '01-15-17');
insert into Bid values ('75', '20', '9962', 'LHR', 'LGW', '01-18-17');
insert into Bid values ('76', '479', '3722', 'LHR', 'HND', '01-13-17');
insert into Bid values ('77', '751', '173', 'LGW', 'PHX', '01-11-17');
insert into Bid values ('78', '410', '7574', 'LGW', 'ORD', '01-21-17');
insert into Bid values ('79', '502', '5556', 'LGW', 'DME', '01-20-17');
insert into Bid values ('80', '997', '8306', 'LHR', 'MAD', '01-04-17');
insert into Bid values ('81', '900', '6364', 'LGW', 'CAN', '01-24-17');
insert into Bid values ('82', '159', '4272', 'LHR', 'CAN', '01-04-17');
insert into Bid values ('83', '372', '5236', 'LGW', 'HND', '01-19-17');
insert into Bid values ('84', '516', '2965', 'LGW', 'PHX', '01-28-17');
insert into Bid values ('85', '839', '267', 'LGW', 'TPE', '01-06-17');
insert into Bid values ('86', '84', '4060', 'LHR', 'DEN', '01-15-17');
insert into Bid values ('87', '558', '4911', 'LHR', 'MAD', '01-25-17');
insert into Bid values ('88', '642', '9283', 'LGW', 'KMG', '01-28-17');
insert into Bid values ('89', '158', '1016', 'LGW', 'SHA', '01-27-17');
insert into Bid values ('90', '736', '522', 'LHR', 'EWR', '01-01-17');
insert into Bid values ('91', '131', '3889', 'LHR', 'PEK', '01-31-17');
insert into Bid values ('92', '480', '8758', 'LGW', 'LHR', '01-10-17');
insert into Bid values ('93', '212', '9992', 'LGW', 'CAN', '01-12-17');
insert into Bid values ('94', '154', '9772', 'LGW', 'BOM', '01-04-17');
insert into Bid values ('95', '869', '1476', 'LGW', 'PVG', '01-23-17');
insert into Bid values ('96', '156', '1618', 'LGW', 'LHR', '01-22-17');
insert into Bid values ('97', '516', '2135', 'LHR', 'BOM', '01-02-17');
insert into Bid values ('98', '682', '6691', 'LGW', 'PVG', '01-08-17');
insert into Bid values ('99', '568', '2646', 'LHR', 'SHA', '01-28-17');
insert into Bid values ('100', '251', '9139', 'LGW', 'NRT', '01-05-17');
insert into Bid values ('101', '77', '4409', 'LGW', 'MNL', '01-09-17');
insert into Bid values ('102', '656', '7863', 'LGW', 'YYZ', '01-06-17');
insert into Bid values ('103', '270', '60', 'LGW', 'PVG', '01-05-17');
insert into Bid values ('104', '107', '3423', 'LGW', 'BOM', '01-07-17');
insert into Bid values ('105', '561', '5887', 'LGW', 'PHX', '01-06-17');
insert into Bid values ('106', '687', '9838', 'LHR', 'HND', '01-23-17');
insert into Bid values ('107', '853', '5585', 'LGW', 'MAD', '01-09-17');
insert into Bid values ('108', '887', '2988', 'LHR', 'CAN', '01-03-17');
insert into Bid values ('109', '910', '6961', 'LHR', 'TPE', '01-12-17');
insert into Bid values ('110', '532', '1742', 'LHR', 'LGW', '01-20-17');
insert into Bid values ('111', '93', '7145', 'LHR', 'DEL', '01-23-17');
insert into Bid values ('112', '580', '2977', 'LGW', 'DEL', '01-06-17');
insert into Bid values ('113', '521', '513', 'LGW', 'DEN', '01-28-17');
insert into Bid values ('114', '609', '6833', 'LGW', 'TPE', '01-21-17');
insert into Bid values ('115', '886', '7799', 'LGW', 'PHX', '01-17-17');
insert into Bid values ('116', '920', '7045', 'LGW', 'NRT', '01-02-17');
insert into Bid values ('117', '800', '7972', 'LHR', 'DME', '01-18-17');
insert into Bid values ('118', '608', '8508', 'LHR', 'DEN', '01-06-17');
insert into Bid values ('119', '712', '5843', 'LGW', 'DME', '01-23-17');
insert into Bid values ('120', '137', '5378', 'LGW', 'DME', '01-23-17');
insert into Bid values ('121', '215', '2276', 'LHR', 'DEN', '01-25-17');
insert into Bid values ('122', '607', '6690', 'LGW', 'MNL', '01-15-17');
insert into Bid values ('123', '779', '1113', 'LGW', 'PVG', '01-31-17');
insert into Bid values ('124', '236', '7777', 'LHR', 'NRT', '01-28-17');
insert into Bid values ('125', '878', '3342', 'LGW', 'ORD', '01-24-17');
insert into Bid values ('126', '98', '4939', 'LGW', 'DEL', '01-21-17');
insert into Bid values ('127', '710', '8420', 'LHR', 'FRA', '01-04-17');
insert into Bid values ('128', '345', '724', 'LGW', 'NRT', '01-13-17');
insert into Bid values ('129', '709', '1856', 'LHR', 'DEN', '01-02-17');
insert into Bid values ('130', '925', '4519', 'LGW', 'MAD', '01-09-17');
insert into Bid values ('131', '683', '6584', 'LGW', 'BKK', '01-20-17');
insert into Bid values ('132', '350', '3775', 'LHR', 'PHX', '01-21-17');
insert into Bid values ('133', '914', '6418', 'LHR', 'MAD', '01-23-17');
insert into Bid values ('134', '41', '9910', 'LGW', 'DEN', '01-21-17');
insert into Bid values ('135', '389', '4241', 'LHR', 'LHR', '01-03-17');
insert into Bid values ('136', '658', '9396', 'LHR', 'MAD', '01-04-17');
insert into Bid values ('137', '748', '7381', 'LGW', 'HND', '01-21-17');
insert into Bid values ('138', '232', '7162', 'LGW', 'CLT', '01-02-17');
insert into Bid values ('139', '128', '442', 'LGW', 'EWR', '01-31-17');
insert into Bid values ('140', '12', '7161', 'LGW', 'FRA', '01-11-17');
insert into Bid values ('141', '12', '915', 'LHR', 'MUC', '01-21-17');
insert into Bid values ('142', '564', '4515', 'LHR', 'CLT', '01-17-17');
insert into Bid values ('143', '829', '7101', 'LGW', 'SHA', '01-05-17');
insert into Bid values ('144', '278', '8285', 'LGW', 'CLT', '01-27-17');
insert into Bid values ('145', '646', '1643', 'LGW', 'DME', '01-26-17');
insert into Bid values ('146', '419', '8672', 'LHR', 'EWR', '01-15-17');
insert into Bid values ('147', '389', '2950', 'LHR', 'DEL', '01-16-17');
insert into Bid values ('148', '203', '7615', 'LHR', 'SHA', '01-13-17');
insert into Bid values ('149', '544', '940', 'LHR', 'CAN', '01-22-17');
insert into Bid values ('150', '890', '395', 'LGW', 'SIN', '01-05-17');
insert into Bid values ('151', '369', '8775', 'LGW', 'LGW', '01-15-17');
insert into Bid values ('152', '101', '1566', 'LGW', 'ORD', '01-19-17');
insert into Bid values ('153', '109', '2528', 'LHR', 'LGW', '01-17-17');
insert into Bid values ('154', '530', '239', 'LGW', 'SIN', '01-04-17');
insert into Bid values ('155', '824', '5045', 'LHR', 'FRA', '01-19-17');
insert into Bid values ('156', '164', '3423', 'LGW', 'MIA', '01-28-17');
insert into Bid values ('157', '101', '2650', 'LHR', 'SZX', '01-31-17');
insert into Bid values ('158', '183', '9410', 'LHR', 'NRT', '01-07-17');
insert into Bid values ('159', '257', '3572', 'LHR', 'FRA', '01-14-17');
insert into Bid values ('160', '725', '1657', 'LHR', 'DEN', '01-06-17');
insert into Bid values ('161', '163', '7551', 'LGW', 'IAH', '01-16-17');
insert into Bid values ('162', '289', '5990', 'LGW', 'MAD', '01-25-17');
insert into Bid values ('163', '757', '9446', 'LHR', 'YYZ', '01-02-17');
insert into Bid values ('164', '553', '3981', 'LHR', 'DME', '01-29-17');
insert into Bid values ('165', '732', '3738', 'LHR', 'PHX', '01-11-17');
insert into Bid values ('166', '300', '9447', 'LHR', 'MAD', '01-10-17');
insert into Bid values ('167', '720', '6273', 'LGW', 'SHA', '01-27-17');
insert into Bid values ('168', '737', '8982', 'LGW', 'DME', '01-15-17');
insert into Bid values ('169', '104', '3868', 'LHR', 'SHA', '01-04-17');
insert into Bid values ('170', '593', '1739', 'LGW', 'MUC', '01-29-17');
insert into Bid values ('171', '928', '7896', 'LHR', 'CLT', '01-08-17');
insert into Bid values ('172', '402', '6166', 'LGW', 'NRT', '01-12-17');
insert into Bid values ('173', '514', '6622', 'LGW', 'HND', '01-02-17');
insert into Bid values ('174', '628', '6606', 'LHR', 'CTU', '01-01-17');
insert into Bid values ('175', '388', '8998', 'LHR', 'IAH', '01-30-17');
insert into Bid values ('176', '234', '7085', 'LHR', 'LGW', '01-12-17');
insert into Bid values ('177', '673', '8630', 'LGW', 'DME', '01-08-17');
insert into Bid values ('178', '635', '4560', 'LHR', 'FRA', '01-25-17');
insert into Bid values ('179', '445', '3150', 'LGW', 'DEL', '01-27-17');
insert into Bid values ('180', '159', '5937', 'LHR', 'TSN', '01-19-17');
insert into Bid values ('181', '707', '5053', 'LHR', 'SHA', '01-21-17');
insert into Bid values ('182', '262', '2763', 'LHR', 'EWR', '01-25-17');
insert into Bid values ('183', '689', '8907', 'LGW', 'MNL', '01-11-17');
insert into Bid values ('184', '77', '1252', 'LHR', 'PHX', '01-27-17');
insert into Bid values ('185', '80', '9282', 'LGW', 'MUC', '01-08-17');
insert into Bid values ('186', '184', '391', 'LHR', 'SZX', '01-07-17');
insert into Bid values ('187', '507', '7076', 'LGW', 'BKK', '01-31-17');
insert into Bid values ('188', '969', '4358', 'LGW', 'FRA', '01-11-17');
insert into Bid values ('189', '877', '1031', 'LGW', 'LGW', '01-27-17');
insert into Bid values ('190', '988', '8889', 'LHR', 'ORD', '01-25-17');
insert into Bid values ('191', '717', '5578', 'LHR', 'HND', '01-02-17');
insert into Bid values ('192', '58', '8449', 'LGW', 'DME', '01-02-17');
insert into Bid values ('193', '914', '2387', 'LHR', 'YYZ', '01-12-17');
insert into Bid values ('194', '534', '3994', 'LGW', 'YYZ', '01-16-17');
insert into Bid values ('195', '89', '2927', 'LGW', 'FRA', '01-27-17');
insert into Bid values ('196', '705', '7619', 'LHR', 'MIA', '01-19-17');
insert into Bid values ('197', '854', '6940', 'LGW', 'LGW', '01-06-17');
insert into Bid values ('198', '416', '5678', 'LHR', 'BOM', '01-03-17');
insert into Bid values ('199', '479', '566', 'LGW', 'PHX', '01-05-17');
insert into Bid values ('200', '708', '5564', 'LGW', 'CTU', '01-04-17');
insert into Bid values ('201', '971', '4839', 'LGW', 'DME', '01-15-17');
insert into Bid values ('202', '541', '3693', 'LHR', 'MCO', '01-04-17');
insert into Bid values ('203', '590', '6070', 'LHR', 'KMG', '01-03-17');
insert into Bid values ('204', '299', '5289', 'LGW', 'MUC', '01-19-17');
insert into Bid values ('205', '916', '9137', 'LHR', 'IAH', '01-14-17');
insert into Bid values ('206', '280', '5594', 'LHR', 'ORD', '01-29-17');
insert into Bid values ('207', '375', '3441', 'LHR', 'MIA', '01-10-17');
insert into Bid values ('208', '855', '1690', 'LHR', 'MNL', '01-04-17');
insert into Bid values ('209', '283', '5897', 'LHR', 'HND', '01-15-17');
insert into Bid values ('210', '71', '3967', 'LHR', 'DEN', '01-18-17');
insert into Bid values ('211', '514', '9071', 'LHR', 'DEL', '01-28-17');
insert into Bid values ('212', '50', '503', 'LGW', 'PEK', '01-14-17');
insert into Bid values ('213', '486', '4583', 'LGW', 'FRA', '01-12-17');
insert into Bid values ('214', '87', '1302', 'LHR', 'LHR', '01-23-17');
insert into Bid values ('215', '882', '1959', 'LGW', 'MNL', '01-02-17');
insert into Bid values ('216', '705', '4738', 'LGW', 'ORD', '01-17-17');
insert into Bid values ('217', '940', '8053', 'LHR', 'HND', '01-25-17');
insert into Bid values ('218', '950', '4239', 'LGW', 'DME', '01-08-17');
insert into Bid values ('219', '431', '410', 'LGW', 'MNL', '01-29-17');
insert into Bid values ('220', '217', '1691', 'LGW', 'KMG', '01-30-17');
insert into Bid values ('221', '355', '359', 'LGW', 'NRT', '01-09-17');
insert into Bid values ('222', '800', '7939', 'LGW', 'MUC', '01-05-17');
insert into Bid values ('223', '314', '1211', 'LGW', 'MIA', '01-11-17');
insert into Bid values ('224', '410', '2598', 'LGW', 'BKK', '01-17-17');
insert into Bid values ('225', '18', '6993', 'LHR', 'PEK', '01-28-17');
insert into Bid values ('226', '773', '6113', 'LHR', 'DEL', '01-11-17');
insert into Bid values ('227', '329', '8758', 'LHR', 'TSN', '01-05-17');
insert into Bid values ('228', '306', '9832', 'LHR', 'BOM', '01-16-17');
insert into Bid values ('229', '747', '5045', 'LGW', 'LGW', '01-06-17');
insert into Bid values ('230', '10', '1648', 'LHR', 'MIA', '01-18-17');
insert into Bid values ('231', '603', '6619', 'LHR', 'MIA', '01-22-17');
insert into Bid values ('232', '718', '379', 'LGW', 'PVG', '01-16-17');
insert into Bid values ('233', '478', '692', 'LHR', 'PHX', '01-20-17');
insert into Bid values ('234', '403', '5588', 'LGW', 'LHR', '01-14-17');
insert into Bid values ('235', '546', '9924', 'LHR', 'PHX', '01-21-17');
insert into Bid values ('236', '103', '4248', 'LHR', 'SZX', '01-05-17');
insert into Bid values ('237', '685', '31', 'LHR', 'MIA', '01-24-17');
insert into Bid values ('238', '248', '4655', 'LGW', 'SHA', '01-01-17');
insert into Bid values ('239', '842', '9144', 'LHR', 'MAD', '01-08-17');
insert into Bid values ('240', '601', '6845', 'LHR', 'DEN', '01-31-17');
insert into Bid values ('241', '943', '8540', 'LHR', 'CAN', '01-03-17');
insert into Bid values ('242', '599', '9196', 'LHR', 'KMG', '01-07-17');
insert into Bid values ('243', '675', '3855', 'LHR', 'PEK', '01-14-17');
insert into Bid values ('244', '658', '4443', 'LGW', 'ORD', '01-24-17');
insert into Bid values ('245', '913', '3837', 'LHR', 'CTU', '01-22-17');
insert into Bid values ('246', '301', '8420', 'LGW', 'SZX', '01-24-17');
insert into Bid values ('247', '549', '4940', 'LHR', 'NRT', '01-30-17');
insert into Bid values ('248', '96', '6553', 'LGW', 'MNL', '01-21-17');
insert into Bid values ('249', '716', '3401', 'LHR', 'DEN', '01-24-17');
insert into Bid values ('250', '34', '3166', 'LHR', 'EWR', '01-22-17');
insert into Bid values ('251', '836', '5112', 'LGW', 'LGW', '01-08-17');
insert into Bid values ('252', '111', '8463', 'LHR', 'DEL', '01-15-17');
insert into Bid values ('253', '96', '3883', 'LHR', 'LHR', '01-27-17');
insert into Bid values ('254', '273', '1220', 'LGW', 'HND', '01-22-17');
insert into Bid values ('255', '548', '875', 'LGW', 'PHX', '01-23-17');
insert into Bid values ('256', '755', '1913', 'LGW', 'MNL', '01-23-17');
insert into Bid values ('257', '134', '4257', 'LGW', 'MUC', '01-23-17');
insert into Bid values ('258', '818', '6871', 'LHR', 'PEK', '01-11-17');
insert into Bid values ('259', '470', '8214', 'LGW', 'SIN', '01-21-17');
insert into Bid values ('260', '916', '7516', 'LGW', 'PHX', '01-10-17');
insert into Bid values ('261', '959', '5020', 'LHR', 'FRA', '01-07-17');
insert into Bid values ('262', '448', '9647', 'LGW', 'SHA', '01-26-17');
insert into Bid values ('263', '174', '3977', 'LHR', 'YYZ', '01-24-17');
insert into Bid values ('264', '232', '9305', 'LHR', 'FRA', '01-18-17');
insert into Bid values ('265', '317', '818', 'LHR', 'BOM', '01-22-17');
insert into Bid values ('266', '343', '6788', 'LHR', 'LGW', '01-01-17');
insert into Bid values ('267', '786', '8985', 'LGW', 'MIA', '01-07-17');
insert into Bid values ('268', '418', '1462', 'LGW', 'LHR', '01-09-17');
insert into Bid values ('269', '298', '2939', 'LGW', 'KMG', '01-09-17');
insert into Bid values ('270', '617', '8581', 'LGW', 'CAN', '01-14-17');
insert into Bid values ('271', '379', '3365', 'LGW', 'TSN', '01-24-17');
insert into Bid values ('272', '509', '6761', 'LGW', 'PEK', '01-02-17');
insert into Bid values ('273', '169', '8678', 'LGW', 'CTU', '01-23-17');
insert into Bid values ('274', '365', '9801', 'LGW', 'BOM', '01-26-17');
insert into Bid values ('275', '936', '7416', 'LGW', 'SIN', '01-20-17');
insert into Bid values ('276', '914', '2547', 'LGW', 'EWR', '01-24-17');
insert into Bid values ('277', '910', '3666', 'LGW', 'DEL', '01-10-17');
insert into Bid values ('278', '358', '4019', 'LHR', 'BKK', '01-22-17');
insert into Bid values ('279', '862', '3068', 'LGW', 'SIN', '01-31-17');
insert into Bid values ('280', '346', '6706', 'LGW', 'IAH', '01-04-17');
insert into Bid values ('281', '891', '6554', 'LHR', 'LGW', '01-28-17');
insert into Bid values ('282', '289', '4816', 'LHR', 'TPE', '01-30-17');
insert into Bid values ('283', '652', '6745', 'LGW', 'BKK', '01-04-17');
insert into Bid values ('284', '769', '3548', 'LHR', 'FRA', '01-23-17');
insert into Bid values ('285', '392', '1016', 'LHR', 'SIN', '01-25-17');
insert into Bid values ('286', '824', '6134', 'LGW', 'MIA', '01-30-17');
insert into Bid values ('287', '575', '1342', 'LHR', 'HND', '01-02-17');
insert into Bid values ('288', '655', '9467', 'LHR', 'SZX', '01-13-17');
insert into Bid values ('289', '820', '3277', 'LHR', 'CLT', '01-09-17');
insert into Bid values ('290', '571', '5868', 'LGW', 'CTU', '01-25-17');
insert into Bid values ('291', '58', '8395', 'LHR', 'FRA', '01-18-17');
insert into Bid values ('292', '599', '642', 'LGW', 'PVG', '01-12-17');
insert into Bid values ('293', '399', '9964', 'LHR', 'KMG', '01-19-17');
insert into Bid values ('294', '730', '4130', 'LGW', 'LHR', '01-14-17');
insert into Bid values ('295', '117', '5365', 'LGW', 'FRA', '01-22-17');
insert into Bid values ('296', '991', '7670', 'LGW', 'SIN', '01-11-17');
insert into Bid values ('297', '440', '1045', 'LHR', 'CTU', '01-04-17');
insert into Bid values ('298', '690', '845', 'LHR', 'SZX', '01-20-17');
insert into Bid values ('299', '346', '8399', 'LGW', 'ORD', '01-30-17');
insert into Bid values ('300', '740', '940', 'LHR', 'ORD', '01-12-17');
insert into Bid values ('301', '82', '4996', 'LHR', 'CLT', '01-07-17');
insert into Bid values ('302', '663', '3093', 'LGW', 'MUC', '01-23-17');
insert into Bid values ('303', '428', '2647', 'LGW', 'LHR', '01-25-17');
insert into Bid values ('304', '322', '2544', 'LGW', 'EWR', '01-26-17');
insert into Bid values ('305', '236', '3669', 'LGW', 'PHX', '01-30-17');
insert into Bid values ('306', '21', '8519', 'LHR', 'CTU', '01-15-17');
insert into Bid values ('307', '54', '2335', 'LHR', 'HND', '01-31-17');
insert into Bid values ('308', '842', '7615', 'LGW', 'EWR', '01-03-17');
insert into Bid values ('309', '728', '1394', 'LGW', 'SIN', '01-13-17');
insert into Bid values ('310', '876', '8832', 'LHR', 'MCO', '01-06-17');
insert into Bid values ('311', '540', '6121', 'LGW', 'TSN', '01-21-17');
insert into Bid values ('312', '166', '5333', 'LHR', 'BKK', '01-17-17');
insert into Bid values ('313', '333', '4975', 'LHR', 'CTU', '01-23-17');
insert into Bid values ('314', '748', '9720', 'LGW', 'CLT', '01-20-17');
insert into Bid values ('315', '680', '8880', 'LHR', 'LHR', '01-28-17');
insert into Bid values ('316', '198', '1132', 'LHR', 'TPE', '01-10-17');
insert into Bid values ('317', '183', '1517', 'LHR', 'HND', '01-25-17');
insert into Bid values ('318', '841', '2172', 'LHR', 'CTU', '01-11-17');
insert into Bid values ('319', '388', '799', 'LGW', 'TPE', '01-06-17');
insert into Bid values ('320', '379', '3292', 'LHR', 'ORD', '01-15-17');
insert into Bid values ('321', '234', '317', 'LHR', 'SZX', '01-14-17');
insert into Bid values ('322', '919', '9794', 'LGW', 'DEL', '01-17-17');
insert into Bid values ('323', '137', '6959', 'LHR', 'MIA', '01-18-17');
insert into Bid values ('324', '944', '6384', 'LGW', 'BOM', '01-11-17');
insert into Bid values ('325', '857', '17', 'LGW', 'BKK', '01-31-17');
insert into Bid values ('326', '445', '9708', 'LGW', 'SIN', '01-10-17');
insert into Bid values ('327', '507', '5969', 'LHR', 'MNL', '01-10-17');
insert into Bid values ('328', '129', '4215', 'LGW', 'IAH', '01-06-17');
insert into Bid values ('329', '0', '1226', 'LGW', 'TPE', '01-17-17');
insert into Bid values ('330', '218', '997', 'LHR', 'LGW', '01-30-17');
insert into Bid values ('331', '909', '944', 'LGW', 'CLT', '01-25-17');
insert into Bid values ('332', '177', '9232', 'LGW', 'ORD', '01-11-17');
insert into Bid values ('333', '741', '2239', 'LGW', 'PHX', '01-02-17');
insert into Bid values ('334', '100', '1312', 'LHR', 'MAD', '01-05-17');
insert into Bid values ('335', '849', '2304', 'LHR', 'MIA', '01-01-17');
insert into Bid values ('336', '50', '4617', 'LGW', 'LGW', '01-30-17');
insert into Bid values ('337', '714', '4624', 'LGW', 'MUC', '01-29-17');
insert into Bid values ('338', '600', '9851', 'LHR', 'IAH', '01-05-17');
insert into Bid values ('339', '322', '8963', 'LHR', 'TSN', '01-05-17');
insert into Bid values ('340', '780', '9104', 'LHR', 'MNL', '01-15-17');
insert into Bid values ('341', '54', '2508', 'LGW', 'TPE', '01-08-17');
insert into Bid values ('342', '328', '703', 'LHR', 'PHX', '01-26-17');
insert into Bid values ('343', '413', '588', 'LGW', 'MIA', '01-20-17');
insert into Bid values ('344', '39', '1432', 'LHR', 'IAH', '01-28-17');
insert into Bid values ('345', '173', '399', 'LHR', 'BOM', '01-24-17');
insert into Bid values ('346', '873', '6112', 'LHR', 'CTU', '01-03-17');
insert into Bid values ('347', '202', '3250', 'LGW', 'PVG', '01-24-17');
insert into Bid values ('348', '484', '7705', 'LGW', 'IAH', '01-22-17');
insert into Bid values ('349', '394', '2847', 'LHR', 'CTU', '01-21-17');
insert into Bid values ('350', '968', '9062', 'LGW', 'HND', '01-15-17');
insert into Bid values ('351', '681', '8849', 'LGW', 'KMG', '01-02-17');
insert into Bid values ('352', '500', '971', 'LHR', 'IAH', '01-13-17');
insert into Bid values ('353', '976', '9065', 'LHR', 'CTU', '01-25-17');
insert into Bid values ('354', '788', '9676', 'LHR', 'TSN', '01-14-17');
insert into Bid values ('355', '526', '7985', 'LGW', 'DEL', '01-09-17');
insert into Bid values ('356', '596', '948', 'LHR', 'ORD', '01-31-17');
insert into Bid values ('357', '658', '3868', 'LHR', 'TSN', '01-31-17');
insert into Bid values ('358', '620', '7434', 'LGW', 'HND', '01-12-17');
insert into Bid values ('359', '68', '1176', 'LGW', 'LHR', '01-23-17');
insert into Bid values ('360', '254', '3552', 'LGW', 'CTU', '01-03-17');
insert into Bid values ('361', '265', '4916', 'LHR', 'FRA', '01-29-17');
insert into Bid values ('362', '422', '5136', 'LHR', 'HND', '01-04-17');
insert into Bid values ('363', '834', '6983', 'LGW', 'DEL', '01-24-17');
insert into Bid values ('364', '525', '1093', 'LGW', 'PEK', '01-11-17');
insert into Bid values ('365', '716', '2564', 'LHR', 'MUC', '01-25-17');
insert into Bid values ('366', '957', '7372', 'LHR', 'HND', '01-21-17');
insert into Bid values ('367', '756', '9396', 'LHR', 'KMG', '01-20-17');
insert into Bid values ('368', '58', '3717', 'LHR', 'FRA', '01-04-17');
insert into Bid values ('369', '857', '746', 'LHR', 'LGW', '01-17-17');
insert into Bid values ('370', '133', '6154', 'LGW', 'ORD', '01-18-17');
insert into Bid values ('371', '576', '6982', 'LHR', 'PEK', '01-10-17');
insert into Bid values ('372', '241', '8166', 'LGW', 'CAN', '01-07-17');
insert into Bid values ('373', '839', '7299', 'LGW', 'KMG', '01-05-17');
insert into Bid values ('374', '62', '2590', 'LHR', 'BOM', '01-10-17');
insert into Bid values ('375', '805', '7929', 'LHR', 'IAH', '01-01-17');
insert into Bid values ('376', '764', '8092', 'LGW', 'MNL', '01-15-17');
insert into Bid values ('377', '921', '8897', 'LGW', 'CAN', '01-29-17');
insert into Bid values ('378', '804', '1808', 'LGW', 'MIA', '01-26-17');
insert into Bid values ('379', '548', '2372', 'LGW', 'HND', '01-29-17');
insert into Bid values ('380', '93', '5506', 'LHR', 'LGW', '01-11-17');
insert into Bid values ('381', '652', '7619', 'LGW', 'EWR', '01-07-17');
insert into Bid values ('382', '286', '3826', 'LGW', 'BOM', '01-11-17');
insert into Bid values ('383', '818', '4070', 'LGW', 'EWR', '01-19-17');
insert into Bid values ('384', '578', '1779', 'LGW', 'LGW', '01-18-17');
insert into Bid values ('385', '170', '5587', 'LHR', 'MIA', '01-15-17');
insert into Bid values ('386', '914', '7679', 'LGW', 'BKK', '01-25-17');
insert into Bid values ('387', '445', '2184', 'LHR', 'PHX', '01-06-17');
insert into Bid values ('388', '223', '9626', 'LGW', 'MIA', '01-02-17');
insert into Bid values ('389', '330', '9061', 'LGW', 'FRA', '01-05-17');
insert into Bid values ('390', '525', '7024', 'LHR', 'BKK', '01-29-17');
insert into Bid values ('391', '128', '9251', 'LHR', 'KMG', '01-28-17');
insert into Bid values ('392', '286', '2717', 'LGW', 'PHX', '01-29-17');
insert into Bid values ('393', '617', '1353', 'LGW', 'PEK', '01-31-17');
insert into Bid values ('394', '691', '70', 'LHR', 'MIA', '01-02-17');
insert into Bid values ('395', '919', '5627', 'LGW', 'MNL', '01-31-17');
insert into Bid values ('396', '607', '9576', 'LGW', 'MIA', '01-26-17');
insert into Bid values ('397', '131', '8643', 'LHR', 'CTU', '01-25-17');
insert into Bid values ('398', '697', '4806', 'LGW', 'BOM', '01-31-17');
insert into Bid values ('399', '807', '8264', 'LHR', 'LGW', '01-31-17');
insert into Bid values ('400', '447', '3727', 'LGW', 'BKK', '01-23-17');
insert into Bid values ('401', '425', '3715', 'LHR', 'SIN', '01-16-17');
insert into Bid values ('402', '981', '5508', 'LHR', 'CAN', '01-24-17');
insert into Bid values ('403', '298', '5076', 'LGW', 'SIN', '01-27-17');
insert into Bid values ('404', '363', '9241', 'LGW', 'PHX', '01-05-17');
insert into Bid values ('405', '248', '830', 'LHR', 'MIA', '01-22-17');
insert into Bid values ('406', '920', '8655', 'LGW', 'BOM', '01-03-17');
insert into Bid values ('407', '83', '8363', 'LHR', 'BKK', '01-26-17');
insert into Bid values ('408', '686', '3497', 'LHR', 'MNL', '01-14-17');
insert into Bid values ('409', '393', '7295', 'LHR', 'MCO', '01-01-17');
insert into Bid values ('410', '435', '3826', 'LGW', 'IAH', '01-29-17');
insert into Bid values ('411', '316', '573', 'LGW', 'MIA', '01-02-17');
insert into Bid values ('412', '508', '5979', 'LGW', 'BOM', '01-04-17');
insert into Bid values ('413', '628', '4810', 'LGW', 'BOM', '01-13-17');
insert into Bid values ('414', '768', '8298', 'LGW', 'EWR', '01-18-17');
insert into Bid values ('415', '673', '8549', 'LHR', 'MNL', '01-18-17');
insert into Bid values ('416', '338', '8552', 'LGW', 'MIA', '01-25-17');
insert into Bid values ('417', '530', '5429', 'LGW', 'NRT', '01-24-17');
insert into Bid values ('418', '645', '1242', 'LHR', 'NRT', '01-29-17');
insert into Bid values ('419', '355', '2463', 'LGW', 'MAD', '01-31-17');
insert into Bid values ('420', '764', '6750', 'LGW', 'IAH', '01-07-17');
insert into Bid values ('421', '267', '7959', 'LHR', 'SHA', '01-13-17');
insert into Bid values ('422', '484', '9090', 'LGW', 'TPE', '01-07-17');
insert into Bid values ('423', '377', '2775', 'LGW', 'CTU', '01-06-17');
insert into Bid values ('424', '364', '4163', 'LGW', 'MUC', '01-14-17');
insert into Bid values ('425', '70', '7310', 'LGW', 'TPE', '01-26-17');
insert into Bid values ('426', '366', '2111', 'LHR', 'MAD', '01-15-17');
insert into Bid values ('427', '627', '9850', 'LHR', 'CAN', '01-08-17');
insert into Bid values ('428', '45', '2415', 'LHR', 'SIN', '01-08-17');
insert into Bid values ('429', '435', '6205', 'LGW', 'CTU', '01-31-17');
insert into Bid values ('430', '127', '4946', 'LGW', 'PVG', '01-09-17');
insert into Bid values ('431', '382', '3030', 'LHR', 'MCO', '01-24-17');
insert into Bid values ('432', '145', '4615', 'LGW', 'SHA', '01-02-17');
insert into Bid values ('433', '808', '5161', 'LGW', 'BOM', '01-05-17');
insert into Bid values ('434', '411', '5836', 'LHR', 'BKK', '01-21-17');
insert into Bid values ('435', '200', '2316', 'LHR', 'LGW', '01-02-17');
insert into Bid values ('436', '306', '1507', 'LHR', 'TSN', '01-04-17');
insert into Bid values ('437', '43', '2591', 'LGW', 'LHR', '01-11-17');
insert into Bid values ('438', '697', '6695', 'LGW', 'MCO', '01-15-17');
insert into Bid values ('439', '394', '6278', 'LGW', 'DEL', '01-05-17');
insert into Bid values ('440', '934', '5578', 'LGW', 'TPE', '01-06-17');
insert into Bid values ('441', '240', '6834', 'LGW', 'MUC', '01-14-17');
insert into Bid values ('442', '852', '2042', 'LHR', 'KMG', '01-05-17');
insert into Bid values ('443', '889', '2238', 'LHR', 'IAH', '01-27-17');
insert into Bid values ('444', '713', '856', 'LGW', 'EWR', '01-03-17');
insert into Bid values ('445', '256', '8186', 'LHR', 'PHX', '01-26-17');
insert into Bid values ('446', '8', '8228', 'LGW', 'MIA', '01-29-17');
insert into Bid values ('447', '496', '226', 'LHR', 'NRT', '01-10-17');
insert into Bid values ('448', '356', '9442', 'LGW', 'BKK', '01-14-17');
insert into Bid values ('449', '981', '8345', 'LGW', 'NRT', '01-09-17');
insert into Bid values ('450', '325', '9439', 'LHR', 'LHR', '01-16-17');
insert into Bid values ('451', '826', '6790', 'LGW', 'SHA', '01-09-17');
insert into Bid values ('452', '124', '5241', 'LHR', 'NRT', '01-14-17');
insert into Bid values ('453', '825', '6333', 'LHR', 'MNL', '01-26-17');
insert into Bid values ('454', '627', '7203', 'LGW', 'CTU', '01-06-17');
insert into Bid values ('455', '907', '2034', 'LGW', 'FRA', '01-12-17');
insert into Bid values ('456', '165', '8197', 'LGW', 'MNL', '01-09-17');
insert into Bid values ('457', '302', '6278', 'LHR', 'MCO', '01-10-17');
insert into Bid values ('458', '812', '8649', 'LGW', 'CLT', '01-27-17');
insert into Bid values ('459', '649', '90', 'LGW', 'LHR', '01-07-17');
insert into Bid values ('460', '14', '1606', 'LHR', 'BKK', '01-03-17');
insert into Bid values ('461', '637', '5277', 'LGW', 'PHX', '01-05-17');
insert into Bid values ('462', '323', '8666', 'LGW', 'EWR', '01-08-17');
insert into Bid values ('463', '272', '8692', 'LGW', 'MAD', '01-01-17');
insert into Bid values ('464', '420', '129', 'LHR', 'YYZ', '01-02-17');
insert into Bid values ('465', '700', '4129', 'LHR', 'MIA', '01-07-17');
insert into Bid values ('466', '0', '7011', 'LGW', 'BOM', '01-06-17');
insert into Bid values ('467', '749', '4309', 'LHR', 'PHX', '01-23-17');
insert into Bid values ('468', '83', '5175', 'LGW', 'NRT', '01-06-17');
insert into Bid values ('469', '676', '2824', 'LHR', 'KMG', '01-20-17');
insert into Bid values ('470', '37', '1123', 'LHR', 'IAH', '01-10-17');
insert into Bid values ('471', '196', '3254', 'LHR', 'MIA', '01-10-17');
insert into Bid values ('472', '165', '9116', 'LGW', 'NRT', '01-10-17');
insert into Bid values ('473', '735', '7103', 'LHR', 'LHR', '01-21-17');
insert into Bid values ('474', '341', '7426', 'LGW', 'SZX', '01-27-17');
insert into Bid values ('475', '666', '9455', 'LHR', 'MIA', '01-10-17');
insert into Bid values ('476', '597', '6807', 'LGW', 'CTU', '01-10-17');
insert into Bid values ('477', '616', '5474', 'LHR', 'SHA', '01-21-17');
insert into Bid values ('478', '102', '8365', 'LGW', 'ORD', '01-02-17');
insert into Bid values ('479', '255', '170', 'LGW', 'BOM', '01-11-17');
insert into Bid values ('480', '117', '9436', 'LHR', 'DME', '01-16-17');
insert into Bid values ('481', '122', '2009', 'LGW', 'MNL', '01-07-17');
insert into Bid values ('482', '597', '4573', 'LGW', 'YYZ', '01-11-17');
insert into Bid values ('483', '36', '6676', 'LGW', 'MIA', '01-08-17');
insert into Bid values ('484', '836', '5506', 'LGW', 'EWR', '01-26-17');
insert into Bid values ('485', '600', '3348', 'LHR', 'CTU', '01-30-17');
insert into Bid values ('486', '685', '4494', 'LHR', 'LHR', '01-10-17');
insert into Bid values ('487', '375', '4182', 'LGW', 'NRT', '01-24-17');
insert into Bid values ('488', '471', '7547', 'LGW', 'SIN', '01-30-17');
insert into Bid values ('489', '357', '3704', 'LGW', 'CAN', '01-12-17');
insert into Bid values ('490', '433', '8969', 'LHR', 'SHA', '01-20-17');
insert into Bid values ('491', '685', '7068', 'LHR', 'DEN', '01-03-17');
insert into Bid values ('492', '826', '4764', 'LHR', 'TPE', '01-21-17');
insert into Bid values ('493', '952', '6666', 'LGW', 'TSN', '01-26-17');
insert into Bid values ('494', '462', '8798', 'LGW', 'SHA', '01-09-17');
insert into Bid values ('495', '694', '1078', 'LHR', 'PVG', '01-03-17');
insert into Bid values ('496', '109', '3311', 'LGW', 'LGW', '01-31-17');
insert into Bid values ('497', '530', '4586', 'LHR', 'SHA', '01-08-17');
insert into Bid values ('498', '848', '9473', 'LGW', 'NRT', '01-28-17');
insert into Bid values ('499', '100', '1182', 'LGW', 'MUC', '01-09-17');
insert into Bid values ('500', '178', '3544', 'LGW', 'ORD', '01-08-17');
insert into Bid values ('501', '220', '5260', 'LHR', 'SZX', '01-07-17');
insert into Bid values ('502', '376', '6602', 'LGW', 'DEN', '01-03-17');
insert into Bid values ('503', '716', '8616', 'LHR', 'ORD', '01-17-17');
insert into Bid values ('504', '925', '5596', 'LHR', 'DEL', '01-07-17');
insert into Bid values ('505', '726', '5061', 'LGW', 'DEN', '01-03-17');
insert into Bid values ('506', '752', '6995', 'LHR', 'LGW', '01-21-17');
insert into Bid values ('507', '924', '5726', 'LGW', 'SHA', '01-21-17');
insert into Bid values ('508', '105', '232', 'LHR', 'ORD', '01-13-17');
insert into Bid values ('509', '869', '4645', 'LGW', 'LHR', '01-31-17');
insert into Bid values ('510', '45', '8343', 'LGW', 'CTU', '01-10-17');
insert into Bid values ('511', '248', '1552', 'LHR', 'MNL', '01-04-17');
insert into Bid values ('512', '642', '404', 'LGW', 'BOM', '01-07-17');
insert into Bid values ('513', '634', '8833', 'LGW', 'LGW', '01-23-17');
insert into Bid values ('514', '273', '1982', 'LGW', 'CLT', '01-31-17');
insert into Bid values ('515', '232', '6401', 'LGW', 'SIN', '01-01-17');
insert into Bid values ('516', '474', '9861', 'LHR', 'MCO', '01-27-17');
insert into Bid values ('517', '430', '6549', 'LHR', 'SZX', '01-31-17');
insert into Bid values ('518', '301', '4639', 'LGW', 'PVG', '01-20-17');
insert into Bid values ('519', '709', '2489', 'LGW', 'DEN', '01-06-17');
insert into Bid values ('520', '551', '1516', 'LGW', 'SIN', '01-20-17');
insert into Bid values ('521', '503', '484', 'LGW', 'MIA', '01-03-17');
insert into Bid values ('522', '590', '2631', 'LHR', 'HND', '01-06-17');
insert into Bid values ('523', '283', '841', 'LHR', 'DME', '01-05-17');
insert into Bid values ('524', '292', '9989', 'LHR', 'CTU', '01-24-17');
insert into Bid values ('525', '344', '5314', 'LGW', 'PHX', '01-08-17');
insert into Bid values ('526', '379', '8696', 'LHR', 'MUC', '01-20-17');
insert into Bid values ('527', '923', '9132', 'LGW', 'DEN', '01-08-17');
insert into Bid values ('528', '560', '333', 'LGW', 'TSN', '01-22-17');
insert into Bid values ('529', '509', '460', 'LHR', 'HND', '01-27-17');
insert into Bid values ('530', '629', '1639', 'LGW', 'MAD', '01-16-17');
insert into Bid values ('531', '451', '5615', 'LGW', 'MAD', '01-02-17');
insert into Bid values ('532', '588', '3255', 'LHR', 'SZX', '01-05-17');
insert into Bid values ('533', '411', '4053', 'LHR', 'PVG', '01-17-17');
insert into Bid values ('534', '658', '6435', 'LGW', 'SZX', '01-03-17');
insert into Bid values ('535', '145', '8455', 'LHR', 'DEL', '01-09-17');
insert into Bid values ('536', '871', '2266', 'LHR', 'ORD', '01-11-17');
insert into Bid values ('537', '412', '4841', 'LGW', 'DME', '01-19-17');
insert into Bid values ('538', '739', '633', 'LHR', 'FRA', '01-09-17');
insert into Bid values ('539', '532', '7493', 'LGW', 'PEK', '01-20-17');
insert into Bid values ('540', '367', '2715', 'LHR', 'PVG', '01-13-17');
insert into Bid values ('541', '429', '4929', 'LGW', 'MUC', '01-29-17');
insert into Bid values ('542', '643', '5429', 'LHR', 'CLT', '01-15-17');
insert into Bid values ('543', '558', '6241', 'LHR', 'IAH', '01-03-17');
insert into Bid values ('544', '212', '8512', 'LHR', 'MAD', '01-26-17');
insert into Bid values ('545', '101', '7150', 'LHR', 'MIA', '01-22-17');
insert into Bid values ('546', '3', '4759', 'LGW', 'KMG', '01-04-17');
insert into Bid values ('547', '851', '6252', 'LGW', 'TSN', '01-20-17');
insert into Bid values ('548', '802', '1941', 'LGW', 'LHR', '01-03-17');
insert into Bid values ('549', '863', '8191', 'LHR', 'DEN', '01-02-17');
insert into Bid values ('550', '319', '5156', 'LHR', 'ORD', '01-09-17');
insert into Bid values ('551', '163', '5379', 'LHR', 'MCO', '01-26-17');
insert into Bid values ('552', '757', '4857', 'LHR', 'MNL', '01-28-17');
insert into Bid values ('553', '810', '3638', 'LGW', 'PVG', '01-06-17');
insert into Bid values ('554', '533', '4100', 'LHR', 'YYZ', '01-29-17');
insert into Bid values ('555', '816', '8899', 'LGW', 'LGW', '01-27-17');
insert into Bid values ('556', '525', '2156', 'LGW', 'CTU', '01-28-17');
insert into Bid values ('557', '159', '1809', 'LHR', 'TPE', '01-09-17');
insert into Bid values ('558', '140', '8581', 'LHR', 'SHA', '01-20-17');
insert into Bid values ('559', '666', '5621', 'LGW', 'SHA', '01-01-17');
insert into Bid values ('560', '645', '3753', 'LHR', 'SZX', '01-17-17');
insert into Bid values ('561', '88', '992', 'LHR', 'YYZ', '01-30-17');
insert into Bid values ('562', '364', '6700', 'LHR', 'MNL', '01-25-17');
insert into Bid values ('563', '283', '8578', 'LGW', 'FRA', '01-15-17');
insert into Bid values ('564', '623', '9715', 'LHR', 'SIN', '01-22-17');
insert into Bid values ('565', '890', '9510', 'LHR', 'PEK', '01-14-17');
insert into Bid values ('566', '537', '9447', 'LHR', 'CTU', '01-23-17');
insert into Bid values ('567', '403', '7097', 'LGW', 'DME', '01-10-17');
insert into Bid values ('568', '619', '977', 'LGW', 'HND', '01-12-17');
insert into Bid values ('569', '779', '6620', 'LGW', 'SHA', '01-13-17');
insert into Bid values ('570', '795', '3663', 'LHR', 'CLT', '01-31-17');
insert into Bid values ('571', '244', '2669', 'LHR', 'MAD', '01-31-17');
insert into Bid values ('572', '593', '8271', 'LHR', 'HND', '01-13-17');
insert into Bid values ('573', '789', '8065', 'LHR', 'YYZ', '01-05-17');
insert into Bid values ('574', '636', '6390', 'LHR', 'YYZ', '01-21-17');
insert into Bid values ('575', '576', '3537', 'LHR', 'LGW', '01-31-17');
insert into Bid values ('576', '964', '8240', 'LGW', 'CAN', '01-02-17');
insert into Bid values ('577', '467', '6673', 'LHR', 'FRA', '01-11-17');
insert into Bid values ('578', '377', '7463', 'LGW', 'PVG', '01-15-17');
insert into Bid values ('579', '768', '1185', 'LHR', 'DME', '01-01-17');
insert into Bid values ('580', '70', '1206', 'LHR', 'FRA', '01-09-17');
insert into Bid values ('581', '849', '6543', 'LGW', 'HND', '01-14-17');
insert into Bid values ('582', '469', '2302', 'LHR', 'BOM', '01-28-17');
insert into Bid values ('583', '373', '9050', 'LGW', 'MNL', '01-05-17');
insert into Bid values ('584', '809', '8802', 'LGW', 'EWR', '01-21-17');
insert into Bid values ('585', '53', '4688', 'LHR', 'CAN', '01-20-17');
insert into Bid values ('586', '107', '1913', 'LGW', 'YYZ', '01-06-17');
insert into Bid values ('587', '178', '8885', 'LHR', 'CLT', '01-20-17');
insert into Bid values ('588', '279', '7421', 'LHR', 'BKK', '01-18-17');
insert into Bid values ('589', '313', '5409', 'LGW', 'DEL', '01-09-17');
insert into Bid values ('590', '230', '5203', 'LHR', 'NRT', '01-17-17');
insert into Bid values ('591', '569', '5028', 'LHR', 'CLT', '01-26-17');
insert into Bid values ('592', '142', '400', 'LHR', 'LGW', '01-23-17');
insert into Bid values ('593', '517', '8862', 'LHR', 'PHX', '01-12-17');
insert into Bid values ('594', '137', '1699', 'LGW', 'BOM', '01-09-17');
insert into Bid values ('595', '89', '7118', 'LHR', 'IAH', '01-08-17');
insert into Bid values ('596', '847', '8632', 'LHR', 'MUC', '01-28-17');
insert into Bid values ('597', '65', '1259', 'LHR', 'BKK', '01-05-17');
insert into Bid values ('598', '530', '6216', 'LHR', 'SZX', '01-03-17');
insert into Bid values ('599', '455', '2635', 'LGW', 'KMG', '01-04-17');
insert into Bid values ('600', '33', '5803', 'LGW', 'PHX', '01-12-17');
insert into Bid values ('601', '627', '7782', 'LGW', 'SZX', '01-17-17');
insert into Bid values ('602', '629', '1180', 'LGW', 'SZX', '01-10-17');
insert into Bid values ('603', '610', '1351', 'LGW', 'IAH', '01-03-17');
insert into Bid values ('604', '938', '3065', 'LGW', 'SZX', '01-22-17');
insert into Bid values ('605', '156', '8871', 'LGW', 'TSN', '01-18-17');
insert into Bid values ('606', '597', '6377', 'LHR', 'LHR', '01-02-17');
insert into Bid values ('607', '221', '769', 'LGW', 'YYZ', '01-28-17');
insert into Bid values ('608', '844', '9602', 'LHR', 'TPE', '01-29-17');
insert into Bid values ('609', '820', '1252', 'LGW', 'SHA', '01-04-17');
insert into Bid values ('610', '318', '9802', 'LGW', 'KMG', '01-03-17');
insert into Bid values ('611', '458', '6402', 'LGW', 'MCO', '01-08-17');
insert into Bid values ('612', '868', '7451', 'LGW', 'SIN', '01-30-17');
insert into Bid values ('613', '800', '1757', 'LHR', 'DEN', '01-20-17');
insert into Bid values ('614', '558', '532', 'LHR', 'CAN', '01-05-17');
insert into Bid values ('615', '137', '3621', 'LHR', 'NRT', '01-04-17');
insert into Bid values ('616', '610', '4581', 'LGW', 'SIN', '01-09-17');
insert into Bid values ('617', '720', '6380', 'LGW', 'MNL', '01-14-17');
insert into Bid values ('618', '593', '1179', 'LHR', 'SZX', '01-03-17');
insert into Bid values ('619', '165', '4010', 'LHR', 'TPE', '01-05-17');
insert into Bid values ('620', '535', '5663', 'LGW', 'DEN', '01-05-17');
insert into Bid values ('621', '756', '772', 'LGW', 'ORD', '01-30-17');
insert into Bid values ('622', '737', '8729', 'LGW', 'EWR', '01-23-17');
insert into Bid values ('623', '889', '7828', 'LHR', 'DME', '01-20-17');
insert into Bid values ('624', '992', '795', 'LGW', 'MCO', '01-27-17');
insert into Bid values ('625', '726', '9829', 'LGW', 'FRA', '01-31-17');
insert into Bid values ('626', '422', '2779', 'LGW', 'PHX', '01-26-17');
insert into Bid values ('627', '221', '3246', 'LHR', 'SHA', '01-15-17');
insert into Bid values ('628', '579', '7653', 'LGW', 'PVG', '01-17-17');
insert into Bid values ('629', '15', '7397', 'LHR', 'EWR', '01-06-17');
insert into Bid values ('630', '660', '9849', 'LGW', 'EWR', '01-12-17');
insert into Bid values ('631', '286', '2224', 'LGW', 'NRT', '01-13-17');
insert into Bid values ('632', '110', '4323', 'LHR', 'PVG', '01-06-17');
insert into Bid values ('633', '621', '777', 'LGW', 'PEK', '01-29-17');
insert into Bid values ('634', '353', '2893', 'LHR', 'DEL', '01-14-17');
insert into Bid values ('635', '450', '5391', 'LHR', 'MIA', '01-06-17');
insert into Bid values ('636', '601', '3166', 'LHR', 'FRA', '01-19-17');
insert into Bid values ('637', '858', '3655', 'LGW', 'CTU', '01-10-17');
insert into Bid values ('638', '505', '7301', 'LGW', 'MCO', '01-26-17');
insert into Bid values ('639', '940', '9576', 'LGW', 'MAD', '01-08-17');
insert into Bid values ('640', '809', '6485', 'LHR', 'LHR', '01-10-17');
insert into Bid values ('641', '275', '1242', 'LHR', 'LHR', '01-18-17');
insert into Bid values ('642', '48', '9439', 'LHR', 'YYZ', '01-29-17');
insert into Bid values ('643', '412', '3165', 'LHR', 'DME', '01-07-17');
insert into Bid values ('644', '414', '9281', 'LHR', 'CTU', '01-14-17');
insert into Bid values ('645', '17', '8865', 'LHR', 'LGW', '01-12-17');
insert into Bid values ('646', '614', '5425', 'LGW', 'MIA', '01-18-17');
insert into Bid values ('647', '496', '8595', 'LGW', 'MUC', '01-08-17');
insert into Bid values ('648', '511', '294', 'LGW', 'CAN', '01-17-17');
insert into Bid values ('649', '785', '8030', 'LHR', 'MUC', '01-09-17');
insert into Bid values ('650', '75', '8763', 'LGW', 'MCO', '01-24-17');
insert into Bid values ('651', '708', '3724', 'LGW', 'LGW', '01-17-17');
insert into Bid values ('652', '858', '446', 'LGW', 'MIA', '01-23-17');
insert into Bid values ('653', '626', '5812', 'LHR', 'YYZ', '01-06-17');
insert into Bid values ('654', '23', '5127', 'LGW', 'CAN', '01-24-17');
insert into Bid values ('655', '353', '120', 'LHR', 'CLT', '01-01-17');
insert into Bid values ('656', '241', '2332', 'LHR', 'BOM', '01-17-17');
insert into Bid values ('657', '255', '5366', 'LGW', 'LHR', '01-08-17');
insert into Bid values ('658', '922', '4433', 'LGW', 'LGW', '01-13-17');
insert into Bid values ('659', '298', '8168', 'LGW', 'FRA', '01-31-17');
insert into Bid values ('660', '65', '2585', 'LHR', 'TSN', '01-12-17');
insert into Bid values ('661', '800', '4503', 'LGW', 'NRT', '01-28-17');
insert into Bid values ('662', '609', '3688', 'LHR', 'SHA', '01-15-17');
insert into Bid values ('663', '551', '4838', 'LGW', 'CLT', '01-09-17');
insert into Bid values ('664', '299', '9943', 'LHR', 'IAH', '01-24-17');
insert into Bid values ('665', '144', '2229', 'LGW', 'ORD', '01-17-17');
insert into Bid values ('666', '595', '8397', 'LGW', 'NRT', '01-19-17');
insert into Bid values ('667', '644', '8031', 'LHR', 'CTU', '01-07-17');
insert into Bid values ('668', '567', '6631', 'LGW', 'NRT', '01-27-17');
insert into Bid values ('669', '67', '7581', 'LHR', 'TPE', '01-06-17');
insert into Bid values ('670', '767', '2214', 'LHR', 'KMG', '01-21-17');
insert into Bid values ('671', '857', '5959', 'LGW', 'SZX', '01-14-17');
insert into Bid values ('672', '66', '8647', 'LHR', 'IAH', '01-16-17');
insert into Bid values ('673', '165', '7977', 'LGW', 'KMG', '01-16-17');
insert into Bid values ('674', '4', '5544', 'LGW', 'BOM', '01-18-17');
insert into Bid values ('675', '660', '1572', 'LGW', 'LHR', '01-19-17');
insert into Bid values ('676', '663', '4440', 'LGW', 'CLT', '01-29-17');
insert into Bid values ('677', '355', '6060', 'LHR', 'ORD', '01-19-17');
insert into Bid values ('678', '606', '8315', 'LGW', 'ORD', '01-23-17');
insert into Bid values ('679', '511', '6510', 'LHR', 'TSN', '01-17-17');
insert into Bid values ('680', '517', '8527', 'LGW', 'ORD', '01-08-17');
insert into Bid values ('681', '50', '5726', 'LGW', 'BKK', '01-17-17');
insert into Bid values ('682', '847', '9932', 'LHR', 'IAH', '01-18-17');
insert into Bid values ('683', '585', '3590', 'LGW', 'PHX', '01-16-17');
insert into Bid values ('684', '211', '22', 'LHR', 'SIN', '01-13-17');
insert into Bid values ('685', '651', '5361', 'LGW', 'MNL', '01-30-17');
insert into Bid values ('686', '121', '3047', 'LHR', 'SIN', '01-07-17');
insert into Bid values ('687', '65', '8638', 'LGW', 'MUC', '01-26-17');
insert into Bid values ('688', '158', '6808', 'LHR', 'SHA', '01-12-17');
insert into Bid values ('689', '236', '424', 'LGW', 'ORD', '01-19-17');
insert into Bid values ('690', '444', '269', 'LGW', 'LHR', '01-10-17');
insert into Bid values ('691', '947', '629', 'LGW', 'KMG', '01-26-17');
insert into Bid values ('692', '255', '1329', 'LGW', 'MNL', '01-25-17');
insert into Bid values ('693', '333', '4357', 'LHR', 'DME', '01-27-17');
insert into Bid values ('694', '12', '4926', 'LGW', 'YYZ', '01-22-17');
insert into Bid values ('695', '362', '6668', 'LHR', 'MNL', '01-25-17');
insert into Bid values ('696', '791', '4499', 'LGW', 'SHA', '01-18-17');
insert into Bid values ('697', '873', '7298', 'LGW', 'LGW', '01-01-17');
insert into Bid values ('698', '507', '9623', 'LGW', 'MNL', '01-10-17');
insert into Bid values ('699', '494', '4611', 'LGW', 'MCO', '01-29-17');
insert into Bid values ('700', '843', '6004', 'LGW', 'PEK', '01-21-17');
insert into Bid values ('701', '207', '5434', 'LHR', 'MAD', '01-19-17');
insert into Bid values ('702', '909', '9345', 'LHR', 'DEL', '01-10-17');
insert into Bid values ('703', '370', '4554', 'LHR', 'TPE', '01-29-17');
insert into Bid values ('704', '714', '2205', 'LHR', 'LGW', '01-11-17');
insert into Bid values ('705', '749', '5402', 'LGW', 'MNL', '01-09-17');
insert into Bid values ('706', '861', '71', 'LHR', 'IAH', '01-20-17');
insert into Bid values ('707', '879', '7686', 'LHR', 'MAD', '01-13-17');
insert into Bid values ('708', '0', '7467', 'LHR', 'MNL', '01-23-17');
insert into Bid values ('709', '195', '9381', 'LGW', 'NRT', '01-19-17');
insert into Bid values ('710', '116', '6182', 'LHR', 'TSN', '01-15-17');
insert into Bid values ('711', '723', '9783', 'LHR', 'BOM', '01-03-17');
insert into Bid values ('712', '986', '4985', 'LHR', 'TSN', '01-24-17');
insert into Bid values ('713', '769', '9542', 'LGW', 'LHR', '01-02-17');
insert into Bid values ('714', '189', '7610', 'LGW', 'ORD', '01-28-17');
insert into Bid values ('715', '745', '1047', 'LHR', 'MCO', '01-25-17');
insert into Bid values ('716', '609', '2576', 'LGW', 'CLT', '01-27-17');
insert into Bid values ('717', '526', '8777', 'LHR', 'FRA', '01-03-17');
insert into Bid values ('718', '903', '8770', 'LGW', 'TSN', '01-21-17');
insert into Bid values ('719', '808', '1543', 'LGW', 'TPE', '01-11-17');
insert into Bid values ('720', '355', '8720', 'LHR', 'LGW', '01-25-17');
insert into Bid values ('721', '111', '1646', 'LGW', 'MIA', '01-24-17');
insert into Bid values ('722', '327', '9602', 'LGW', 'KMG', '01-06-17');
insert into Bid values ('723', '986', '6515', 'LGW', 'YYZ', '01-01-17');
insert into Bid values ('724', '733', '2956', 'LGW', 'IAH', '01-09-17');
insert into Bid values ('725', '363', '3196', 'LGW', 'DEL', '01-20-17');
insert into Bid values ('726', '43', '4730', 'LGW', 'DEN', '01-10-17');
insert into Bid values ('727', '388', '318', 'LHR', 'MNL', '01-04-17');
insert into Bid values ('728', '882', '9132', 'LGW', 'MCO', '01-19-17');
insert into Bid values ('729', '231', '319', 'LGW', 'MCO', '01-26-17');
insert into Bid values ('730', '869', '5708', 'LGW', 'MNL', '01-17-17');
insert into Bid values ('731', '326', '4246', 'LGW', 'NRT', '01-30-17');
insert into Bid values ('732', '66', '8768', 'LGW', 'PVG', '01-31-17');
insert into Bid values ('733', '936', '8386', 'LGW', 'NRT', '01-24-17');
insert into Bid values ('734', '577', '8090', 'LHR', 'SHA', '01-18-17');
insert into Bid values ('735', '168', '5823', 'LHR', 'IAH', '01-10-17');
insert into Bid values ('736', '505', '8634', 'LGW', 'CTU', '01-01-17');
insert into Bid values ('737', '762', '6360', 'LHR', 'CAN', '01-29-17');
insert into Bid values ('738', '89', '6067', 'LGW', 'SHA', '01-22-17');
insert into Bid values ('739', '177', '9555', 'LHR', 'YYZ', '01-25-17');
insert into Bid values ('740', '465', '3507', 'LHR', 'MNL', '01-03-17');
insert into Bid values ('741', '328', '2963', 'LGW', 'SHA', '01-21-17');
insert into Bid values ('742', '753', '9653', 'LGW', 'IAH', '01-20-17');
insert into Bid values ('743', '882', '6864', 'LHR', 'LHR', '01-25-17');
insert into Bid values ('744', '768', '4858', 'LGW', 'ORD', '01-03-17');
insert into Bid values ('745', '638', '4270', 'LHR', 'EWR', '01-21-17');
insert into Bid values ('746', '518', '1482', 'LHR', 'FRA', '01-24-17');
insert into Bid values ('747', '428', '7288', 'LGW', 'BOM', '01-21-17');
insert into Bid values ('748', '119', '4078', 'LGW', 'MUC', '01-02-17');
insert into Bid values ('749', '249', '9029', 'LGW', 'DEN', '01-28-17');
insert into Bid values ('750', '818', '154', 'LHR', 'TSN', '01-25-17');
insert into Bid values ('751', '986', '1784', 'LHR', 'LGW', '01-14-17');
insert into Bid values ('752', '431', '4804', 'LHR', 'LGW', '01-17-17');
insert into Bid values ('753', '924', '4698', 'LHR', 'TSN', '01-05-17');
insert into Bid values ('754', '560', '9148', 'LGW', 'ORD', '01-07-17');
insert into Bid values ('755', '396', '3020', 'LGW', 'IAH', '01-17-17');
insert into Bid values ('756', '462', '6887', 'LHR', 'BOM', '01-04-17');
insert into Bid values ('757', '482', '6762', 'LGW', 'NRT', '01-05-17');
insert into Bid values ('758', '296', '9731', 'LHR', 'CLT', '01-12-17');
insert into Bid values ('759', '990', '3966', 'LGW', 'PEK', '01-07-17');
insert into Bid values ('760', '474', '1570', 'LHR', 'PHX', '01-11-17');
insert into Bid values ('761', '965', '6164', 'LHR', 'MIA', '01-25-17');
insert into Bid values ('762', '642', '5505', 'LHR', 'SIN', '01-07-17');
insert into Bid values ('763', '210', '7649', 'LGW', 'MUC', '01-05-17');
insert into Bid values ('764', '226', '8092', 'LHR', 'PHX', '01-14-17');
insert into Bid values ('765', '464', '6097', 'LHR', 'EWR', '01-24-17');
insert into Bid values ('766', '96', '6329', 'LGW', 'CLT', '01-29-17');
insert into Bid values ('767', '556', '2517', 'LGW', 'TPE', '01-09-17');
insert into Bid values ('768', '863', '7418', 'LHR', 'SZX', '01-18-17');
insert into Bid values ('769', '545', '6691', 'LGW', 'LHR', '01-16-17');
insert into Bid values ('770', '719', '2101', 'LGW', 'MUC', '01-22-17');
insert into Bid values ('771', '77', '624', 'LHR', 'ORD', '01-19-17');
insert into Bid values ('772', '257', '8006', 'LHR', 'MNL', '01-30-17');
insert into Bid values ('773', '305', '6287', 'LHR', 'DEL', '01-03-17');
insert into Bid values ('774', '238', '752', 'LHR', 'CLT', '01-30-17');
insert into Bid values ('775', '305', '826', 'LGW', 'MUC', '01-16-17');
insert into Bid values ('776', '723', '6641', 'LGW', 'KMG', '01-22-17');
insert into Bid values ('777', '746', '9941', 'LGW', 'KMG', '01-20-17');
insert into Bid values ('778', '210', '1119', 'LHR', 'KMG', '01-17-17');
insert into Bid values ('779', '964', '2455', 'LGW', 'MAD', '01-06-17');
insert into Bid values ('780', '321', '4619', 'LGW', 'CTU', '01-24-17');
insert into Bid values ('781', '740', '3308', 'LGW', 'PEK', '01-27-17');
insert into Bid values ('782', '203', '3272', 'LGW', 'LGW', '01-30-17');
insert into Bid values ('783', '156', '2157', 'LHR', 'DME', '01-19-17');
insert into Bid values ('784', '493', '4004', 'LGW', 'FRA', '01-08-17');
insert into Bid values ('785', '662', '9851', 'LHR', 'DEN', '01-30-17');
insert into Bid values ('786', '558', '3461', 'LHR', 'YYZ', '01-27-17');
insert into Bid values ('787', '869', '4578', 'LGW', 'LHR', '01-23-17');
insert into Bid values ('788', '958', '2605', 'LHR', 'IAH', '01-13-17');
insert into Bid values ('789', '347', '4731', 'LHR', 'MIA', '01-23-17');
insert into Bid values ('790', '907', '7703', 'LGW', 'TPE', '01-19-17');
insert into Bid values ('791', '391', '4621', 'LHR', 'DME', '01-12-17');
insert into Bid values ('792', '194', '312', 'LHR', 'CTU', '01-29-17');
insert into Bid values ('793', '108', '2622', 'LHR', 'PEK', '01-03-17');
insert into Bid values ('794', '986', '4426', 'LGW', 'MCO', '01-02-17');
insert into Bid values ('795', '477', '6059', 'LGW', 'SHA', '01-21-17');
insert into Bid values ('796', '157', '6469', 'LHR', 'KMG', '01-17-17');
insert into Bid values ('797', '609', '2467', 'LHR', 'LHR', '01-12-17');
insert into Bid values ('798', '583', '7605', 'LHR', 'PHX', '01-19-17');
insert into Bid values ('799', '57', '3263', 'LGW', 'EWR', '01-23-17');
insert into Bid values ('800', '85', '5429', 'LHR', 'TSN', '01-26-17');
insert into Bid values ('801', '455', '6767', 'LGW', 'YYZ', '01-14-17');
insert into Bid values ('802', '36', '8941', 'LHR', 'BOM', '01-06-17');
insert into Bid values ('803', '937', '3045', 'LHR', 'HND', '01-26-17');
insert into Bid values ('804', '487', '2054', 'LHR', 'IAH', '01-20-17');
insert into Bid values ('805', '251', '6729', 'LHR', 'CLT', '01-23-17');
insert into Bid values ('806', '625', '1984', 'LGW', 'MCO', '01-12-17');
insert into Bid values ('807', '735', '1597', 'LHR', 'MNL', '01-25-17');
insert into Bid values ('808', '9', '6565', 'LHR', 'BOM', '01-31-17');
insert into Bid values ('809', '616', '6915', 'LGW', 'YYZ', '01-19-17');
insert into Bid values ('810', '739', '1147', 'LGW', 'TPE', '01-02-17');
insert into Bid values ('811', '371', '9073', 'LHR', 'NRT', '01-15-17');
insert into Bid values ('812', '734', '3357', 'LGW', 'EWR', '01-22-17');
insert into Bid values ('813', '344', '3456', 'LHR', 'CTU', '01-25-17');
insert into Bid values ('814', '334', '7312', 'LHR', 'CTU', '01-31-17');
insert into Bid values ('815', '943', '1157', 'LHR', 'BOM', '01-09-17');
insert into Bid values ('816', '944', '3445', 'LGW', 'LGW', '01-03-17');
insert into Bid values ('817', '511', '7697', 'LGW', 'LHR', '01-19-17');
insert into Bid values ('818', '554', '6893', 'LHR', 'DEN', '01-16-17');
insert into Bid values ('819', '41', '7744', 'LGW', 'PHX', '01-05-17');
insert into Bid values ('820', '738', '4418', 'LHR', 'HND', '01-10-17');
insert into Bid values ('821', '272', '5384', 'LGW', 'SHA', '01-06-17');
insert into Bid values ('822', '827', '2768', 'LHR', 'FRA', '01-20-17');
insert into Bid values ('823', '304', '9538', 'LGW', 'DEL', '01-19-17');
insert into Bid values ('824', '604', '3015', 'LGW', 'CLT', '01-05-17');
insert into Bid values ('825', '456', '7127', 'LHR', 'IAH', '01-09-17');
insert into Bid values ('826', '983', '5721', 'LHR', 'BOM', '01-03-17');
insert into Bid values ('827', '850', '9321', 'LHR', 'MCO', '01-13-17');
insert into Bid values ('828', '22', '9954', 'LGW', 'MNL', '01-04-17');
insert into Bid values ('829', '205', '9477', 'LGW', 'DEN', '01-02-17');
insert into Bid values ('830', '154', '2954', 'LGW', 'IAH', '01-03-17');
insert into Bid values ('831', '652', '115', 'LHR', 'MUC', '01-23-17');
insert into Bid values ('832', '994', '3272', 'LGW', 'ORD', '01-14-17');
insert into Bid values ('833', '885', '2096', 'LGW', 'DEL', '01-08-17');
insert into Bid values ('834', '335', '4316', 'LHR', 'MIA', '01-11-17');
insert into Bid values ('835', '893', '1166', 'LHR', 'YYZ', '01-01-17');
insert into Bid values ('836', '380', '3555', 'LGW', 'MNL', '01-27-17');
insert into Bid values ('837', '971', '7288', 'LGW', 'PVG', '01-09-17');
insert into Bid values ('838', '547', '3112', 'LGW', 'KMG', '01-06-17');
insert into Bid values ('839', '317', '4018', 'LHR', 'LHR', '01-22-17');
insert into Bid values ('840', '858', '9764', 'LGW', 'MCO', '01-18-17');
insert into Bid values ('841', '706', '2803', 'LHR', 'MNL', '01-06-17');
insert into Bid values ('842', '958', '2445', 'LHR', 'PHX', '01-28-17');
insert into Bid values ('843', '87', '6613', 'LHR', 'ORD', '01-16-17');
insert into Bid values ('844', '729', '4080', 'LGW', 'MCO', '01-28-17');
insert into Bid values ('845', '992', '6621', 'LGW', 'MCO', '01-16-17');
insert into Bid values ('846', '700', '2366', 'LGW', 'MUC', '01-15-17');
insert into Bid values ('847', '88', '561', 'LGW', 'ORD', '01-16-17');
insert into Bid values ('848', '965', '7980', 'LGW', 'KMG', '01-06-17');
insert into Bid values ('849', '725', '9382', 'LGW', 'DEN', '01-13-17');
insert into Bid values ('850', '217', '8596', 'LGW', 'IAH', '01-13-17');
insert into Bid values ('851', '577', '8630', 'LHR', 'FRA', '01-28-17');
insert into Bid values ('852', '895', '7132', 'LHR', 'HND', '01-13-17');
insert into Bid values ('853', '691', '3855', 'LGW', 'MIA', '01-12-17');
insert into Bid values ('854', '189', '5706', 'LHR', 'ORD', '01-18-17');
insert into Bid values ('855', '891', '1439', 'LHR', 'FRA', '01-06-17');
insert into Bid values ('856', '464', '3336', 'LGW', 'MCO', '01-26-17');
insert into Bid values ('857', '569', '4563', 'LGW', 'MCO', '01-08-17');
insert into Bid values ('858', '60', '3903', 'LHR', 'DME', '01-18-17');
insert into Bid values ('859', '822', '3216', 'LGW', 'SIN', '01-23-17');
insert into Bid values ('860', '851', '4951', 'LGW', 'PVG', '01-17-17');
insert into Bid values ('861', '778', '9159', 'LHR', 'DEN', '01-15-17');
insert into Bid values ('862', '234', '9308', 'LHR', 'SHA', '01-13-17');
insert into Bid values ('863', '677', '6495', 'LGW', 'DME', '01-19-17');
insert into Bid values ('864', '313', '3433', 'LHR', 'KMG', '01-14-17');
insert into Bid values ('865', '621', '3625', 'LGW', 'TSN', '01-25-17');
insert into Bid values ('866', '130', '3196', 'LGW', 'PVG', '01-04-17');
insert into Bid values ('867', '215', '4666', 'LHR', 'TSN', '01-15-17');
insert into Bid values ('868', '398', '7736', 'LHR', 'SZX', '01-26-17');
insert into Bid values ('869', '893', '6826', 'LHR', 'BKK', '01-22-17');
insert into Bid values ('870', '60', '1536', 'LHR', 'CLT', '01-19-17');
insert into Bid values ('871', '101', '4856', 'LGW', 'DME', '01-21-17');
insert into Bid values ('872', '469', '2344', 'LHR', 'TSN', '01-10-17');
insert into Bid values ('873', '721', '7379', 'LHR', 'PHX', '01-10-17');
insert into Bid values ('874', '128', '3222', 'LGW', 'HND', '01-23-17');
insert into Bid values ('875', '120', '7818', 'LGW', 'MUC', '01-21-17');
insert into Bid values ('876', '601', '1216', 'LGW', 'ORD', '01-04-17');
insert into Bid values ('877', '74', '3654', 'LHR', 'TPE', '01-23-17');
insert into Bid values ('878', '838', '3526', 'LHR', 'KMG', '01-01-17');
insert into Bid values ('879', '457', '6589', 'LGW', 'MCO', '01-26-17');
insert into Bid values ('880', '537', '1368', 'LGW', 'KMG', '01-31-17');
insert into Bid values ('881', '67', '5229', 'LGW', 'CAN', '01-21-17');
insert into Bid values ('882', '13', '3393', 'LHR', 'SZX', '01-12-17');
insert into Bid values ('883', '412', '7146', 'LHR', 'PEK', '01-07-17');
insert into Bid values ('884', '89', '2757', 'LGW', 'LGW', '01-26-17');
insert into Bid values ('885', '672', '6856', 'LHR', 'TSN', '01-25-17');
insert into Bid values ('886', '518', '4459', 'LHR', 'ORD', '01-30-17');
insert into Bid values ('887', '957', '4340', 'LGW', 'MAD', '01-21-17');
insert into Bid values ('888', '886', '4244', 'LGW', 'NRT', '01-04-17');
insert into Bid values ('889', '850', '207', 'LHR', 'PHX', '01-09-17');
insert into Bid values ('890', '448', '974', 'LHR', 'CLT', '01-12-17');
insert into Bid values ('891', '658', '3891', 'LHR', 'CTU', '01-03-17');
insert into Bid values ('892', '397', '5813', 'LHR', 'SZX', '01-02-17');
insert into Bid values ('893', '218', '7036', 'LHR', 'CAN', '01-08-17');
insert into Bid values ('894', '410', '9279', 'LHR', 'PHX', '01-11-17');
insert into Bid values ('895', '266', '2538', 'LGW', 'MCO', '01-28-17');
insert into Bid values ('896', '519', '2179', 'LGW', 'PEK', '01-11-17');
insert into Bid values ('897', '380', '6477', 'LHR', 'PEK', '01-12-17');
insert into Bid values ('898', '416', '4292', 'LHR', 'PEK', '01-02-17');
insert into Bid values ('899', '572', '605', 'LGW', 'CLT', '01-31-17');
insert into Bid values ('900', '415', '8503', 'LHR', 'CLT', '01-22-17');
insert into Bid values ('901', '557', '5075', 'LGW', 'YYZ', '01-12-17');
insert into Bid values ('902', '905', '9216', 'LGW', 'MNL', '01-13-17');
insert into Bid values ('903', '174', '9767', 'LGW', 'IAH', '01-04-17');
insert into Bid values ('904', '157', '4871', 'LHR', 'MNL', '01-20-17');
insert into Bid values ('905', '760', '3401', 'LHR', 'DEL', '01-29-17');
insert into Bid values ('906', '744', '3288', 'LHR', 'BOM', '01-19-17');
insert into Bid values ('907', '339', '9452', 'LHR', 'BKK', '01-25-17');
insert into Bid values ('908', '876', '2122', 'LHR', 'BOM', '01-21-17');
insert into Bid values ('909', '225', '9834', 'LHR', 'LGW', '01-08-17');
insert into Bid values ('910', '708', '5436', 'LGW', 'EWR', '01-30-17');
insert into Bid values ('911', '815', '9933', 'LGW', 'CLT', '01-29-17');
insert into Bid values ('912', '177', '3319', 'LGW', 'FRA', '01-22-17');
insert into Bid values ('913', '876', '3499', 'LHR', 'ORD', '01-11-17');
insert into Bid values ('914', '875', '7577', 'LGW', 'BKK', '01-08-17');
insert into Bid values ('915', '526', '5246', 'LGW', 'LHR', '01-30-17');
insert into Bid values ('916', '642', '5644', 'LHR', 'BKK', '01-30-17');
insert into Bid values ('917', '953', '1154', 'LHR', 'BOM', '01-28-17');
insert into Bid values ('918', '947', '2410', 'LHR', 'DEN', '01-22-17');
insert into Bid values ('919', '970', '1597', 'LHR', 'KMG', '01-30-17');
insert into Bid values ('920', '368', '5186', 'LHR', 'PHX', '01-24-17');
insert into Bid values ('921', '54', '7123', 'LGW', 'SZX', '01-13-17');
insert into Bid values ('922', '189', '3819', 'LGW', 'CLT', '01-07-17');
insert into Bid values ('923', '241', '7933', 'LHR', 'TPE', '01-06-17');
insert into Bid values ('924', '434', '10', 'LGW', 'MCO', '01-28-17');
insert into Bid values ('925', '45', '3386', 'LGW', 'LHR', '01-14-17');
insert into Bid values ('926', '113', '7343', 'LGW', 'MNL', '01-03-17');
insert into Bid values ('927', '206', '837', 'LGW', 'TPE', '01-21-17');
insert into Bid values ('928', '207', '3621', 'LHR', 'DEL', '01-29-17');
insert into Bid values ('929', '187', '3782', 'LGW', 'TPE', '01-11-17');
insert into Bid values ('930', '111', '4161', 'LHR', 'BKK', '01-12-17');
insert into Bid values ('931', '631', '1252', 'LHR', 'TPE', '01-18-17');
insert into Bid values ('932', '161', '8542', 'LGW', 'HND', '01-11-17');
insert into Bid values ('933', '600', '2467', 'LGW', 'EWR', '01-12-17');
insert into Bid values ('934', '841', '8696', 'LGW', 'LHR', '01-01-17');
insert into Bid values ('935', '5', '4914', 'LHR', 'CTU', '01-22-17');
insert into Bid values ('936', '35', '5648', 'LGW', 'IAH', '01-03-17');
insert into Bid values ('937', '612', '4959', 'LGW', 'LHR', '01-14-17');
insert into Bid values ('938', '864', '3654', 'LHR', 'PVG', '01-17-17');
insert into Bid values ('939', '152', '941', 'LHR', 'LGW', '01-07-17');
insert into Bid values ('940', '156', '2639', 'LGW', 'BOM', '01-08-17');
insert into Bid values ('941', '380', '3732', 'LHR', 'YYZ', '01-15-17');
insert into Bid values ('942', '866', '2803', 'LGW', 'IAH', '01-06-17');
insert into Bid values ('943', '796', '8495', 'LGW', 'ORD', '01-24-17');
insert into Bid values ('944', '261', '5549', 'LGW', 'EWR', '01-09-17');
insert into Bid values ('945', '402', '6558', 'LHR', 'HND', '01-17-17');
insert into Bid values ('946', '486', '181', 'LHR', 'DEL', '01-08-17');
insert into Bid values ('947', '392', '4119', 'LHR', 'KMG', '01-28-17');
insert into Bid values ('948', '150', '1764', 'LHR', 'SZX', '01-28-17');
insert into Bid values ('949', '488', '2852', 'LGW', 'MUC', '01-09-17');
insert into Bid values ('950', '62', '8007', 'LGW', 'MUC', '01-14-17');
insert into Bid values ('951', '555', '9021', 'LGW', 'CTU', '01-02-17');
insert into Bid values ('952', '402', '9812', 'LGW', 'DME', '01-26-17');
insert into Bid values ('953', '835', '7988', 'LGW', 'SZX', '01-20-17');
insert into Bid values ('954', '898', '3978', 'LGW', 'DME', '01-12-17');
insert into Bid values ('955', '966', '3873', 'LGW', 'SHA', '01-16-17');
insert into Bid values ('956', '247', '4023', 'LHR', 'SZX', '01-02-17');
insert into Bid values ('957', '821', '8232', 'LGW', 'HND', '01-20-17');
insert into Bid values ('958', '974', '3181', 'LHR', 'PVG', '01-27-17');
insert into Bid values ('959', '578', '7358', 'LGW', 'ORD', '01-06-17');
insert into Bid values ('960', '814', '5770', 'LGW', 'PEK', '01-05-17');
insert into Bid values ('961', '845', '455', 'LHR', 'MIA', '01-15-17');
insert into Bid values ('962', '234', '6326', 'LHR', 'KMG', '01-10-17');
insert into Bid values ('963', '551', '7844', 'LHR', 'MCO', '01-02-17');
insert into Bid values ('964', '736', '2355', 'LHR', 'PEK', '01-20-17');
insert into Bid values ('965', '348', '2667', 'LHR', 'TPE', '01-06-17');
insert into Bid values ('966', '853', '1730', 'LGW', 'BOM', '01-18-17');
insert into Bid values ('967', '979', '3990', 'LHR', 'MUC', '01-03-17');
insert into Bid values ('968', '668', '5744', 'LHR', 'NRT', '01-19-17');
insert into Bid values ('969', '139', '7984', 'LGW', 'EWR', '01-08-17');
insert into Bid values ('970', '126', '1506', 'LGW', 'PEK', '01-24-17');
insert into Bid values ('971', '961', '2725', 'LGW', 'DME', '01-17-17');
insert into Bid values ('972', '903', '877', 'LHR', 'BOM', '01-13-17');
insert into Bid values ('973', '104', '2684', 'LGW', 'LGW', '01-15-17');
insert into Bid values ('974', '395', '4710', 'LGW', 'MUC', '01-17-17');
insert into Bid values ('975', '727', '1012', 'LHR', 'MIA', '01-16-17');
insert into Bid values ('976', '20', '8966', 'LHR', 'MUC', '01-16-17');
insert into Bid values ('977', '354', '9691', 'LHR', 'CAN', '01-29-17');
insert into Bid values ('978', '135', '6695', 'LHR', 'LGW', '01-31-17');
insert into Bid values ('979', '569', '7491', 'LHR', 'BOM', '01-04-17');
insert into Bid values ('980', '813', '77', 'LHR', 'DEL', '01-28-17');
insert into Bid values ('981', '341', '9820', 'LGW', 'SZX', '01-26-17');
insert into Bid values ('982', '226', '60', 'LGW', 'SHA', '01-31-17');
insert into Bid values ('983', '329', '413', 'LHR', 'YYZ', '01-26-17');
insert into Bid values ('984', '241', '9493', 'LGW', 'TSN', '01-16-17');
insert into Bid values ('985', '584', '5637', 'LGW', 'EWR', '01-05-17');
insert into Bid values ('986', '949', '9719', 'LGW', 'CAN', '01-04-17');
insert into Bid values ('987', '338', '1107', 'LGW', 'TSN', '01-08-17');
insert into Bid values ('988', '336', '6744', 'LGW', 'SHA', '01-16-17');
insert into Bid values ('989', '558', '66', 'LGW', 'DEN', '01-30-17');
insert into Bid values ('990', '61', '295', 'LHR', 'LGW', '01-04-17');
insert into Bid values ('991', '122', '5525', 'LGW', 'DEN', '01-08-17');
insert into Bid values ('992', '298', '9760', 'LHR', 'BKK', '01-28-17');
insert into Bid values ('993', '519', '9731', 'LGW', 'ORD', '01-17-17');
insert into Bid values ('994', '931', '4110', 'LHR', 'DEN', '01-15-17');
insert into Bid values ('995', '808', '2746', 'LHR', 'LHR', '01-15-17');
insert into Bid values ('996', '93', '9009', 'LGW', 'HND', '01-06-17');
insert into Bid values ('997', '210', '5182', 'LGW', 'BOM', '01-14-17');
insert into Bid values ('998', '394', '6747', 'LGW', 'TPE', '01-27-17');
insert into Bid values ('999', '764', '8906', 'LGW', 'BOM', '01-19-17');
